gauge_id;gauge_department;gauge_lat;gauge_lon;gauge_elev;gauge_star;gauge_end;gauge_n;gauge_missing
11017010;Choco;606212.61;-8520155.73;78;19/05/1981;31/12/2022;14444;4.986
11027010;Choco;648220.64;-8480408.48;1499;1/01/1981;21/09/2001;7212;4.717
11027030;Choco;649335.35;-8477208.05;1568;1/01/1981;31/12/2022;14906;2.829
11035020;Choco;623335.42;-8542919.18;45;1/01/1981;16/07/2004;7559;12.084
11037020;Choco;595194.32;-8528547.98;71;1/01/1981;31/12/2022;14618;4.707
11047010;Choco;638534.93;-8534828.25;41;1/01/1981;31/12/2022;14012;8.657
11047030;Choco;645080.01;-8529203.91;57;1/01/1981;31/10/2022;13153;13.915
11057010;Choco;688774.22;-8540060.27;37;1/01/1981;15/07/2000;6219;12.85
11057020;Antioquia;696561.35;-8545085.11;39;1/01/1981;31/12/2022;14461;5.73
11077010;Choco;726845.53;-8558740.30;36;1/01/1981;31/12/2022;15201;0.906
11077020;Antioquia;697721.83;-8475639.56;1831;1/01/1981;31/12/2022;13224;13.794
11077030;Antioquia;732818.96;-8543848.45;36;1/01/1981;31/05/2001;6881;7.712
11117010;Antioquia;761929.65;-8476932.84;730;1/01/1981;9/05/2022;13375;11.447
11117050;Antioquia;777123.65;-8492378.42;392;1/01/1982;14/05/2016;12019;4.254
12017020;Antioquia;839818.41;-8539523.03;32;1/03/1981;31/12/2022;14438;5.517
12017060;Antioquia;873647.58;-8529586.96;36;2/01/1984;12/12/2012;10010;5.325
12017080;Antioquia;861181.84;-8533423.31;49;1/01/1981;30/09/2011;10617;5.459
12027010;Antioquia;910473.72;-8518620.45;133;1/01/1981;6/01/2022;12704;15.199
12027050;Antioquia;933730.02;-8529947.41;52;1/01/1981;31/12/2022;15166;1.134
12027060;Antioquia;901755.60;-8537333.00;29;1/01/1987;30/04/2011;8207;7.641
12037010;Antioquia;961258.00;-8509911.24;32;1/07/1981;31/12/1994;4402;10.746
13017010;Cordoba;871769.56;-8492895.13;127;1/01/1981;31/07/1998;5782;9.952
13017020;Cordoba;869275.42;-8488689.57;187;1/01/1981;18/11/1998;6323;3.185
13037010;Cordoba;886222.98;-8486810.23;157;1/01/1981;28/10/1995;5107;5.67
13037040;Cordoba;905485.87;-8470918.50;60;1/01/1993;31/12/2022;9451;13.745
13047030;Cordoba;908415.53;-8467473.78;55;1/01/1992;31/12/2010;5978;13.862
13047040;Cordoba;900196.22;-8474523.08;64;1/01/1991;31/12/2010;6446;11.759
13067020;Cordoba;971947.97;-8448128.79;39;1/01/1981;31/12/2022;15051;1.884
15017020;Magdalena;1255256.04;-8231136.31;62;1/01/1981;31/12/2018;12598;9.23
15037010;La Guajira;1247071.11;-8177675.13;79;1/01/1981;31/12/2022;13598;11.356
15037020;Magdalena;1250576.35;-8189529.72;1;1/01/1981;31/12/2022;14659;4.439
15037030;La Guajira;1247879.18;-8171221.69;24;1/06/1990;31/12/2020;9281;16.926
15067150;La Guajira;1215672.48;-8104547.50;144;4/11/2008;30/11/2021;4388;8.105
16017020;Norte De Santander;852688.62;-8082404.20;727;1/01/1981;31/12/2022;15248;0.6
16027010;Norte De Santander;862558.53;-8106348.38;914;1/01/1988;31/12/2022;11500;10.044
16027020;Norte De Santander;911269.23;-8075965.81;72;1/01/1988;31/12/2001;4875;4.673
16027100;Norte De Santander;877275.03;-8085848.70;252;1/01/1981;31/12/2022;14618;4.707
16027120;Norte De Santander;869203.35;-8087261.18;279;1/01/1981;30/12/2013;10660;11.55
16027280;Norte De Santander;896338.60;-8080245.10;117;1/01/1993;1/11/2021;9414;10.615
16027300;Norte De Santander;835866.25;-8100846.13;1302;15/11/2004;31/12/2022;6505;1.752
16037010;Norte De Santander;945351.15;-8092710.53;48;1/01/1981;31/12/2022;14483;5.587
16037020;Norte De Santander;942058.69;-8085258.30;45;1/01/1981;23/12/2022;14472;5.609
16037030;Norte De Santander;899093.44;-8103471.41;259;1/01/1981;31/12/2022;14528;5.293
16037040;Norte De Santander;954655.87;-8104634.90;71;1/01/1981;30/09/2017;10820;19.386
16037050;Norte De Santander;928613.71;-8080194.99;64;1/01/1984;31/07/2022;13627;3.3
16047010;Norte De Santander;892328.64;-8135535.33;1428;1/01/1981;31/12/2022;15300;0.261
16047030;Norte De Santander;913586.36;-8131888.80;1071;1/01/1981;23/10/1999;6631;3.479
16057020;Norte De Santander;892486.85;-8147656.55;1405;1/01/1981;8/12/2006;9225;2.618
16057030;Norte De Santander;909616.62;-8161750.26;1236;1/01/1981;18/04/2022;13275;11.987
16057040;Norte De Santander;947766.81;-8153406.49;358;1/01/1981;31/12/2017;13013;3.707
16057050;Norte De Santander;893135.76;-8150710.57;1399;1/01/1981;20/09/2001;6556;13.372
16067010;Norte De Santander;999745.65;-8115190.88;40;1/01/1981;31/12/2017;11798;12.698
16067020;Norte De Santander;962785.55;-8120668.83;118;1/01/1981;31/12/2000;7027;3.806
21017020;Huila;206841.84;-8486064.13;1324;1/01/1981;31/12/2022;15273;0.437
21017040;Huila;219878.66;-8461620.23;1014;1/01/1981;31/12/2022;15251;0.58
21017050;Huila;204469.37;-8466119.39;1276;1/01/1981;31/12/2021;14858;0.781
21017060;Huila;210683.34;-8504932.78;1686;1/09/1991;31/10/2022;11031;3.101
21027010;Huila;227076.67;-8443793.65;852;1/01/1981;31/12/2022;15212;0.834
21037010;Huila;223955.18;-8435527.50;923;1/01/1981;31/12/2022;14550;5.15
21047010;Huila;246905.03;-8421158.68;711;1/01/1981;31/12/2014;12379;0.314
21057040;Cauca;282877.43;-8467540.53;1556;1/01/1981;23/02/1994;4802;0
21057050;Huila;257869.91;-8453843.32;1156;1/01/1981;31/12/2022;14770;3.716
21057060;Huila;272097.45;-8433564.62;840;1/01/1981;31/12/2022;14376;6.284
21057070;Cauca;284535.47;-8457197.27;1261;1/01/1981;30/04/1994;4794;1.52
21057080;Huila;256284.67;-8456949.22;1299;1/01/1981;31/10/2022;14796;3.161
21057110;Cauca;248860.02;-8474585.85;1761;1/01/1994;31/12/2022;10231;3.408
21057120;Cauca;260100.76;-8494983.94;3291;9/12/2000;31/12/2022;7063;12.348
21087070;Huila;290903.47;-8410957.44;618;1/01/1981;31/12/2022;14301;6.773
21087080;Huila;292485.22;-8408988.37;599;1/07/1983;31/12/2022;13859;3.95
21097070;Huila;325522.14;-8383306.96;448;1/01/1981;15/02/2022;14571;2.996
21097120;Huila;301808.31;-8393087.62;499;1/01/1994;9/02/2021;9677;2.272
21107020;Huila;283872.80;-8390626.22;802;1/01/1981;31/12/2022;13394;12.686
21127020;Huila;326810.83;-8406965.45;905;1/01/1981;31/10/2021;13423;9.997
21137010;Tolima;425983.64;-8341812.62;311;1/01/1981;31/12/2022;15242;0.639
21137020;Tolima;427340.36;-8344005.91;325;1/01/1981;31/12/2022;13754;10.339
21137030;Huila;361047.81;-8376899.91;390;1/01/1981;31/12/2022;14454;5.776
21137050;Tolima;380607.30;-8362320.15;405;1/01/1981;19/11/2021;14417;3.455
21147010;Huila;372797.20;-8362216.53;396;1/01/1981;31/08/2022;14607;4.015
21147030;Huila;368148.75;-8334147.04;666;1/01/1981;31/08/2021;14622;1.555
21167020;Tolima;415424.26;-8337860.68;325;1/01/1981;31/10/2002;7551;5.305
21167050;Tolima;449241.94;-8314261.05;469;1/01/1981;31/12/2022;14998;2.229
21167080;Tolima;412205.08;-8329641.69;415;1/10/1991;28/02/2021;10483;2.429
21167090;Tolima;443887.13;-8317684.13;450;1/08/1992;31/12/2019;9845;1.688
21167100;Tolima;430875.58;-8322795.54;411;6/04/1998;23/04/2010;4244;3.567
21187020;Tolima;467328.75;-8371012.34;751;1/01/1981;28/02/2021;14333;2.291
21187030;Tolima;468388.27;-8359283.60;585;1/01/1981;28/02/2021;13810;5.856
21197010;Cundinamarca;443957.95;-8293796.82;1809;1/01/1981;31/12/2022;14999;2.223
21197030;Tolima;463974.72;-8293382.46;711;1/01/1981;31/12/2022;13777;10.189
21197110;Cundinamarca;487351.01;-8280534.34;1474;1/01/1981;31/12/2022;14936;2.634
21197150;Tolima;468443.71;-8306722.25;352;1/01/1981;31/12/2019;13192;7.386
21207960;Cundinamarca;493096.76;-8305383.32;387;1/01/1981;28/12/2015;11588;9.327
21217180;Tolima;496113.06;-8380805.37;1471;1/01/1981;31/12/2020;14211;2.731
21217200;Tolima;475990.10;-8371955.47;889;1/01/1985;30/06/2022;12932;5.571
21217280;Tolima;491065.83;-8398603.50;1921;1/01/1993;20/04/2019;8313;13.46
21237010;Cundinamarca;485656.63;-8330969.80;258;1/01/1981;31/12/2022;15308;0.209
21237020;Cundinamarca;576056.13;-8318639.62;237;1/01/1981;31/12/2014;12360;0.467
21247040;Tolima;519409.28;-8344301.85;522;1/01/1988;28/02/2003;5119;7.566
21247050;Tolima;519409.28;-8344301.85;522;1/01/1981;13/11/2008;9863;3.104
21257070;Tolima;555794.68;-8336815.62;282;1/01/1981;31/12/2022;14236;7.197
21257100;Tolima;530841.18;-8345838.68;517;1/01/1981;31/12/2020;13815;5.441
21257110;Tolima;567537.59;-8338377.18;373;1/01/1990;31/12/2019;10724;2.126
21257120;Tolima;546945.60;-8358958.92;1210;1/01/1988;31/12/2019;10686;8.573
22017010;Tolima;384139.90;-8423205.72;756;1/01/1981;30/01/2018;13332;1.565
22017020;Tolima;380438.06;-8425391.92;814;1/01/1981;31/12/2020;13779;5.688
22017030;Tolima;384253.76;-8423051.12;764;1/01/1985;23/05/2019;12315;1.958
22027010;Tolima;368231.83;-8417213.03;761;1/01/1981;31/12/2022;14550;5.15
22027020;Tolima;345835.25;-8421953.38;1211;1/01/1981;31/12/2022;15082;1.682
22057010;Tolima;432507.31;-8360458.64;350;1/01/1981;31/12/2020;14039;3.908
22057040;Tolima;406550.78;-8383031.76;425;1/01/1981;28/02/2021;14246;2.884
22057050;Tolima;383210.58;-8407209.73;581;1/01/1981;31/12/2022;14297;6.799
22057060;Tolima;385189.24;-8400944.92;538;1/01/1981;31/12/2022;13509;11.936
22057070;Tolima;419389.63;-8371522.56;366;1/01/1984;30/07/2022;13042;7.444
22057080;Tolima;407848.70;-8382631.29;428;1/11/1984;31/10/2002;6571;0.046
22057090;Tolima;416449.87;-8377020.51;399;1/01/1985;19/03/2009;8775;0.78
22067010;Tolima;434080.57;-8369339.46;373;1/01/1986;29/01/2018;11275;3.772
22077050;Tolima;459333.50;-8383025.57;770;29/09/1992;28/02/2021;9524;8.247
22077060;Tolima;461658.70;-8379519.01;699;1/01/1981;31/12/2020;13522;7.447
23017020;Tolima;575764.63;-8326227.20;279;1/01/1981;30/09/2022;14646;3.948
23017030;Tolima;576219.60;-8320142.43;213;1/01/1981;13/03/2005;8267;6.461
23017040;Tolima;576199.68;-8339101.63;531;27/01/1987;31/07/2021;11926;5.387
23037010;Cundinamarca;605737.47;-8311354.38;187;1/01/1981;31/12/2022;15291;0.319
23057140;Antioquia;634777.77;-8318441.72;188;1/01/1981;31/12/2022;15265;0.489
23067020;Cundinamarca;605718.95;-8303698.07;316;1/01/1981;17/11/2018;13493;2.472
23067040;Cundinamarca;637911.30;-8307968.41;172;1/04/1981;31/12/2022;13881;8.977
23067050;Cundinamarca;574911.83;-8301419.11;447;1/01/1981;31/12/2021;13596;9.209
23067060;Cundinamarca;567494.41;-8287408.32;668;1/01/1981;30/06/2021;14517;1.852
23067080;Cundinamarca;581964.51;-8276228.30;966;1/01/1981;31/12/2019;12714;10.741
23077020;Antioquia;668761.16;-8308676.52;151;1/01/1981;31/12/2007;9721;1.42
23087150;Antioquia;680632.86;-8391257.03;2108;1/01/1981;15/02/2022;13327;11.278
23087160;Antioquia;721155.26;-8333968.31;824;1/01/1981;31/12/2022;13798;10.052
23087180;Antioquia;706438.93;-8366912.08;1650;1/01/1981;29/12/2011;11139;1.599
23087200;Antioquia;661864.13;-8362001.65;825;1/01/1981;31/12/2022;14300;6.78
23087210;Antioquia;695383.94;-8312594.35;170;1/01/1981;31/12/2022;14283;6.89
23087260;Antioquia;683462.90;-8388749.25;2100;1/01/1994;31/12/2022;10522;0.661
23087300;Antioquia;680789.42;-8390839.75;2106;1/01/1994;31/12/2011;6196;5.75
23087660;Antioquia;683880.00;-8386572.34;2107;1/01/1994;30/09/2011;6443;0.602
23087670;Antioquia;684834.71;-8389748.03;2099;1/01/1994;31/12/2022;10502;0.85
23087830;Antioquia;686889.40;-8386151.80;2099;1/01/1994;27/01/2015;7618;1.026
23097030;Antioquia;718646.13;-8282299.99;110;1/01/1981;31/12/2022;15216;0.808
23107020;Antioquia;745770.49;-8283669.79;149;1/01/1981;31/12/2022;14917;2.757
23107030;Antioquia;735844.03;-8335096.35;1005;1/01/1981;30/11/2022;15075;1.529
23107040;Antioquia;750622.15;-8326428.89;983;1/01/1981;31/12/2022;14724;4.016
23127010;Boyacá;625705.31;-8243767.98;447;1/01/1981;31/12/2021;13712;8.434
23127020;Santander;722556.18;-8247916.72;105;1/01/1981;31/12/2022;14472;5.658
23127060;Santander;697402.51;-8248165.59;141;1/01/1981;31/12/2022;14569;5.026
23147020;Santander;750729.63;-8230864.08;86;1/01/1981;31/12/2022;14933;2.653
23157080;Santander;798792.90;-8229478.89;69;1/01/1981;31/12/2001;6276;18.175
23187040;Santander;820642.51;-8179415.36;104;1/01/1981;31/12/1995;5357;2.209
23187240;Santander;833789.64;-8189983.51;78;1/01/1984;31/12/1995;4229;3.514
23187250;Santander;837105.49;-8191580.03;72;1/01/1981;31/12/1995;4983;9.036
23187300;Santander;832714.60;-8177586.76;93;1/01/1981;31/12/1995;5417;1.114
23197130;Santander;808623.55;-8142193.87;755;1/01/1981;31/12/2022;15185;1.01
23197290;Santander;794957.25;-8142839.01;613;1/01/1981;26/05/2010;10647;0.847
23197410;Cesar;852325.95;-8182972.08;73;1/01/1981;31/12/2022;13881;9.511
23197690;Santander;772381.30;-8141612.17;852;1/01/2002;31/12/2022;7056;8.005
23197700;Santander;793839.10;-8136681.73;828;1/01/2002;31/12/2022;6875;10.365
23207010;Bolivar;894051.29;-8246362.03;546;1/01/1981;30/04/1993;4322;4.02
23207060;Bolivar;952713.53;-8219089.07;36;1/01/1981;31/01/1996;4538;17.626
24017150;Cundinamarca;587167.62;-8221071.70;2662;1/01/1981;30/12/2022;14957;2.49
24017570;Santander;677836.94;-8181240.44;1048;1/01/1981;31/12/2022;14602;4.811
24017590;Santander;650577.38;-8201784.88;1610;1/01/1981;29/12/2022;14424;5.959
24017600;Boyacá;651310.84;-8189683.76;1686;1/01/1981;31/12/2022;14526;5.306
24017610;Cundinamarca;590029.81;-8204215.55;2586;1/01/1981;31/12/2019;14020;1.573
24017740;Boyacá;628872.34;-8186673.45;2130;17/05/1986;1/03/2021;12295;3.25
24017820;Boyacá;629202.78;-8180292.18;2435;1/01/1988;26/10/2013;9216;2.28
24027010;Santander;725494.34;-8140577.91;1123;1/01/1981;31/12/2022;14410;6.063
24027030;Santander;690195.60;-8145432.67;1325;1/01/1981;31/12/2022;14416;6.023
24027040;Santander;723528.47;-8127207.79;1601;1/01/1981;31/12/2022;15261;0.515
24027050;Santander;696375.93;-8140361.45;1276;1/01/1981;31/12/2022;14581;4.948
24027060;Santander;717919.62;-8134517.18;1231;1/01/1981;31/12/2022;15037;1.975
24027070;Santander;713958.71;-8143482.93;1195;1/01/1981;31/12/2022;14590;4.889
24037010;Santander;766230.55;-8126570.20;1172;1/01/1981;31/12/2006;7979;15.975
24037030;Boyacá;629298.33;-8152053.09;2571;1/01/1981;27/09/2021;14109;5.181
24037040;Boyacá;715177.51;-8059871.28;2831;1/01/1981;31/12/2020;13154;9.966
24037070;Boyacá;635984.85;-8148537.25;2558;1/01/1981;31/12/2019;13026;8.551
24037130;Boyacá;636756.66;-8147461.16;2547;1/01/1981;30/12/2022;13991;8.788
24037290;Boyacá;637985.39;-8115917.55;2498;1/01/1981;31/12/2022;15181;1.037
24037370;Santander;708883.86;-8105973.01;1829;1/01/1981;31/08/2022;14658;3.68
24037390;Santander;721818.76;-8092244.11;1103;1/01/1981;31/12/2015;12189;4.647
24037410;Boyacá;666280.46;-8104634.38;2611;1/01/1981;31/08/2022;14474;4.889
24037460;Boyacá;636886.32;-8118901.53;2497;1/01/1981;31/12/2001;7285;5.02
24037580;Boyacá;617955.08;-8150058.62;2691;1/03/1991;28/06/2022;10309;9.91
24040060;Santander;732220.30;-8156803.76;549;1/01/1981;16/02/2006;9032;1.591
24067010;Santander;780311.52;-8164264.22;199;1/01/1984;31/12/2010;9176;6.956
24067020;Santander;802013.48;-8214724.30;77;1/08/1992;31/12/2022;10742;3.312
25027050;Antioquia;891616.11;-8343698.56;44;1/01/1981;31/12/2022;14225;7.269
26017020;Cauca;272936.76;-8532005.07;1691;1/01/1981;31/12/2006;9235;2.749
26017040;Cauca;270738.58;-8517496.43;2006;1/01/1981;31/12/2022;14976;2.373
26017060;Cauca;243324.01;-8515941.05;3016;1/01/1981;18/04/2022;14657;2.824
26017070;Cauca;242140.60;-8513918.74;2999;1/01/1981;31/10/2022;14251;6.728
26027090;Cauca;290182.09;-8500195.52;2586;1/01/1981;31/10/2022;15102;1.158
26027100;Cauca;290458.82;-8518390.07;1802;1/01/1981;31/12/2022;15253;0.567
26027200;Cauca;280592.21;-8522447.05;1759;1/01/1981;31/12/2022;13977;8.885
26027210;Cauca;336087.35;-8517255.23;1022;1/01/1981;31/07/2021;13168;11.159
26027250;Cauca;335945.86;-8524760.02;1035;1/01/1981;31/12/2019;13744;3.51
26037010;Cauca;278144.88;-8552824.90;1628;1/01/1981;31/01/2021;14385;1.749
26047020;Cauca;338738.80;-8499107.07;1102;1/01/1981;31/12/2019;13353;6.255
26057040;Valle Del Cauca;344844.73;-8529747.75;1022;1/01/1981;31/12/2022;15285;0.359
26127040;Risaralda;526683.09;-8449065.86;938;1/01/1981;31/12/2022;15085;1.662
26137110;Risaralda;528433.84;-8419433.23;1603;1/01/1981;24/05/2017;12951;2.573
26137120;Risaralda;538369.22;-8418334.51;1699;1/01/1981;31/10/1994;5044;0.158
26147130;Risaralda;559405.54;-8454427.75;1108;1/01/1981;11/07/2019;13178;6.346
26147140;Caldas;552245.66;-8444575.98;947;1/01/1981;31/12/2016;12873;2.099
26157020;Caldas;567657.86;-8423678.83;855;1/01/1981;31/12/2014;11570;6.829
26157100;Caldas;566828.27;-8411826.40;1177;1/01/1990;10/03/2005;5140;7.354
26167070;Caldas;583372.67;-8422899.60;833;1/01/1981;31/12/2022;14480;5.606
26167080;Caldas;583963.19;-8421645.19;791;1/01/1988;30/09/2008;6960;8.167
26167090;Caldas;593148.83;-8403826.86;1453;1/01/1988;13/05/2011;7683;9.972
26177010;Caldas;603876.79;-8421693.64;1187;1/01/1981;31/12/2010;9906;9.592
26177030;Risaralda;541652.09;-8447222.91;928;1/01/1981;31/12/2022;15298;0.274
26187110;Caldas;635107.20;-8415597.66;606;1/01/1981;31/12/2022;15202;0.9
26197010;Antioquia;629255.11;-8446431.30;1235;1/01/1981;31/08/2015;11989;5.308
26197030;Antioquia;651425.26;-8450074.54;667;1/01/1981;31/05/2015;12013;4.424
26207030;Antioquia;645772.06;-8427497.71;592;1/01/1981;31/12/2020;13347;8.645
26207080;Antioquia;661342.17;-8442470.18;559;1/01/1981;30/12/2020;14533;0.52
26217010;Antioquia;726418.84;-8445163.49;660;1/01/1981;31/12/2022;14226;7.262
26237020;Antioquia;716138.94;-8433153.36;578;1/01/1981;31/12/2017;12817;5.158
26237040;Antioquia;807977.96;-8393125.03;142;1/01/1981;29/12/2022;14023;8.573
26237100;Antioquia;736434.71;-8440930.26;479;1/01/1984;25/08/1999;5329;6.77
26247020;Antioquia;883054.33;-8371225.71;49;1/01/1981;31/12/2022;15220;0.782
26247030;Antioquia;828432.92;-8385469.35;113;1/01/1981;7/06/2021;13971;5.397
27027060;Antioquia;769259.95;-8391355.98;1784;1/01/1981;31/12/2022;14562;5.072
27027080;Antioquia;798607.13;-8384463.45;624;1/01/1981;31/07/2005;8169;9.011
27037010;Antioquia;891088.62;-8325451.75;41;1/01/1981;31/12/2022;14984;2.321
28017080;La Guajira;1203562.45;-8132454.68;283;1/01/1981;31/12/2020;13624;6.749
28027160;Cesar;1069475.76;-8198215.84;42;1/01/1981;31/05/2012;10568;7.896
28037030;Cesar;1154638.00;-8152201.52;108;1/01/1981;31/12/2022;14037;8.494
28037060;Cesar;1121412.15;-8207898.37;123;1/01/1981;31/12/2022;14282;6.897
29037020;Bolivar;1139995.78;-8339131.68;8;1/01/1981;29/12/2022;15265;0.476
29067040;Magdalena;1204901.19;-8251062.50;43;1/01/1981;12/12/2019;13383;5.919
29067060;Magdalena;1167671.00;-8252484.92;60;1/01/1981;31/01/2003;7165;11.17
29067070;Magdalena;1213303.94;-8254797.89;34;1/01/1981;31/12/2022;12924;15.75
29067120;Magdalena;1170286.31;-8257992.14;49;1/01/1981;31/12/2017;12671;6.238
29067130;Magdalena;1176644.04;-8258315.37;36;1/01/1981;31/12/2022;14267;6.995
29067150;Magdalena;1175740.43;-8251694.12;70;1/01/1981;31/12/2022;14178;7.575
31097010;Guainía;438227.83;-7550801.06;89;19/02/1987;31/12/2022;12755;2.634
31097020;Guainía;427993.95;-7562121.63;75;1/05/1984;12/12/2022;12900;8.543
32037030;Meta;241734.86;-8214515.69;241;6/02/1983;31/12/2022;13992;3.993
32067030;Meta;419655.84;-8229079.62;679;1/01/1994;31/12/2015;7581;5.65
32077070;Meta;329161.51;-8201656.07;246;6/03/1981;31/12/2022;14454;5.381
32077080;Meta;325292.99;-8150001.92;226;1/01/1981;31/12/2022;14833;3.305
32077110;Meta;372360.92;-8240867.32;504;1/12/1983;31/12/2019;12313;6.578
32107010;Guaviare;284149.52;-8098616.64;195;25/02/1983;29/10/2022;13457;7.142
32157040;Guainía;378391.79;-7780119.21;130;1/01/1992;31/12/2019;9785;4.322
32157060;Guainía;396150.11;-7747599.92;109;1/05/1984;31/12/2022;13238;6.273
32207010;Vichada;441553.17;-7608686.89;91;1/06/1984;31/12/2022;11753;16.604
33077010;Vichada;539154.99;-7609800.39;103;1/01/1990;31/12/2022;9767;18.966
35017020;Meta;454081.86;-8119241.05;185;1/01/1981;31/12/2012;11587;0.864
35017040;Meta;414923.08;-8146335.60;217;1/01/1981;31/12/2022;13461;12.249
35027100;Cundinamarca;490224.84;-8238757.70;1901;1/01/1981;31/12/2019;12883;9.555
35027130;Cundinamarca;458754.74;-8242681.72;1972;1/01/1987;31/12/2001;5069;7.483
35027140;Meta;448145.45;-8211417.67;546;1/01/1981;14/06/1994;4869;0.896
35027190;Cundinamarca;477607.84;-8222576.94;1320;1/01/1981;28/12/2013;11062;8.199
35027200;Cundinamarca;465773.38;-8217094.60;946;1/01/1981;30/06/2003;7799;5.075
35027210;Meta;464310.43;-8211915.15;889;1/01/1981;31/08/2013;9873;17.249
35057010;Cundinamarca;486949.08;-8158880.67;314;1/01/1981;29/04/2010;9694;9.495
35067010;Cundinamarca;533097.18;-8172999.58;1921;1/01/1981;31/08/2022;14889;2.162
35067040;Cundinamarca;528975.86;-8191756.83;1636;1/01/1981;17/07/1992;4151;1.542
35067050;Cundinamarca;531281.97;-8196367.53;1750;1/01/1995;30/09/2010;5469;4.92
35067090;Cundinamarca;520836.35;-8179276.87;1718;1/01/1981;31/08/2022;14030;7.807
35077080;Boyacá;551835.69;-8177876.75;1366;1/01/1981;31/12/2022;14810;3.455
35077090;Boyacá;596332.79;-8166580.28;2085;15/01/1986;31/12/2022;10923;19.089
35077120;Boyacá;559895.84;-8169774.54;1329;1/01/1981;31/08/2022;13268;12.814
35077140;Cundinamarca;559103.34;-8184985.11;1591;8/06/1981;31/08/2022;12225;18.825
35087010;Boyacá;537980.46;-8152306.65;472;1/01/1981;31/12/2022;12804;16.532
35087020;Boyacá;562754.46;-8133938.94;857;1/01/1981;31/12/2022;13855;9.681
35087030;Boyacá;564755.77;-8154333.59;1712;1/01/1981;31/08/2022;13959;8.273
35087040;Boyacá;555444.70;-8150455.97;1211;1/01/1981;31/08/2022;13198;13.274
35097010;Boyacá;607770.78;-8119022.70;3042;1/01/1981;31/12/2019;11408;19.91
35097080;Boyacá;562618.77;-8130126.24;725;1/01/1986;31/12/2022;12192;9.782
35097090;Casanare;543036.32;-8131622.87;428;11/03/1981;12/12/2014;11646;5.547
35097100;Boyacá;581339.88;-8120756.85;1476;15/03/1986;31/12/2001;5453;5.51
35107030;Meta;473704.55;-8102945.73;174;1/05/1981;31/12/2022;14431;5.184
35117010;Meta;479249.12;-8058417.94;156;1/01/1981;31/12/2022;15173;1.089
35127010;Meta;477203.74;-8023528.55;160;1/01/1981;31/12/2022;13877;9.537
35127020;Meta;480419.68;-8032409.38;149;1/01/1981;19/06/2022;13462;11.113
35197020;Boyacá;609863.24;-8099027.91;2869;1/01/1981;30/06/2021;14294;3.36
35197030;Casanare;573533.15;-8078276.10;301;1/01/1981;24/07/2022;12608;16.943
35197040;Casanare;582058.60;-8069098.42;299;1/01/1981;30/07/2019;12203;13.392
35197050;Boyacá;603204.12;-8093397.00;2205;1/01/1982;19/07/2022;14422;2.62
35197190;Boyacá;585056.95;-8093143.43;833;1/06/1999;31/12/2022;7267;15.647
35217030;Casanare;602213.64;-8065678.44;486;1/04/1982;13/11/2020;12102;14.213
35217060;Casanare;613606.59;-8040798.54;291;1/01/1983;31/12/2022;13522;7.447
35257040;Vichada;685091.16;-7618869.84;60;11/02/1983;30/11/2022;13303;8.495
35267030;Vichada;583653.38;-7870909.53;114;1/01/1998;31/12/2022;7908;13.394
35267080;Vichada;641332.12;-7791251.16;84;1/01/1984;31/12/2022;13122;7.883
36027050;Arauca;697559.54;-7813997.44;101;1/01/1994;31/12/2022;9906;6.477
37017040;Norte De Santander;798679.97;-8085791.84;1878;1/01/1981;31/12/2019;12793;10.187
37017050;Norte De Santander;801375.27;-8064642.55;1171;1/01/1981;31/12/2014;12263;1.248
37027010;Norte De Santander;797929.05;-8062289.38;1082;1/01/1981;31/12/2022;12320;19.687
37037010;Boyacá;779828.68;-8031991.93;359;1/01/1981;31/12/2022;13228;13.768
37057020;Arauca;779878.20;-7950036.05;153;29/07/1998;31/12/2017;6694;5.665
42067010;Vaupes;99759.68;-7878771.04;196;1/02/1990;31/12/2020;10395;7.944
42077010;Vaupes;134366.64;-7872706.61;186;1/01/1990;31/12/2020;10840;4.266
42077020;Vaupes;139334.97;-7819081.03;183;1/01/1990;31/12/2020;11173;1.325
44017050;Cauca;188557.34;-8531927.76;2288;1/01/1983;15/09/2022;14487;0.11
44017060;Cauca;208360.61;-8537326.44;2906;1/03/1981;12/09/2022;14647;3.454
44017090;Cauca;188557.34;-8529794.14;1939;1/01/1982;12/09/2022;14594;1.823
44017110;Putumayo;116210.95;-8521383.33;374;1/05/1983;31/12/2022;14261;1.58
44017140;Cauca;158442.03;-8513587.88;875;1/07/1997;31/07/2015;5998;9.19
44037050;Caqueta;172861.61;-8407883.83;262;1/01/1981;31/12/2022;14723;4.022
44037060;Caqueta;179283.57;-8417893.31;293;1/01/1981;4/04/2018;12471;8.355
44037080;Caqueta;165701.06;-8429683.56;268;1/01/1981;31/12/2019;13224;7.161
44037090;Caqueta;164090.69;-8405339.03;248;1/01/1981;10/08/2015;10867;14.027
44037100;Caqueta;168943.19;-8402677.90;257;1/01/1981;31/05/2022;14604;3.451
46017010;Caqueta;233604.92;-8323593.33;282;1/12/1984;31/10/2021;11552;14.328
47017020;Nariño;109501.76;-8589311.66;2809;1/01/1981;19/05/2022;14781;2.203
47017100;Putumayo;123451.81;-8569250.71;2093;1/01/1981;31/12/2019;13620;4.381
47017110;Nariño;88723.33;-8605666.34;1623;1/04/1981;31/12/2015;10169;19.885
47017130;Nariño;97677.86;-8588298.71;2307;1/01/1988;19/07/2001;4686;5.314
47017150;Putumayo;86985.31;-8524729.09;328;1/06/1981;31/03/2021;13215;9.169
47017160;Putumayo;64432.14;-8524506.46;277;1/04/1982;31/12/2022;14235;4.367
47030010;Putumayo;43723.26;-8497700.11;261;1/01/1983;31/07/1999;5663;6.489
47077010;Amazonas;-159753.98;-8102899.35;126;18/05/1991;30/09/2015;7380;17.097
51027020;Nariño;133371.77;-8681265.95;1239;1/01/1981;29/12/2022;14635;4.583
51027030;Nariño;133983.28;-8694863.84;774;1/01/1981;31/12/2002;7934;1.257
51027060;Nariño;157461.91;-8757535.26;40;1/01/1981;31/12/2022;14688;4.25
52017010;Nariño;176309.17;-8619397.05;466;1/01/1981;31/12/2004;8664;1.164
52017030;Cauca;237545.36;-8576795.70;625;1/01/1981;31/12/2019;11626;18.38
52017060;Cauca;217060.39;-8593753.37;584;1/01/1995;31/12/2011;5097;17.909
52017070;Cauca;245168.30;-8578001.66;819;1/01/1995;31/08/2021;9205;5.493
52017080;Cauca;218120.70;-8594977.88;614;1/01/1995;31/08/2021;9345;4.055
52017100;Cauca;260624.31;-8554751.35;935;1/01/1995;18/02/2018;8262;2.225
52017110;Cauca;257528.68;-8554704.97;918;1/01/1995;12/02/2017;7773;3.788
52017120;Cauca;244276.89;-8572590.30;653;1/01/1995;31/12/2020;9111;4.064
52017130;Cauca;245321.99;-8572095.54;654;1/01/1995;31/08/2021;9443;3.049
52027010;Cauca;226326.74;-8571940.93;742;1/09/1992;31/12/2022;10684;3.565
52027030;Cauca;238510.50;-8560357.52;945;1/01/1995;31/07/2022;9341;7.276
52037010;Nariño;184206.18;-8573239.66;1692;1/01/1981;31/12/2022;13989;8.807
52047010;Nariño;136633.93;-8604221.04;2521;1/04/1981;31/07/2021;14265;3.17
52047020;Nariño;167813.27;-8606146.94;794;1/01/1981;31/12/2019;12276;13.816
52057030;Nariño;174109.12;-8620800.91;468;1/01/1981;31/12/2010;9114;16.82
52057040;Nariño;93237.62;-8647937.56;2858;1/01/1981;31/12/2022;14894;2.907
52057050;Nariño;152939.27;-8625287.71;780;1/01/1981;23/11/2022;14591;4.646
52057060;Nariño;149772.38;-8636496.87;1411;1/01/1981;31/07/2021;14122;4.723
52067010;Nariño;186365.03;-8678441.69;119;1/01/1981;20/12/2006;9047;4.618
52067040;Nariño;154881.05;-8657100.34;796;1/01/1986;31/12/2007;7922;1.406
53047010;Cauca;277339.36;-8648773.03;26;1/01/1988;31/12/2022;11723;8.299
53077010;Cauca;309281.28;-8599439.77;72;1/01/1981;31/12/2013;11452;4.986
53077020;Cauca;331169.11;-8626301.95;27;1/01/1990;30/06/2022;11161;5.965
53077060;Cauca;323024.77;-8596502.34;131;1/01/1991;28/02/2021;9302;15.567
54017040;Choco;583017.93;-8522926.34;93;1/01/1981;31/12/2022;13673;10.867
54027030;Choco;539438.60;-8556517.00;45;1/01/1981;24/11/2008;9270;9.028
54057010;Choco;516962.23;-8563808.43;82;1/01/1981;29/07/2015;10816;14.349
54077010;Valle Del Cauca;450365.90;-8580991.83;28;1/01/1981;29/03/2021;13085;10.974
54077030;Valle Del Cauca;448034.30;-8574076.57;26;1/01/1981;30/03/2000;6520;7.241
