mes,IMERG_estimado,CHIRPS_estimado
2017-01-01,-49.0830278098999,-8.895708428823582
2017-02-01,-23.656275682516714,5.788012566370938
2017-03-01,-32.5557827144072,-13.429662114953118
2017-04-01,20.55304274539361,52.21185438194516
2017-05-01,-115.8390876626965,-98.00396300300952
2017-06-01,32.32945163105704,50.73787773615983
2017-07-01,-2.817655357264229,7.414229980623567
2017-08-01,10.44022663189746,0.5720408462652316
2017-09-01,41.4794865458469,56.56963138179817
2017-10-01,36.79252685931969,80.94304179520114
2017-11-01,-55.85726723450426,-14.816293887203045
2017-12-01,-24.566169428484784,-5.8461874432225045
2018-01-01,-55.9041133096778,-42.547652796594065
2018-02-01,-36.416251675003195,-21.770263156277636
2018-03-01,7.373453090118588,11.901636216005514
2018-04-01,-85.90432510737975,-54.50683882801363
2018-05-01,-10.411104839913435,13.035322545840359
2018-06-01,33.05908860051662,23.571590552986308
2018-07-01,6.6724257094409225,-3.2576554044686006
2018-08-01,-2.8310069014073633,-3.0114234177324093
2018-09-01,16.780801376476717,20.72553247127263
2018-10-01,5.679983750023041,18.343341587070938
2018-11-01,-42.02238063557567,19.818555452096717
2018-12-01,-110.32680149074116,-37.96795624443297
2019-01-01,-41.77029961038218,-10.695093075608057
2019-02-01,-13.272806978551053,14.65373944966965
2019-03-01,16.028826321707513,45.06067880681651
2019-04-01,-27.686147261823294,13.160604778968775
2019-05-01,46.215547457125126,75.9890218639894
2019-06-01,-17.66140087098286,-2.4526238663341644
2019-07-01,-16.97566360892845,-7.858863732806306
2019-08-01,-11.714271830632871,-8.27692900207169
2019-09-01,21.627281409830754,21.22659278922359
2019-10-01,71.9835818383155,87.73946512581499
2019-11-01,15.051696675028069,66.08992719082903
2019-12-01,-0.5856358636989967,48.96148688255528
2020-01-01,-39.545803853004294,-5.450874778041097
2020-02-01,-8.825619169566373,-0.4803715170015863
2020-03-01,26.151064305334053,4.495519378402392
2020-04-01,27.197312813600746,33.26719506572492
2020-05-01,55.04738173374976,68.68240929194447
2020-06-01,36.76592920117832,29.83213462906847
2020-07-01,48.21852822061743,31.691837875889888
2020-08-01,45.147861765624164,46.56486604378062
2020-09-01,17.63278282509208,11.383106578931987
2020-10-01,25.03855661922057,30.28626130597705
2020-11-01,-56.59816890657744,22.392331992915274
2020-12-01,-27.249495057545047,28.881144455203582
2021-01-01,-31.05445819508887,-21.108680744827794
2021-02-01,-55.28659549614868,-59.81805488214614
2021-03-01,-126.31711953005487,-163.84009688317514
2021-04-01,49.00103351188275,37.214312806242646
2021-05-01,-8.422037389913186,-4.942708188965412
2021-06-01,,
2021-07-01,,
2021-08-01,21.052648170990892,-24.955059028370805
2021-09-01,32.78384356687839,-7.024357537106525
2021-10-01,14.579796655094611,-7.064002268054395
2021-11-01,-88.99648909579832,-93.24154565266366
2021-12-01,-36.86171885957576,-12.261522930358012
2022-01-01,-59.46891670427068,-33.38466308134174
2022-02-01,0.414830120417534,14.70143988278896
2022-03-01,,
2022-04-01,,
2022-05-01,25.197361745870325,18.113752066849685
2022-06-01,-24.40603119397872,-68.87314371131353
2022-07-01,24.284978301711703,-16.551055839279826
2022-08-01,-6.711419502091374,-40.46078214812433
2022-09-01,-4.938999506946743,-10.991014264493707
2022-10-01,-52.567639743022625,-8.36990905775798
2022-11-01,-77.52821602440406,-26.349217619860383
2022-12-01,-31.80951918482441,-5.271894025706558
