fuente,mes_calendario,n,RMSE,MAE,sesgo,NSE,PBIAS
IMERG,1,6,47.15925759880042,46.137769913720625,-46.137769913720625,-0.6435620343724628,-41.89469543199499
IMERG,2,6,29.429581064024873,22.97872985370059,-22.840453146894742,0.2544316478797095,-24.836192073088355
IMERG,3,5,60.01843537204752,41.68524919232444,-21.863911705460385,0.43715994824312765,-16.85679448495677
IMERG,4,5,48.39276495089993,42.06837228801603,-3.3678166596651864,0.14804328099669173,-2.3200164804985293
IMERG,5,6,56.860962223312534,43.52208680487806,-1.3686564926296516,0.40194352258780286,-0.8669343591278583
IMERG,6,5,29.656061003628707,28.844380299542713,12.01740747355808,0.5972588058414336,10.270606657926765
IMERG,7,5,25.516348627501205,19.793850239592548,11.876522653115476,0.047733738277172866,18.60691893293239
IMERG,8,6,21.52836758587625,16.316239133774022,9.23067305573015,0.31197211764813826,16.253694212085485
IMERG,9,6,25.429548250764974,22.54053253851193,20.894199369529684,-0.6575541862410708,38.24722812664937
IMERG,10,6,41.171278092455395,34.440347577499345,16.917800996491803,0.44682023627112777,16.615551606441464
IMERG,11,6,60.891735105387056,56.00903642864797,-50.991804203638615,0.05815494047396674,-24.19222158495683
IMERG,12,6,51.460356239657216,38.566556647478365,-38.566556647478365,-1.0933913112619615,-24.552067536932515
CHIRPS,1,6,24.47326967167012,20.34711215087272,-20.34711215087272,0.557374762410711,-18.47588359982602
CHIRPS,2,6,27.43701972556393,19.53531357570915,-7.820916276099303,0.35197288816009453,-8.504287439986857
CHIRPS,3,5,76.44116245170639,47.74551867987053,-23.162384919380766,0.08700117038778776,-17.857900618485964
CHIRPS,4,5,40.89470890067463,38.07216117217902,16.269425640973573,0.39159762380843954,11.207657491383904
CHIRPS,5,6,58.62144028473706,46.4611961600998,12.145639096108162,0.3643372563072982,7.693290392940099
CHIRPS,6,5,41.87943090206208,35.09347409917246,6.563167068113382,0.19684260293861822,5.609172155905362
CHIRPS,7,5,16.766960973636856,13.354728566613636,2.2876985759917448,0.5888218291095394,3.5841317521755403
CHIRPS,8,6,27.40444023711814,20.640183414390847,-4.927881117708897,-0.11487379940314502,-8.677186627363957
CHIRPS,9,6,27.01838337468446,21.3200391704711,15.314915236604355,-0.8711524126078962,28.034242730971414
CHIRPS,10,6,51.0288824519603,38.791003523312746,33.64636641470862,0.15021374800232012,33.04524847223107
CHIRPS,11,6,49.782627186945355,40.45131196592802,-4.351040420647678,0.3704671616987336,-2.064279458735082
CHIRPS,12,6,28.534275071053916,23.198365330246485,2.7491784490064695,0.3563666668897367,1.7501695981847398
Media,1,6,36.90983851548994,31.314091397849456,-3.0299062533137637,-0.006784386234553574,-2.751259974364912
Media,2,6,37.29198157280828,33.364155172413795,15.133652912955634,-0.19715456785436447,16.455991835902754
Media,3,5,83.13294706475685,61.45946068482111,-22.605806253313755,-0.07984645833553672,-17.42878563142444
Media,4,5,64.79026601860352,56.421386117579644,-38.06543464041053,-0.5271306213902371,-26.222459423272667
Media,5,6,89.354556705705,71.97252890005863,-50.77509442535677,-0.47688676373063466,-32.16195895927722
Media,6,5,47.76967998010575,37.9571709280821,-9.909721307077202,-0.04496990835474324,-8.469285064903557
Media,7,5,50.556618063589575,46.70632398994722,43.269516327331395,-2.7383277310565663,67.79024518246938
Media,8,6,56.60739701429276,50.30681417679377,50.30681417679377,-3.756967762739702,88.58201016081104
Media,9,6,56.063336302868066,52.46872869292279,52.46872869292279,-7.0565354440687535,96.04500274655237
Media,10,6,55.606698870280205,47.518655913978485,5.278970090772266,-0.009094440564486828,5.184657272554299
Media,11,6,121.18668193915863,103.67963797374387,-103.67963797374387,-2.7305473333146986,-49.189096461308104
Media,12,6,61.345562838931954,51.48290524414465,-49.98264281245354,-1.9748916414241213,-31.81972487777105
Climatologia,1,6,38.310866121045784,31.984343727598567,-10.703579569892463,-0.08466623843409993,-9.719221517453859
Climatologia,2,6,34.0940065826054,33.364155172413795,0.8583971795614763,-0.0006343016907934818,0.9334016750663546
Climatologia,3,5,80.91096415920967,63.55971541218637,-12.104532616487443,-0.02289347426014965,-9.332438833515146
Climatologia,4,5,54.41978713652095,47.91659372549019,-14.584648627450974,-0.07738354131318292,-10.04705083361943
Climatologia,5,6,74.37903236929414,50.223387096774196,-11.230043010752668,-0.02332795281795441,-7.113333544927376
Climatologia,6,5,49.91791934367392,39.48554814814814,-17.551607407407413,-0.1410694304219724,-15.000378100890238
Climatologia,7,5,26.431332101841136,23.060235653650246,3.8593691001697636,-0.021784819907909814,6.046464110459588
Climatologia,8,6,26.80900537284722,22.153973118279563,-6.715722222222214,-0.06695288366914864,-11.825280210260122
Climatologia,9,6,19.752041721084307,17.547505555555553,0.11386568627451155,-3.323350755923826e-05,0.20843329776443886
Climatologia,10,6,55.6686261651089,47.518655913978485,5.8956344086021515,-0.011343280613268947,5.790304413035393
Climatologia,11,6,73.60416290129879,65.14936597222221,-38.481531249999996,-0.3761555338153044,-18.256928647016
Climatologia,12,6,35.683618783726885,31.887032258064522,2.882213037634424,-0.006566848504521605,1.83486147862917
