variable,mes,n_anios,media,mediana,desviacion_estandar,Q25,Q75,P10,P90
P_mm,1,24,110.3845,106.134,46.085015623773835,75.61375,159.499,51.917699999999996,173.51839999999999
P_mm,2,24,143.050375,130.9815,59.35431750298007,99.036,169.61475000000002,89.8355,214.3212
P_mm,3,24,195.01887499999998,186.5,57.56209078922667,174.08125,218.49375,133.29180000000002,238.4765
P_mm,4,23,245.0386956521739,242.938,47.791011177868604,205.767,280.9665,192.462,308.769
P_mm,5,24,212.87545833333334,207.128,47.554374214731396,177.45625,250.18900000000002,158.084,263.0061
P_mm,6,24,125.29920833333334,123.34549999999999,46.014708055973244,90.90225,168.77949999999998,71.15910000000001,180.9117
P_mm,7,25,92.15280000000001,79.658,41.260122496384646,68.617,114.335,55.6704,132.28
P_mm,8,24,96.97424999999998,90.14,40.567935805263744,66.28025,118.7915,55.629200000000004,148.23559999999998
P_mm,9,24,143.641625,138.2395,45.533370215711976,120.632,170.07975,82.19250000000001,184.8842
P_mm,10,25,258.50516,258.838,51.326500579362836,237.477,280.027,194.40460000000002,310.26640000000003
P_mm,11,22,258.1119090909091,246.997,59.61211088513658,212.08525,281.50675,194.5038,342.7111000000001
P_mm,12,22,175.31154545454547,172.809,40.76443188290412,149.731,201.1405,133.31300000000002,231.04930000000004
P_IMERG_poligono_mm,1,24,151.88107090537324,144.02351747508817,53.58474129516502,114.82965421207197,193.69701643917296,79.80021600800379,223.9331595842625
P_IMERG_poligono_mm,2,24,179.34014733454902,166.1257874442221,64.27663950557631,138.79359187184406,206.90085918002183,113.48276557197092,263.6225738548616
P_IMERG_poligono_mm,3,24,232.7717879889708,240.60919310812807,46.24448501213974,212.42146361585748,259.59994231994676,177.25859495891123,283.97221541097235
P_IMERG_poligono_mm,4,23,276.1462483602881,269.4564663305527,55.70461433928039,243.81659889170365,308.0961835758824,208.5693402938657,343.5191852516249
P_IMERG_poligono_mm,5,24,268.2134930227225,281.0284247692142,59.37906170845298,218.47064530630496,304.4973685646909,208.86134857997226,325.5774058475727
P_IMERG_poligono_mm,6,24,182.60031683996715,181.54117633215964,58.90272926554733,138.78436536672058,231.0022841921883,112.97402667706481,256.0054955309477
P_IMERG_poligono_mm,7,25,166.22851191351143,155.47895380171826,56.523770213361125,119.12327760073136,216.36452173083396,106.04655221528282,225.31265839297302
P_IMERG_poligono_mm,8,24,171.54195455314277,177.82794071185,56.03233089662615,136.18833985290217,205.26099439371737,96.28209199472538,244.07236403509594
P_IMERG_poligono_mm,9,24,204.00390515776465,193.18425847398635,49.49094194024413,175.6874698495886,229.78119187314385,165.47695340311236,255.22336225658898
P_IMERG_poligono_mm,10,25,286.9574543008155,279.61798822723404,48.82911206747489,255.8017459840397,319.15293568711604,239.62555130249885,352.8547195252737
P_IMERG_poligono_mm,11,22,274.6985366553433,274.9849030301031,55.87502424931386,233.4377835186664,303.43099573439974,217.30638977162388,323.65564563808505
P_IMERG_poligono_mm,12,22,210.1811618720433,217.0801857899354,56.970208620241024,180.40769207106072,234.98794979955397,163.8803146189565,269.96655228005613
Q_m3_s,1,24,107.92396774193548,91.04370967741936,60.004578793884235,59.79016129032258,152.07856451612903,40.38945161290323,198.8777419354839
Q_m3_s,2,24,96.26955398193759,82.92444642857143,57.58426934563743,53.45113331280788,129.8155255541872,33.00817857142857,175.36521921182262
Q_m3_s,3,24,116.9746196236559,91.93333870967743,75.66385270960254,54.42741935483871,162.55120967741934,39.9901935483871,225.5958064516129
Q_m3_s,4,23,138.90427971014492,136.76000000000002,61.62473553111177,92.19599999999998,190.06095,62.376,217.356
Q_m3_s,5,24,147.01803225806452,148.46220967741937,71.78334005892832,88.12743548387097,178.03009677419354,69.58354838709678,212.09129032258062
Q_m3_s,6,24,106.26693194444444,92.94416666666669,49.706344236637044,70.74916666666667,129.87363333333334,50.98232,176.75173333333333
Q_m3_s,7,25,66.56494193548387,57.24148387096775,34.62826253267694,47.13225806451613,72.20870967741935,37.29809032258065,114.03042580645162
Q_m3_s,8,24,51.754439516129025,46.585887096774194,26.445977056269538,32.181451612903224,60.787967741935475,27.49445806451613,92.34713548387094
Q_m3_s,9,24,54.274027777777775,42.377333333333326,27.645878379183145,34.68158333333333,69.81688333333332,32.543730000000004,101.8253
Q_m3_s,10,25,103.47461419354836,80.56774193548387,58.18598901348733,65.0516129032258,122.4173870967742,53.92677419354839,195.97935483870967
Q_m3_s,11,22,182.79111515151516,155.35433333333333,100.59018916628798,119.08510833333334,220.64666666666668,91.02933333333333,293.8164900000001
Q_m3_s,12,22,159.1768431085044,141.24516129032259,85.83048111423473,108.31693548387098,189.9462419354839,75.74967741935484,247.803870967742
R_mm,1,24,103.340693767674,87.17730007614784,57.45632718604726,57.25101548339584,145.62014993618595,38.6742077585005,190.4318777058405
R_mm,2,24,84.008139454238,71.71869654903672,50.614576559657024,46.604907925453766,113.36459832903736,28.54771595780051,155.57470289826577
R_mm,3,24,112.006986010961,88.02914868135522,72.45058901876504,52.116016430775176,155.64804678981406,38.291905233466444,216.0152896299501
R_mm,4,23,128.71485062105032,126.7278661799878,57.10420618429269,85.43289229548225,176.11888445189638,57.800361076651924,201.41168529846024
R_mm,5,24,140.77452643545845,142.15737307798184,68.73487250198723,84.38487310479445,170.46958240233948,66.62850074539091,203.08427815057254
R_mm,6,24,98.47164032475449,86.12617662725808,46.06009754838363,65.5593077338329,120.34665417794285,47.242473139114615,163.78597549683792
R_mm,7,25,63.73808732334951,54.81057432637755,33.15768266278727,45.13066327278448,69.14217768546291,35.714129222541196,109.18782509589984
R_mm,8,24,49.556551682223954,44.607495379291365,25.322879370908783,30.814781977627547,58.20644747049718,26.326833886865032,88.42537249167914
R_mm,9,24,50.292715189171986,39.26871181435655,25.61789394315106,32.137489409014044,64.69541275351335,30.156459933004193,94.35582766991158
R_mm,10,25,99.08029367186354,77.14622174396447,55.71496858408777,62.28902577229291,117.2186121071504,51.636632477593594,187.65657820884533
R_mm,11,22,169.38233386817748,143.95819804875606,93.21131933083505,110.34952963509808,204.46096260890394,84.35180734951862,272.26335789846246
R_mm,12,22,152.41698153569052,135.24681555418115,82.18546491885297,103.71697310515196,181.87967724752343,72.53276895741799,237.28023051705466
Tmedia_ERA5_Land_C,1,24,16.209664651293416,16.103518856492997,0.6791544344632964,15.638740428764905,16.788325990952075,15.533293895270901,17.044166026458033
Tmedia_ERA5_Land_C,2,24,16.361193370097862,16.36101405614113,0.6848033530559035,15.801366048859222,16.87015180426603,15.541040498211846,17.398780772458615
Tmedia_ERA5_Land_C,3,24,16.380917235615048,16.431942936436542,0.5856242559268542,16.001402281484758,16.747037701817447,15.63398729567919,17.10609185679915
Tmedia_ERA5_Land_C,4,23,16.454911777698843,16.299949539563727,0.43276078560077624,16.190106238490614,16.74048920290292,15.903109138790194,16.985843450653498
Tmedia_ERA5_Land_C,5,24,16.489425566078733,16.453608904193203,0.3705154083400383,16.311319424460194,16.673673748939578,16.03322571662374,16.920309850379574
Tmedia_ERA5_Land_C,6,24,16.365514348454592,16.402219829526075,0.3904920009267321,16.143223150642584,16.587537323354283,15.874198392138965,16.814279844000538
Tmedia_ERA5_Land_C,7,25,16.284934796572067,16.35117472869382,0.3494910371357078,16.061645402639556,16.521146833577234,15.783575841660866,16.738892683904943
Tmedia_ERA5_Land_C,8,24,16.393545299998593,16.393620885923127,0.37510076715883456,16.16174224941311,16.566822275599918,15.93884232475608,16.78340151376948
Tmedia_ERA5_Land_C,9,24,16.19629426920455,16.17898865670898,0.3967512806709094,15.994881146252283,16.351795427841353,15.767626719546541,16.66371714118103
Tmedia_ERA5_Land_C,10,25,16.05874656144891,16.079364271324664,0.31702442405679304,15.861488646554108,16.26765284870396,15.66462416815848,16.460797834794278
Tmedia_ERA5_Land_C,11,22,15.975721779987618,15.900492396658393,0.3091521876825576,15.757647667448182,16.20169998690872,15.721183345258625,16.449830789836
Tmedia_ERA5_Land_C,12,22,16.017623898353964,16.015215927923634,0.44248930290763794,15.78171186603629,16.25386968725151,15.4341471426772,16.426357522203
