mes,P_mm,Q_m3_s,R_mm,P_IMERG_poligono_mm,Tmedia_ERA5_Land_C
1998-01-01,50.721,22.29032258064516,21.343705647453337,75.90504289653762,17.724286305321357
1998-02-01,125.228,21.335714285714285,18.452575620533462,154.09860863835644,17.43183573664544
1998-03-01,199.909,34.25806451612903,32.80320607466779,216.25202427248527,17.312579630109838
1998-04-01,239.365,70.83333333333333,65.63730029064884,269.4564663305527,17.366793877142243
1998-05-01,249.776,106.65806451612904,102.12855043811828,321.36033995114354,17.295056476005584
1998-06-01,97.18,54.440000000000005,50.4465123927942,143.1225283741415,16.7731406516902
1998-07-01,121.511,36.05483870967742,34.52367554581563,216.36452173083396,16.319008205877026
1998-08-01,123.619,27.4741935483871,26.30742995649205,206.68663655883017,16.284933546478783
1998-09-01,179.281,38.77666666666666,35.932174789699665,240.59548153778783,16.138134984885937
1998-10-01,250.253,81.88387096774194,78.40645790954494,302.6105304706093,16.29248944313099
1998-11-01,239.117,172.36666666666667,159.7225787307977,297.88728956082616,15.763685142207976
1998-12-01,180.878,154.31290322580645,147.75960160017732,229.0582966809997,15.77234161075529
1999-01-01,163.458,174.2064516129032,166.80831834805645,226.9374277669804,15.619099120553471
1999-02-01,275.388,231.7892857142857,200.4671259371012,339.1378807689264,15.572196854412994
1999-03-01,193.692,226.2064516129032,216.60000214500985,213.76401878918256,15.629910585048378
1999-04-01,264.86,174.01333333333332,161.24845291167208,343.7189370157647,16.18885009064661
1999-05-01,157.781,147.93870967741935,141.65610487667982,215.8059823818021,15.829254301640448
1999-06-01,194.872,122.54333333333334,113.55407390988816,278.574662122299,15.667541935462625
1999-07-01,59.153,82.1258064516129,78.63811896939428,115.4318220797628,15.728798031016026
1999-08-01,122.681,64.05806451612904,61.33767101984492,177.54670343549665,15.822677212926637
1999-09-01,262.241,112.37333333333332,104.13010199521663,327.3554498716464,15.34773932905432
1999-10-01,259.149,179.09354838709675,171.4878717570133,314.744963868414,15.459476240491426
1999-11-01,277.906,328.4566666666667,304.3624780583372,319.0546636868754,15.53385603597377
1999-12-01,204.186,261.2451612903226,250.1507012394582,283.0464964991041,15.42257994745222
2000-01-01,159.224,199.25806451612905,190.79604889192368,195.76898842109208,15.099950026567456
2000-02-01,186.132,184.4,165.17742448671706,266.63066551463226,15.167334630512356
2000-03-01,196.739,178.7741935483871,171.18207915801216,241.59328075188475,15.59458794229448
2000-04-01,224.194,137.93333333333334,127.81512875421406,245.2905505361912,15.779231831290076
2000-05-01,262.675,180.4774193548387,172.81297301935157,376.7191736037177,15.94368724269583
2000-06-01,168.307,141.61333333333332,131.22517955519646,262.15598729925495,15.880441516589713
2000-07-01,89.245,83.23225806451612,79.69758221643863,189.06433967436132,15.72740398653326
2000-08-01,90.208,54.42903225806452,52.117560837840834,182.03217841381544,15.931522767080423
2000-09-01,224.154,90.96666666666668,84.29373764384972,312.2695841360923,15.527845188687875
2000-10-01,188.101,79.3258064516129,75.95702830340448,259.8975828247088,15.786078663096248
2000-11-01,220.339,205.93666666666664,190.83002584736823,268.97331033644826,15.724751090680344
2000-12-01,132.781,99.88709677419357,95.64512957646782,174.34219729828158,15.59798710031282
2001-01-01,98.242,77.67096774193548,74.37246665403495,143.09452382900088,15.228321101726578
2001-02-01,128.562,60.93214285714286,52.69825789452987,141.1359061840809,15.853784725524465
2001-03-01,177.183,89.09677419354838,85.31304630718687,217.1621225976293,15.64349962048442
2001-04-01,143.747,62.34333333333333,57.77009069816494,166.493206817354,16.299949539563727
2001-05-01,195.589,73.76774193548388,70.63500155513212,297.6518028764263,16.273248945653677
2001-06-01,87.237,63.35666666666667,58.70909019408764,131.82441306919824,16.012476502051243
2001-07-01,101.807,40.92903225806452,39.19087369824717,176.80294869747803,15.89514689763348
2001-08-01,30.124,29.212903225806453,27.97230077327604,96.97694964646216,16.764859019174025
2001-09-01,181.975,39.05333333333333,36.18854636259961,236.6663025513101,15.719119361680384
2001-10-01,177.84799999999998,55.6,53.23880036751168,248.85921092746236,16.10989764288547
2001-11-01,193.668,88.80333333333333,82.28909727262003,303.9385076643591,15.823294362221134
2001-12-01,180.896,144.9193548387097,138.76497484975994,243.96711579202127,16.25452477136838
2002-01-01,66.462,70.09677419354838,67.11993107368467,125.37284375711964,15.96494913646154
2002-02-01,65.814,41.13928571428572,35.58004997872866,112.58585793950468,16.351429049781927
2002-03-01,182.95,45.983870967741936,44.0310454420329,244.2745563411204,16.481921370144846
2002-04-01,312.582,136.76000000000002,126.7278661799878,355.8660527137463,16.22192004335932
2002-05-01,168.773,85.37096774193549,81.74546598550688,228.48711877594872,16.44305390798695
2002-06-01,109.152,88.88333333333334,82.36322881177182,195.85426490832825,16.38662154387589
2002-07-01,79.658,50.26129032258064,48.12681298016938,179.44773303874288,16.543435998092832
2002-08-01,61.774,33.170967741935485,31.762275712411384,178.10917798820336,16.51335376525276
2002-09-01,151.375,37.44666666666667,34.69973795130113,215.15362433967144,16.238085062936022
2002-10-01,237.477,59.78387096774193,57.24499229583976,319.15293568711604,16.057591291749134
2002-11-01,169.497,118.54,109.84440813816722,216.93794083089256,15.904201141882254
2002-12-01,140.302,73.06774193548387,69.96472888863467,217.91431528536148,16.35405108953597
2003-01-01,54.71,37.903225806451616,36.29356604306465,115.42756455112546,16.75882985958225
2003-02-01,111.952,34.04642857142857,29.4456651139179,146.5644076286359,16.893472938185994
2003-03-01,181.479,57.24193548387097,54.81100676035593,241.76604022538447,16.597451122844234
2003-04-01,235.89,105.82666666666664,98.063671041295,305.8812730678324,16.61999755618359
2003-05-01,158.791,67.79032258064517,64.91142896978754,193.19868872841496,16.563097207297403
2003-06-01,167.428,92.76666666666668,85.96169727476503,241.65434807156416,16.015449268359532
2003-07-01,68.617,47.13225806451613,45.13066327278448,160.73924969468575,16.35117472869382
2003-08-01,90.363,33.75806451612903,32.32443988431248,171.7193017469773,16.406251206572165
2003-09-01,133.772,33.21,30.773855190387497,227.48615498042176,16.17700106486859
2003-10-01,296.499,93.72258064516129,89.74240577150641,348.9186936426657,16.079364271324664
2003-11-01,202.026,111.06333333333332,102.91619804160604,251.7208414446668,15.896783651434532
2003-12-01,209.929,107.33870967741936,102.78029021982776,192.53421727442455,15.97456859190845
2004-01-01,116.267,88.56451612903226,84.8033919755183,144.75356282741052,16.132736098909845
2004-03-01,95.114,42.08387096774193,40.29666915726139,120.26883687769336,17.061377286132597
2004-05-01,232.165,88.26129032258065,84.51304344717377,291.4490020166105,16.46923611632866
2004-06-01,63.978,46.54666666666667,43.13220052981743,107.98352483728432,16.456942853632995
2004-07-01,114.335,32.69032258064516,31.302042406844013,212.18420540736597,15.788767300637687
2004-09-01,186.131,44.16666666666666,40.92678724005162,245.68118148432984,16.014941467597964
2004-10-01,258.838,80.56774193548387,77.14622174396447,294.6792084053512,15.848278448717736
2004-11-01,270.653,147.3733333333333,136.56265037412547,280.7789912559948,15.946440438679076
2004-12-01,138.101,111.25161290322582,106.52702176112456,177.46997618891373,15.828404238366945
2005-01-01,116.333,85.52903225806452,81.8968178779418,193.00635911186657,16.094020460083186
2005-02-01,114.12,70.05714285714285,60.59017800006435,164.069022239922,16.862378092959375
2005-03-01,154.275,71.96774193548387,68.91144326985297,208.3937980958822,16.474401713554528
2005-04-01,175.22,62.50666666666667,57.92144259059986,202.1817517746487,16.742887892041438
2005-05-01,209.769,117.52580645161292,112.53476524655102,310.6064489065056,16.505302776859025
2005-06-01,135.248,73.21333333333334,67.84271358041464,166.44144874711003,16.613191848099575
2005-07-01,81.689,41.75483870967742,39.98161011586628,142.6309041560162,16.400906352323773
2005-08-01,87.399,27.63225806451613,26.45878184892696,184.66371070213324,16.38099056527409
2005-09-01,124.635,29.113333333333333,26.9777026229895,198.8677876453894,16.408805605199973
2005-10-01,312.954,137.55483870967743,131.71321218794577,355.47873678034574,15.877557594251073
2005-11-01,254.326,225.55,209.0046081960825,301.90845994452167,15.865289298229072
2005-12-01,174.963,236.0225806451613,225.99926354663077,235.24668006634096,15.538251899702004
2006-01-01,160.324,206.07096774193548,197.3196243372813,216.9232004912541,15.640951685892844
2006-02-01,95.306,103.825,89.79491561173893,132.73306145509898,16.35411096493317
2006-03-01,228.757,137.74548387096772,131.89576110310705,273.75124787377297,16.033604146724088
2006-04-01,268.059,193.97333333333333,179.74427193004408,342.7201781950655,16.182534553160224
2006-05-01,239.208,214.67419354838708,205.5574916255242,280.1283634827504,16.464163900399456
2006-06-01,172.17499999999998,177.43533333333335,164.41942949888997,241.165342048694,16.185814444736934
2006-07-01,74.08699999999999,66.98967741935483,64.14478530239276,126.7110298657304,16.50363055289597
2006-08-01,60.987,45.20193548387097,43.2823168965998,139.02935538563466,16.65698397907289
2006-09-01,98.523,34.52733333333333,31.994554535087,165.25912942047492,16.15466691598408
2006-10-01,210.372,67.48774193548387,64.62169820426928,254.371765656304,16.165628110136083
2006-11-01,238.727,163.33533333333332,151.35374572338668,315.2402480612739,15.720786929100656
2006-12-01,192.004,189.9570967741936,181.89007110707533,270.2695567056055,16.012839825148944
2007-01-01,84.63,93.52290322580646,89.55120817677741,164.9010706777049,16.67627225168252
2007-02-01,58.105,61.43357142857143,53.13192739856785,86.60061520700681,16.408397876980814
2007-03-01,208.032,79.62935483870969,76.24768571316214,270.56211006132776,16.329173661374227
2007-04-01,271.184,180.2203333333333,167.0001337056117,400.66075371062607,16.191362386334617
2007-05-01,262.324,206.06451612903223,197.3134467090187,318.5971725243724,16.364765479664243
2007-06-01,75.896,138.33533333333332,128.1876397384518,158.61684931492894,16.28836497166708
2007-07-01,109.451,72.20870967741935,69.14217768546291,226.5063094873804,16.119219847086526
2007-08-01,117.495,59.58032258064516,57.05008812415317,256.57364336603376,15.955921292665948
2007-09-01,108.623,43.54433333333333,40.35010564173331,191.80095582910965,16.0668811239226
2007-10-01,306.235,183.53516129032255,175.7408599344342,363.6428140854672,15.593140327532184
2008-02-01,136.333,180.6955172413793,161.85911146543498,205.1588935547924,15.527687774125638
2008-03-01,181.289,224.1709677419355,214.650960428144,239.6251054643714,15.323520942250866
2008-04-01,227.105,227.78333333333333,211.07411366407,262.40649098409364,15.734026697860088
2008-05-01,284.308,344.1322580645161,329.5177803438451,358.68931120419774,15.86733507363482
2008-06-01,171.197,221.66666666666663,205.40613973308928,239.07562263862405,15.871522767374358
2008-07-01,127.327,123.9358064516129,118.67254780690622,232.59321902869232,15.780114869009653
2008-08-01,171.76,102.0425806451613,97.70907517901895,301.8960300564631,15.79044691019169
2008-09-01,138.428,106.479,98.66815196679524,190.240503531504,15.934700182215238
2008-10-01,203.86,116.47774193548386,111.53120953528362,322.7449209736276,15.771849929097923
2009-01-01,166.846,197.99032258064517,189.5821449383131,230.77114719436904,15.59944545201722
2009-02-01,133.401,153.82857142857142,133.04140226441535,184.98921542517493,15.760455366601263
2009-03-01,219.603,157.14354838709676,150.4700360004147,288.3526300697721,16.11419583499196
2009-04-01,197.25,218.3733333333333,202.3543913713405,242.3426472472161,16.272428163763948
2009-05-01,186.333,194.62,186.3549519339051,216.035188430736,16.317906020196972
2009-06-01,170.197,116.291,107.7603852437625,201.5962002591986,16.35421075898421
2009-07-01,55.404,70.51225806451613,67.51777033379928,119.12327760073136,16.524212816237025
2009-08-01,90.072,42.70161290322581,40.88817706341007,188.77916996992576,16.44469605553678
2009-09-01,75.679,32.347,29.974161211787543,129.47740944817272,16.83811212269893
2009-10-01,204.737,53.86967741935484,51.581960467469145,252.65488608869,16.404478060291694
2009-11-01,179.075,113.13266666666668,104.8337338543324,228.32960381312495,16.243262752453234
2009-12-01,116.557,72.69387096774194,69.60673533081415,189.2208397175017,16.162618740621724
2010-01-01,48.773,46.19064516129033,44.22903842785081,69.02426199409118,16.87681438506155
2010-02-01,98.887,32.56321428571429,28.16288060517877,115.57555004772549,17.568152757602263
2010-03-01,124.299,32.17161290322581,30.80536109452701,161.89849950007016,17.125255244227674
2010-04-01,309.196,92.41033333333333,85.63150304412643,324.5474246174148,17.006023628152263
2010-05-01,204.487,122.07387096774194,116.88968429030564,281.92848605567804,16.893280598919432
2010-06-01,158.846,116.86966666666666,108.29660337696043,228.31117137670975,16.414574061865153
2010-07-01,235.14,180.9609677419355,173.27598625763713,319.3890374103664,15.896280808625647
2010-08-01,113.704,119.7683870967742,114.6821088306479,214.90271226290776,16.183331777139983
2010-09-01,174.912,114.47233333333334,106.07512825371175,259.3128683018429,15.880810554567574
2010-10-01,289.183,216.17419354838708,206.9937901965901,299.8340746412233,15.861488646554108
2010-11-01,396.033,508.76666666666665,471.4457008640815,440.5209094163651,15.433359229553332
2010-12-01,250.315,439.72258064516126,421.0486094973885,335.2271259502799,15.383789400234209
2011-01-01,76.164,149.08193548387098,142.75078060482127,145.57937170729804,15.504943228093907
2011-02-01,221.139,162.92785714285714,140.9110829082043,256.6036933153969,15.775774357073203
2011-03-01,180.217,270.31935483870967,258.8395353908744,272.2361744679528,15.705292442308746
2011-06-01,137.434,175.15666666666667,162.30791615871644,202.6549041274069,16.389865597186997
2011-07-01,137.622,111.54096774193548,106.8040883887044,220.2804382845155,16.172205830932967
2011-08-01,78.522,72.71,69.62217940147076,152.8147004552826,16.25283536409745
2011-09-01,132.001,65.66799999999999,60.85087391274815,196.8683043227293,16.18097624854937
2011-10-01,332.02,240.41064516129032,230.20097740947165,343.92130122438914,15.50137894741323
2012-01-01,198.444,217.76129032258063,208.5134867492019,269.39528958530553,15.632106657381089
2012-02-01,99.012,141.32413793103447,126.59195835820948,148.40791866436433,15.522626670863588
2012-03-01,174.372,131.2741935483871,125.69929107425666,220.70872156901265,16.093552453112864
2012-04-01,315.418,213.2866666666667,197.64086100693916,310.3110940839323,15.83940351600279
2012-05-01,179.4,170.86451612903227,163.60830690800412,215.31508287370383,16.33849642277812
2012-06-01,92.124,80.17,74.28906867248918,124.61853096988592,16.29352351458408
2012-07-01,75.306,61.13709677419355,58.54074982393045,104.50348049652784,16.491338001861095
2012-08-01,82.908,52.16129032258065,49.946124503519606,152.97322344909506,16.31326602886901
2012-09-01,75.858,34.733,32.18513436698973,113.63466156751988,16.449870881530728
2012-10-01,280.027,78.57322580645162,75.23640796656645,279.61798822723404,15.87760358498025
2012-11-01,209.334,88.42333333333333,81.936972461649,220.62243023820585,16.061815827721375
2012-12-01,150.625,137.57096774193548,131.72865625860237,193.1439295755704,15.925680359716694
2013-01-01,50.501,59.784838709677416,57.24591894007915,78.72713906141773,16.935903395022933
2013-02-01,198.413,99.3875,85.95706405356805,222.5869870069625,16.12273247588388
2013-03-01,221.262,95.91451612903224,91.8412549737415,216.32862000312,16.572736181448818
2013-04-01,195.618,91.98166666666664,85.23428154683808,227.62990425407952,16.58027712491497
2013-05-01,251.428,155.5677419354839,148.96115029726263,292.9157737425339,16.242148822455533
2013-06-01,92.412,89.46833333333333,82.9053156918193,129.81320833776545,16.423277205041074
2013-07-01,56.07,56.898387096774194,54.48204805536985,108.955637542612,16.24386351475823
2013-08-01,112.787,49.75645161290323,47.64341356861708,151.49341340480927,16.213418472328385
2013-09-01,138.051,43.71,40.50361970406015,171.32309222858174,16.289787898431655
2013-10-01,240.899,65.0516129032258,62.28902577229291,233.46977821918983,15.986522303198852
2013-11-01,282.707,164.10666666666663,152.06849731337522,255.07109057199523,15.755635175861585
2013-12-01,233.396,249.1129032258065,238.53367129154617,234.211758999193,16.017592030698324
2014-01-01,118.009,114.92903225806452,110.04826987083467,139.25614685494585,16.113017252902807
2014-02-01,173.211,93.84107142857144,81.16013570762087,194.048899694452,16.084634704464804
2014-03-01,218.124,181.3467741935484,173.64540842774358,247.28270393334108,16.389484159318556
2014-04-01,204.463,98.565,91.33468945620426,270.8812816320295,16.738090513764405
2014-05-01,246.965,163.51612903225808,156.57198831684656,219.28246426482792,16.313774017292303
2014-06-01,77.191,80.83500000000001,74.90528709168845,148.97767874736334,16.831910926419255
2014-07-01,30.969,58.99516129032258,56.48977724073088,87.99868058677545,16.95934868836656
2014-08-01,53.333,36.190000000000005,34.65309685791813,103.66931529950088,16.50044281926091
2014-09-01,137.27,41.21033333333333,38.18731798697979,185.0916009783557,16.33279203538848
2014-10-01,262.573,84.26612903225806,80.6875471455282,264.28621909170806,16.148876301767643
2014-11-01,202.735,137.725,127.62207787100628,222.69672109608305,16.077011690275185
2014-12-01,149.433,128.5016129032258,123.04445532838314,217.1208880900581,16.251904434900894
2015-01-01,115.266,59.791935483870965,57.25271433116807,143.29347212276582,16.343333554061985
2015-02-01,122.874,59.4125,51.38396748165123,140.81376867742577,16.404656034008212
2015-03-01,359.334,64.45,61.71296193680087,242.70754856783648,16.506190568270767
2015-04-01,191.673,92.77,85.96478608889636,212.51046444791865,16.539991591889304
2015-05-01,122.873,54.16451612903226,51.86427807907221,119.06426220071582,16.643623446206902
2015-06-01,36.465,34.732,32.18420772275034,73.03811814429794,17.015777191926304
2015-07-01,72.995,29.54741935483871,28.292610798694405,96.6200246299494,16.74101431907775
2015-08-01,65.738,23.96935483870968,22.95143340280782,95.98429585826676,17.111296138773866
2015-10-01,239.947,37.086129032258064,35.51116942360012,223.06983288970787,16.71448617990086
2015-11-01,239.668,62.43833333333334,57.858121900907705,184.91283571954537,16.460114725878555
2015-12-01,170.655,29.698709677419355,28.43747618145353,60.82799282844521,17.282889292303935
2016-01-01,73.963,28.76429032258065,27.54273939203272,82.30406221670457,17.17918356766927
2016-02-01,136.87699999999998,25.744,23.060344989078327,99.51833662639484,17.59228757923063
2016-03-01,173.209,39.09290322580645,37.43272069469718,174.98996751998982,17.465943557635114
2016-04-01,277.097,60.25946666666667,55.83908765582604,289.3070332717828,17.191079187305377
2016-05-01,201.265,87.72587096774194,84.0003620776565,226.70866329612383,17.188425120217914
2016-06-01,69.129,51.0442,47.29981388464852,100.06130566232382,16.691100159666917
2016-07-01,90.042,39.16296774193548,37.49980973762955,150.96328705449477,16.385384234270646
2016-08-01,66.461,27.54174193548387,26.37210972440199,87.04793031035328,16.79134829716753
2016-09-01,149.69199999999998,33.002766666666666,30.58182361584304,189.83837172764171,16.294225183351784
2016-10-01,275.01,65.4863870967742,62.70533614091285,259.0632078722211,16.338093069330853
2016-11-01,345.396,120.72043333333332,111.86489412589064,269.3130733802609,16.450616679420364
2016-12-01,261.109,124.10351612903226,118.83313525359378,267.23951245011165,16.07119290420593
2017-01-01,176.378,161.06845161290323,154.22825793028005,179.4487463190705,16.134869384565093
2017-02-01,87.491,72.00782142857143,62.27725739045257,124.41524617361569,16.36791714734909
2017-03-01,316.73,149.33938709677415,142.99729886064227,322.6478787273265,16.12160924296836
2017-04-01,242.938,152.25126666666665,141.08275919762332,258.5642648013233,16.807847399287596
2017-05-01,296.356,292.92270967741933,280.4829795616315,327.3847198031852,16.763824657137604
2017-06-01,184.656,120.25976666666666,111.43802001294156,210.72456742415665,16.551888961370423
2017-07-01,47.836,57.24148387096775,54.81057432637755,108.36115979341528,16.73571023114573
2017-08-01,150.629,47.96983870967742,45.93267386198292,212.16919974649116,16.53676837444226
2017-09-01,159.416,40.39043333333333,37.42756237509786,165.9852093625997,16.670502462646652
2017-10-01,270.849,66.8808064516129,64.04053782546055,255.8017459840397,16.498344351129333
2017-11-01,318.547,231.24266666666665,214.27968496955876,326.3064447953998,16.289558859159342
2017-12-01,151.687,172.57754838709675,165.24859076430275,201.89231003220908,16.29912019130279
2018-01-01,178.525,148.03483870967742,141.7481515377933,197.5927380423731,15.85703144733219
2018-02-01,147.494,125.83046428571429,108.8267365463197,195.75680054663476,16.399616334440054
2018-03-01,162.53,85.00948387096774,81.39933347395065,203.843374190654,16.683254009876578
2018-04-01,284.836,209.58976666666663,194.21514991831089,263.5730017671247,16.15793162993981
2018-05-01,242.129,177.21432258064516,169.6884521966688,300.63681194007467,16.33294462064333
2018-06-01,111.889,93.12166666666668,86.29065597975111,178.8731911426461,16.578985815105852
2018-07-01,75.458,47.92490322580645,45.88964668113357,138.369896398319,16.521146833577234
2018-08-01,82.735,34.905419354838706,33.423069294542024,127.66529325470476,16.733377946708515
2018-09-01,168.469,50.52653333333333,46.82012105005381,213.32362797191536,16.64788472442791
2018-10-01,242.192,121.32032258064515,116.1681373092282,261.8741624910117,16.532518695861256
2018-11-01,362.473,202.68733333333333,187.81904983215296,289.0293655724893,16.442757783576724
2018-12-01,105.75,204.411935483871,195.7310472295411,120.71552459852084,16.434391570277114
2019-01-01,79.125,54.24029032258065,51.93683432301703,101.97142801933876,17.02359348294442
2019-02-01,168.416,55.00582142857143,47.57277238943369,182.28368655461492,16.909304172282816
2019-03-01,242.642,94.76990322580646,90.7452510555236,255.94588640615308,16.938388777640057
2019-04-01,307.061,186.14856666666668,172.49349697374868,289.8131385236861,16.90512274065844
2019-05-01,263.148,132.8004193548387,127.16070170421033,302.4610084507526,16.931893815291062
2019-06-01,108.964,127.05306666666668,117.73299232443988,141.10434946589467,17.087450657177158
2019-07-01,72.401,49.96338709677419,47.84156099514156,127.08329161855856,16.742466526087867
2019-08-01,40.559,21.03651612903226,20.143145370890075,89.28360337076545,17.278850170310648
2019-09-01,141.576,20.328466666666667,18.83725653244864,194.56756111886304,17.164591371908898
2019-10-01,274.846,54.01241935483871,51.71864049278026,277.1679005804297,16.23565736741716
2019-11-01,274.534,133.49460000000002,123.70200208065953,248.76232263529076,16.507846818862333
2019-12-01,161.092,102.59725806451613,98.24019676890022,175.2119518647316,16.557143691467218
2020-01-01,97.364,80.76616129032259,77.33621470118227,113.03592319491152,17.05298283082101
2020-02-01,99.044,48.78706896551724,43.701314533514,168.1825526485222,17.321652522689362
2020-03-01,98.662,44.3806129032258,42.49587393062323,182.5520589830612,17.039286476232405
2020-04-01,207.071,61.20816666666667,56.71819504574234,207.58405925535249,16.631805160830822
2020-05-01,137.337,43.50574193548387,41.65815665006667,206.0954624540873,16.89063598624557
2020-06-01,134.802,50.9558,47.217898533885794,184.2091615216732,16.432055354584975
2020-07-01,135.582,48.322806451612905,46.27065190423247,223.5221817513619,16.108215075496332
2020-08-01,196.955,59.69793548387096,57.16270628738127,204.78578033867976,16.417374494807405
2020-09-01,71.10600000000001,68.44546666666666,63.42459739953311,181.89671677498637,16.18136118337935
2020-10-01,182.919,42.00803225806452,40.22405113703395,162.30402984761187,16.26765284870396
2020-11-01,260.048,131.0942,121.47768524841,196.539157858102,16.046857608626453
2020-12-01,184.155,126.1132258064516,120.75749734555036,217.0394834898127,15.809822631879284
2021-01-01,85.473,101.43512903225806,97.1274205899492,136.76890962765614,16.05273799727388
2021-02-01,153.589,125.97932142857142,108.95547831931331,212.12675605571016,16.60630550300948
2021-03-01,190.05,275.01987096774195,263.34043179047546,309.61570644627426,15.904796685766769
2021-04-01,253.524,116.61963333333333,108.0649114289698,255.25586290387085,16.271962796834487
2021-05-01,171.625,151.809935483871,145.36292893939992,258.06740830671777,16.567102984374856
2021-07-01,68.515,58.91083870967742,56.40903563933806,155.47895380171826,16.382930861424995
2021-08-01,142.65099999999998,79.12309677419354,75.76292722339204,258.0626405165588,16.096973666232486
2021-09-01,96.973,74.15386666666667,68.71425337570919,177.14226238992424,16.12078716592697
2021-10-01,258.267,122.4173870967742,117.2186121071504,317.0173415994209,16.118820169588673
2021-11-01,236.704,269.6451,249.8650785967346,280.6567326799453,15.77419341827516
2021-12-01,159.917,146.87048387096772,140.63324407709166,162.71788321014262,16.055660369471127
2022-01-01,114.026,115.22283870967742,110.32959906191572,155.88648145861774,15.786572949113577
2022-02-01,296.421,124.17585714285714,107.3957198474183,310.13920546122523,15.809896612787895
2022-04-01,287.539,249.1409,230.8649797832825,304.3678743350199,16.193452966147277
2022-05-01,184.506,148.98570967741935,142.65864127928384,278.53509627431254,16.303955645963867
2022-06-01,190.402,193.64853333333332,179.44329788108783,291.95622554846176,15.556215855457651
2022-07-01,123.6,115.69006451612904,110.77698290069678,216.5871680073897,16.061645402639556
2022-08-01,93.918,98.01458064516127,93.85213474951648,182.14194373803505,16.063167329601583
2022-09-01,137.258,73.93113333333332,68.50785881545407,166.2558822654814,15.931440341067912
2022-10-01,407.574,204.27548387096772,195.60039039178605,358.75252544144075,15.941391547671913
2022-11-01,304.949,296.5022,274.7520555986544,324.1668658548861,15.74376049965514
2022-12-01,208.123,189.91367741935483,181.84849566886768,225.5675085873223,15.380371072156947
