anio,1,2,3,4,5,6,7,8,9,10,11,12
1998,17.724286305321357,17.43183573664544,17.312579630109838,17.366793877142243,17.295056476005584,16.7731406516902,16.319008205877026,16.284933546478783,16.138134984885937,16.29248944313099,15.763685142207976,15.77234161075529
1999,15.619099120553471,15.572196854412994,15.629910585048378,16.18885009064661,15.829254301640448,15.667541935462625,15.728798031016026,15.822677212926637,15.34773932905432,15.459476240491426,15.53385603597377,15.42257994745222
2000,15.099950026567456,15.167334630512356,15.59458794229448,15.779231831290076,15.94368724269583,15.880441516589713,15.72740398653326,15.931522767080423,15.527845188687875,15.786078663096248,15.724751090680344,15.59798710031282
2001,15.228321101726578,15.853784725524465,15.64349962048442,16.299949539563727,16.273248945653677,16.012476502051243,15.89514689763348,16.764859019174025,15.719119361680384,16.10989764288547,15.823294362221134,16.25452477136838
2002,15.96494913646154,16.351429049781927,16.481921370144846,16.22192004335932,16.44305390798695,16.38662154387589,16.543435998092832,16.51335376525276,16.238085062936022,16.057591291749134,15.904201141882254,16.35405108953597
2003,16.75882985958225,16.893472938185994,16.597451122844234,16.61999755618359,16.563097207297403,16.015449268359532,16.35117472869382,16.406251206572165,16.17700106486859,16.079364271324664,15.896783651434532,15.97456859190845
2004,16.132736098909845,,17.061377286132597,,16.46923611632866,16.456942853632995,15.788767300637687,,16.014941467597964,15.848278448717736,15.946440438679076,15.828404238366945
2005,16.094020460083186,16.862378092959375,16.474401713554528,16.742887892041438,16.505302776859025,16.613191848099575,16.400906352323773,16.38099056527409,16.408805605199973,15.877557594251073,15.865289298229072,15.538251899702004
2006,15.640951685892844,16.35411096493317,16.033604146724088,16.182534553160224,16.464163900399456,16.185814444736934,16.50363055289597,16.65698397907289,16.15466691598408,16.165628110136083,15.720786929100656,16.012839825148944
2007,16.67627225168252,16.408397876980814,16.329173661374227,16.191362386334617,16.364765479664243,16.28836497166708,16.119219847086526,15.955921292665948,16.0668811239226,15.593140327532184,,
2008,,15.527687774125638,15.323520942250866,15.734026697860088,15.86733507363482,15.871522767374358,15.780114869009653,15.79044691019169,15.934700182215238,15.771849929097923,,
2009,15.59944545201722,15.760455366601263,16.11419583499196,16.272428163763948,16.317906020196972,16.35421075898421,16.524212816237025,16.44469605553678,16.83811212269893,16.404478060291694,16.243262752453234,16.162618740621724
2010,16.87681438506155,17.568152757602263,17.125255244227674,17.006023628152263,16.893280598919432,16.414574061865153,15.896280808625647,16.183331777139983,15.880810554567574,15.861488646554108,15.433359229553332,15.383789400234209
2011,15.504943228093907,15.775774357073203,15.705292442308746,,,16.389865597186997,16.172205830932967,16.25283536409745,16.18097624854937,15.50137894741323,,
2012,15.632106657381089,15.522626670863588,16.093552453112864,15.83940351600279,16.33849642277812,16.29352351458408,16.491338001861095,16.31326602886901,16.449870881530728,15.87760358498025,16.061815827721375,15.925680359716694
2013,16.935903395022933,16.12273247588388,16.572736181448818,16.58027712491497,16.242148822455533,16.423277205041074,16.24386351475823,16.213418472328385,16.289787898431655,15.986522303198852,15.755635175861585,16.017592030698324
2014,16.113017252902807,16.084634704464804,16.389484159318556,16.738090513764405,16.313774017292303,16.831910926419255,16.95934868836656,16.50044281926091,16.33279203538848,16.148876301767643,16.077011690275185,16.251904434900894
2015,16.343333554061985,16.404656034008212,16.506190568270767,16.539991591889304,16.643623446206902,17.015777191926304,16.74101431907775,17.111296138773866,,16.71448617990086,16.460114725878555,17.282889292303935
2016,17.17918356766927,17.59228757923063,17.465943557635114,17.191079187305377,17.188425120217914,16.691100159666917,16.385384234270646,16.79134829716753,16.294225183351784,16.338093069330853,16.450616679420364,16.07119290420593
2017,16.134869384565093,16.36791714734909,16.12160924296836,16.807847399287596,16.763824657137604,16.551888961370423,16.73571023114573,16.53676837444226,16.670502462646652,16.498344351129333,16.289558859159342,16.29912019130279
2018,15.85703144733219,16.399616334440054,16.683254009876578,16.15793162993981,16.33294462064333,16.578985815105852,16.521146833577234,16.733377946708515,16.64788472442791,16.532518695861256,16.442757783576724,16.434391570277114
2019,17.02359348294442,16.909304172282816,16.938388777640057,16.90512274065844,16.931893815291062,17.087450657177158,16.742466526087867,17.278850170310648,17.164591371908898,16.23565736741716,16.507846818862333,16.557143691467218
2020,17.05298283082101,17.321652522689362,17.039286476232405,16.631805160830822,16.89063598624557,16.432055354584975,16.108215075496332,16.417374494807405,16.18136118337935,16.26765284870396,16.046857608626453,15.809822631879284
2021,16.05273799727388,16.60630550300948,15.904796685766769,16.271962796834487,16.567102984374856,,16.382930861424995,16.096973666232486,16.12078716592697,16.118820169588673,15.77419341827516,16.055660369471127
2022,15.786572949113577,15.809896612787895,,16.193452966147277,16.303955645963867,15.556215855457651,16.061645402639556,16.063167329601583,15.931440341067912,15.941391547671913,15.74376049965514,15.380371072156947
