mes,fuente,modelo,observado,estimado
2018-01,IMERG,media,112.2,86.25714285714284
2018-05,IMERG,media,166.4,86.25714285714284
2018-08,IMERG,media,49.6,86.25714285714284
2018-09,IMERG,media,11.7,86.25714285714284
2018-10,IMERG,media,135.4,86.25714285714284
2018-11,IMERG,media,147.4,86.25714285714284
2018-12,IMERG,media,19.5,86.25714285714284
2019-01,IMERG,media,40.8,86.25714285714284
2019-02,IMERG,media,112.4,86.25714285714284
2019-04,IMERG,media,202.7,86.25714285714284
2019-05,IMERG,media,86.1,86.25714285714284
2019-06,IMERG,media,59.7,86.25714285714284
2019-07,IMERG,media,33.1,86.25714285714284
2019-08,IMERG,media,30.6,86.25714285714284
2018-01,IMERG,lineal,112.2,87.1719923856267
2018-05,IMERG,lineal,166.4,148.6705430429777
2018-08,IMERG,lineal,49.6,45.43803968997868
2018-09,IMERG,lineal,11.7,96.56046951607861
2018-10,IMERG,lineal,135.4,125.53629892212767
2018-11,IMERG,lineal,147.4,141.74301095463937
2018-12,IMERG,lineal,19.5,41.290293161794
2019-01,IMERG,lineal,40.8,30.10348028262248
2019-02,IMERG,lineal,112.4,78.0352759998735
2019-04,IMERG,lineal,202.7,142.21078070325092
2019-05,IMERG,lineal,86.1,149.7592562244098
2019-06,IMERG,lineal,59.7,53.45870936974457
2019-07,IMERG,lineal,33.1,45.09069067950834
2019-08,IMERG,lineal,30.6,22.53115906736745
2018-01,IMERG,raiz,112.2,91.7490856884533
2018-05,IMERG,raiz,166.4,145.34251858561845
2018-08,IMERG,raiz,49.6,46.71612361187002
2018-09,IMERG,raiz,11.7,100.71096750551115
2018-10,IMERG,raiz,135.4,126.4604645616306
2018-11,IMERG,raiz,147.4,139.82304510152574
2018-12,IMERG,raiz,19.5,41.62402423120565
2019-01,IMERG,raiz,40.8,27.10806262705509
2019-02,IMERG,raiz,112.4,82.67801879738695
2019-04,IMERG,raiz,202.7,140.19918828864826
2019-05,IMERG,raiz,86.1,146.20019066793702
2019-06,IMERG,raiz,59.7,56.18410848575107
2019-07,IMERG,raiz,33.1,46.295094976237124
2019-08,IMERG,raiz,30.6,16.509106871169962
2018-01,CHIRPS,media,112.2,86.25714285714284
2018-05,CHIRPS,media,166.4,86.25714285714284
2018-08,CHIRPS,media,49.6,86.25714285714284
2018-09,CHIRPS,media,11.7,86.25714285714284
2018-10,CHIRPS,media,135.4,86.25714285714284
2018-11,CHIRPS,media,147.4,86.25714285714284
2018-12,CHIRPS,media,19.5,86.25714285714284
2019-01,CHIRPS,media,40.8,86.25714285714284
2019-02,CHIRPS,media,112.4,86.25714285714284
2019-04,CHIRPS,media,202.7,86.25714285714284
2019-05,CHIRPS,media,86.1,86.25714285714284
2019-06,CHIRPS,media,59.7,86.25714285714284
2019-07,CHIRPS,media,33.1,86.25714285714284
2019-08,CHIRPS,media,30.6,86.25714285714284
2018-01,CHIRPS,lineal,112.2,89.04487511022877
2018-05,CHIRPS,lineal,166.4,121.11537510575677
2018-08,CHIRPS,lineal,49.6,40.74550408683989
2018-09,CHIRPS,lineal,11.7,83.9744243845664
2018-10,CHIRPS,lineal,135.4,121.14714105600704
2018-11,CHIRPS,lineal,147.4,181.79539918383082
2018-12,CHIRPS,lineal,19.5,52.350160356839844
2019-01,CHIRPS,lineal,40.8,38.925264715356086
2019-02,CHIRPS,lineal,112.4,83.94770064864157
2019-04,CHIRPS,lineal,202.7,153.8554811637032
2019-05,CHIRPS,lineal,86.1,131.71360539639892
2019-06,CHIRPS,lineal,59.7,53.970728041036224
2019-07,CHIRPS,lineal,33.1,35.534879802930284
2019-08,CHIRPS,lineal,30.6,19.47946094786453
2018-01,CHIRPS,raiz,112.2,95.64865993933468
2018-05,CHIRPS,raiz,166.4,123.87828117829334
2018-08,CHIRPS,raiz,49.6,40.89530379415915
2018-09,CHIRPS,raiz,11.7,90.74815165695388
2018-10,CHIRPS,raiz,135.4,123.90426512627143
2018-11,CHIRPS,raiz,147.4,168.52652572140295
2018-12,CHIRPS,raiz,19.5,56.13996518805338
2019-01,CHIRPS,raiz,40.8,38.319601404639
2019-02,CHIRPS,raiz,112.4,90.72194170217124
2019-04,CHIRPS,raiz,202.7,149.07195982004293
2019-05,CHIRPS,raiz,86.1,132.3675937837413
2019-06,CHIRPS,raiz,59.7,58.130909412783964
2019-07,CHIRPS,raiz,33.1,33.36027901075052
2019-08,CHIRPS,raiz,30.6,5.886562261402773
