mes,local,IMERG,CHIRPS
2018-01-01,112.2,197.5927380423731,178.525
2018-05-01,166.4,300.63681194007467,242.129
2018-08-01,49.6,127.66529325470476,82.735
2018-09-01,11.7,213.32362797191536,168.469
2018-10-01,135.4,261.8741624910117,242.192
2018-11-01,147.4,289.0293655724893,362.473
2018-12-01,19.5,120.71552459852084,105.75
2019-01-01,40.8,101.97142801933876,79.125
2019-02-01,112.4,182.2836865546149,168.416
2019-04-01,202.7,289.8131385236861,307.061
2019-05-01,86.1,302.4610084507526,263.148
2019-06-01,59.7,141.10434946589467,108.964
2019-07-01,33.1,127.08329161855856,72.401
2019-08-01,30.6,89.28360337076545,40.559
