mes,Q,IMERG,CHIRPS,IMERG_lag1,CHIRPS_lag1
1998-02-01,21.335714285714285,154.09860863835644,125.228,75.90504289653762,50.721
1998-03-01,34.25806451612903,216.25202427248527,199.909,154.09860863835644,125.228
1998-04-01,70.83333333333333,269.4564663305527,239.365,216.25202427248527,199.909
1998-05-01,106.65806451612904,321.36033995114354,249.776,269.4564663305527,239.365
1998-06-01,54.440000000000005,143.1225283741415,97.18,321.36033995114354,249.776
1998-07-01,36.05483870967742,216.364521730834,121.511,143.1225283741415,97.18
1998-08-01,27.4741935483871,206.68663655883017,123.619,216.364521730834,121.511
1998-09-01,38.77666666666666,240.59548153778783,179.281,206.68663655883017,123.619
1998-10-01,81.88387096774194,302.6105304706093,250.253,240.59548153778783,179.281
1998-11-01,172.36666666666667,297.88728956082616,239.117,302.6105304706093,250.253
1998-12-01,154.31290322580645,229.0582966809997,180.878,297.88728956082616,239.117
1999-01-01,174.2064516129032,226.9374277669804,163.458,229.0582966809997,180.878
1999-02-01,231.7892857142857,339.1378807689264,275.388,226.9374277669804,163.458
1999-03-01,226.2064516129032,213.76401878918256,193.692,339.1378807689264,275.388
1999-04-01,174.01333333333332,343.7189370157647,264.86,213.76401878918256,193.692
1999-05-01,147.93870967741935,215.8059823818021,157.781,343.7189370157647,264.86
1999-06-01,122.54333333333334,278.574662122299,194.872,215.8059823818021,157.781
1999-07-01,82.1258064516129,115.4318220797628,59.153,278.574662122299,194.872
1999-08-01,64.05806451612904,177.54670343549665,122.681,115.4318220797628,59.153
1999-09-01,112.37333333333332,327.3554498716464,262.241,177.54670343549665,122.681
1999-10-01,179.09354838709675,314.744963868414,259.149,327.3554498716464,262.241
1999-11-01,328.4566666666667,319.0546636868754,277.906,314.744963868414,259.149
1999-12-01,261.2451612903226,283.0464964991041,204.186,319.0546636868754,277.906
2000-01-01,199.25806451612905,195.76898842109208,159.224,283.0464964991041,204.186
2000-02-01,184.4,266.63066551463226,186.132,195.76898842109208,159.224
2000-03-01,178.7741935483871,241.59328075188475,196.739,266.63066551463226,186.132
2000-04-01,137.93333333333334,245.2905505361912,224.194,241.59328075188475,196.739
2000-05-01,180.4774193548387,376.7191736037177,262.675,245.2905505361912,224.194
2000-06-01,141.61333333333332,262.15598729925495,168.307,376.7191736037177,262.675
2000-07-01,83.23225806451612,189.0643396743613,89.245,262.15598729925495,168.307
2000-08-01,54.42903225806452,182.03217841381544,90.208,189.0643396743613,89.245
2000-09-01,90.96666666666668,312.2695841360923,224.154,182.03217841381544,90.208
2000-10-01,79.3258064516129,259.8975828247088,188.101,312.2695841360923,224.154
2000-11-01,205.93666666666664,268.97331033644826,220.339,259.8975828247088,188.101
2000-12-01,99.88709677419357,174.34219729828158,132.781,268.97331033644826,220.339
2001-01-01,77.67096774193548,143.09452382900088,98.242,174.34219729828158,132.781
2001-02-01,60.93214285714286,141.1359061840809,128.562,143.09452382900088,98.242
2001-03-01,89.09677419354838,217.1621225976293,177.183,141.1359061840809,128.562
2001-04-01,62.34333333333333,166.493206817354,143.747,217.1621225976293,177.183
2001-05-01,73.76774193548388,297.6518028764263,195.589,166.493206817354,143.747
2001-06-01,63.35666666666667,131.82441306919824,87.237,297.6518028764263,195.589
2001-07-01,40.92903225806452,176.80294869747803,101.807,131.82441306919824,87.237
2001-08-01,29.212903225806453,96.97694964646216,30.124,176.80294869747803,101.807
2001-09-01,39.05333333333333,236.6663025513101,181.975,96.97694964646216,30.124
2001-10-01,55.6,248.8592109274624,177.84799999999998,236.6663025513101,181.975
2001-11-01,88.80333333333333,303.9385076643591,193.668,248.8592109274624,177.84799999999998
2001-12-01,144.9193548387097,243.96711579202127,180.896,303.9385076643591,193.668
2002-01-01,70.09677419354838,125.37284375711964,66.462,243.96711579202127,180.896
2002-02-01,41.13928571428572,112.58585793950468,65.814,125.37284375711964,66.462
2002-03-01,45.983870967741936,244.2745563411204,182.95,112.58585793950468,65.814
2002-04-01,136.76000000000002,355.8660527137463,312.582,244.2745563411204,182.95
2002-05-01,85.37096774193549,228.48711877594872,168.773,355.8660527137463,312.582
2002-06-01,88.88333333333334,195.85426490832825,109.152,228.48711877594872,168.773
2002-07-01,50.26129032258064,179.44773303874288,79.658,195.85426490832825,109.152
2002-08-01,33.170967741935485,178.10917798820336,61.774,179.44773303874288,79.658
2002-09-01,37.44666666666667,215.15362433967144,151.375,178.10917798820336,61.774
2002-10-01,59.78387096774193,319.15293568711604,237.477,215.15362433967144,151.375
2002-11-01,118.54,216.93794083089256,169.497,319.15293568711604,237.477
2002-12-01,73.06774193548387,217.91431528536148,140.302,216.93794083089256,169.497
2003-01-01,37.903225806451616,115.42756455112546,54.71,217.91431528536148,140.302
2003-02-01,34.04642857142857,146.5644076286359,111.952,115.42756455112546,54.71
2003-03-01,57.24193548387097,241.76604022538447,181.479,146.5644076286359,111.952
2003-04-01,105.82666666666664,305.8812730678324,235.89,241.76604022538447,181.479
2003-05-01,67.79032258064517,193.19868872841496,158.791,305.8812730678324,235.89
2003-06-01,92.76666666666668,241.65434807156416,167.428,193.19868872841496,158.791
2003-07-01,47.13225806451613,160.73924969468575,68.617,241.65434807156416,167.428
2003-08-01,33.75806451612903,171.7193017469773,90.363,160.73924969468575,68.617
2003-09-01,33.21,227.48615498042176,133.772,171.7193017469773,90.363
2003-10-01,93.72258064516129,348.9186936426657,296.499,227.48615498042176,133.772
2003-11-01,111.06333333333332,251.7208414446668,202.026,348.9186936426657,296.499
2003-12-01,107.33870967741936,192.53421727442452,209.929,251.7208414446668,202.026
2004-01-01,88.56451612903226,144.75356282741052,116.267,192.53421727442452,209.929
2004-06-01,46.54666666666667,107.98352483728432,63.978,291.4490020166105,232.165
2004-07-01,32.69032258064516,212.184205407366,114.335,107.98352483728432,63.978
2004-10-01,80.56774193548387,294.6792084053512,258.838,245.68118148432984,186.131
2004-11-01,147.3733333333333,280.7789912559948,270.653,294.6792084053512,258.838
2004-12-01,111.25161290322582,177.46997618891373,138.101,280.7789912559948,270.653
2005-01-01,85.52903225806452,193.00635911186657,116.333,177.46997618891373,138.101
2005-02-01,70.05714285714285,164.069022239922,114.12,193.00635911186657,116.333
2005-03-01,71.96774193548387,208.3937980958822,154.275,164.069022239922,114.12
2005-04-01,62.50666666666667,202.1817517746487,175.22,208.3937980958822,154.275
2005-05-01,117.52580645161292,310.6064489065056,209.769,202.1817517746487,175.22
2005-06-01,73.21333333333334,166.44144874711003,135.248,310.6064489065056,209.769
2005-07-01,41.75483870967742,142.6309041560162,81.689,166.44144874711003,135.248
2005-08-01,27.63225806451613,184.66371070213324,87.399,142.6309041560162,81.689
2005-09-01,29.113333333333333,198.8677876453894,124.635,184.66371070213324,87.399
2005-10-01,137.55483870967743,355.47873678034574,312.954,198.8677876453894,124.635
2005-11-01,225.55,301.90845994452167,254.326,355.47873678034574,312.954
2005-12-01,236.0225806451613,235.24668006634096,174.963,301.90845994452167,254.326
2006-01-01,206.07096774193548,216.9232004912541,160.324,235.24668006634096,174.963
2006-02-01,103.825,132.73306145509898,95.306,216.9232004912541,160.324
2006-03-01,137.74548387096772,273.75124787377297,228.757,132.73306145509898,95.306
2006-04-01,193.97333333333333,342.7201781950655,268.059,273.75124787377297,228.757
2006-05-01,214.67419354838708,280.1283634827504,239.208,342.7201781950655,268.059
2006-06-01,177.43533333333335,241.165342048694,172.17499999999998,280.1283634827504,239.208
2006-07-01,66.98967741935483,126.7110298657304,74.08699999999999,241.165342048694,172.17499999999998
2006-08-01,45.20193548387097,139.02935538563466,60.987,126.7110298657304,74.08699999999999
2006-09-01,34.52733333333333,165.25912942047492,98.523,139.02935538563466,60.987
2006-10-01,67.48774193548387,254.371765656304,210.372,165.25912942047492,98.523
2006-11-01,163.33533333333332,315.2402480612739,238.727,254.371765656304,210.372
2006-12-01,189.9570967741936,270.2695567056055,192.004,315.2402480612739,238.727
2007-01-01,93.52290322580646,164.9010706777049,84.63,270.2695567056055,192.004
2007-02-01,61.43357142857143,86.60061520700681,58.105,164.9010706777049,84.63
2007-03-01,79.62935483870969,270.56211006132776,208.032,86.60061520700681,58.105
2007-04-01,180.2203333333333,400.66075371062607,271.184,270.56211006132776,208.032
2007-05-01,206.06451612903223,318.5971725243724,262.324,400.66075371062607,271.184
2007-06-01,138.33533333333332,158.61684931492894,75.896,318.5971725243724,262.324
2007-07-01,72.20870967741935,226.5063094873804,109.451,158.61684931492894,75.896
2007-08-01,59.58032258064516,256.57364336603376,117.495,226.5063094873804,109.451
2007-09-01,43.54433333333333,191.80095582910965,108.623,256.57364336603376,117.495
2007-10-01,183.53516129032252,363.6428140854672,306.235,191.80095582910965,108.623
2008-03-01,224.1709677419355,239.6251054643714,181.289,205.1588935547924,136.333
2008-04-01,227.78333333333333,262.40649098409364,227.105,239.6251054643714,181.289
2008-05-01,344.1322580645161,358.68931120419774,284.308,262.40649098409364,227.105
2008-06-01,221.66666666666663,239.07562263862405,171.197,358.68931120419774,284.308
2008-07-01,123.9358064516129,232.59321902869232,127.327,239.07562263862405,171.197
2008-08-01,102.0425806451613,301.8960300564631,171.76,232.59321902869232,127.327
2008-09-01,106.479,190.240503531504,138.428,301.8960300564631,171.76
2008-10-01,116.47774193548386,322.7449209736276,203.86,190.240503531504,138.428
2009-02-01,153.82857142857142,184.98921542517493,133.401,230.77114719436904,166.846
2009-03-01,157.14354838709676,288.3526300697721,219.603,184.98921542517493,133.401
2009-04-01,218.3733333333333,242.3426472472161,197.25,288.3526300697721,219.603
2009-05-01,194.62,216.035188430736,186.333,242.3426472472161,197.25
2009-06-01,116.291,201.5962002591986,170.197,216.035188430736,186.333
2009-07-01,70.51225806451613,119.12327760073136,55.404,201.5962002591986,170.197
2009-08-01,42.70161290322581,188.77916996992576,90.072,119.12327760073136,55.404
2009-09-01,32.347,129.47740944817272,75.679,188.77916996992576,90.072
2009-10-01,53.86967741935484,252.65488608869,204.737,129.47740944817272,75.679
2009-11-01,113.13266666666668,228.32960381312492,179.075,252.65488608869,204.737
2009-12-01,72.69387096774194,189.2208397175017,116.557,228.32960381312492,179.075
2010-01-01,46.19064516129033,69.02426199409118,48.773,189.2208397175017,116.557
2010-02-01,32.56321428571429,115.57555004772549,98.887,69.02426199409118,48.773
2010-03-01,32.17161290322581,161.89849950007016,124.299,115.57555004772549,98.887
2010-04-01,92.41033333333333,324.5474246174148,309.196,161.89849950007016,124.299
2010-05-01,122.07387096774194,281.92848605567804,204.487,324.5474246174148,309.196
2010-06-01,116.86966666666666,228.31117137670972,158.846,281.92848605567804,204.487
2010-07-01,180.9609677419355,319.3890374103664,235.14,228.31117137670972,158.846
2010-08-01,119.7683870967742,214.90271226290776,113.704,319.3890374103664,235.14
2010-09-01,114.47233333333334,259.3128683018429,174.912,214.90271226290776,113.704
2010-10-01,216.17419354838708,299.8340746412233,289.183,259.3128683018429,174.912
2010-11-01,508.76666666666665,440.5209094163651,396.033,299.8340746412233,289.183
2010-12-01,439.72258064516126,335.2271259502799,250.315,440.5209094163651,396.033
2011-01-01,149.08193548387098,145.57937170729804,76.164,335.2271259502799,250.315
2011-02-01,162.92785714285714,256.6036933153969,221.139,145.57937170729804,76.164
2011-03-01,270.31935483870967,272.2361744679528,180.217,256.6036933153969,221.139
2011-07-01,111.54096774193548,220.2804382845155,137.622,202.6549041274069,137.434
2011-08-01,72.71,152.8147004552826,78.522,220.2804382845155,137.622
2011-09-01,65.66799999999999,196.8683043227293,132.001,152.8147004552826,78.522
2011-10-01,240.41064516129032,343.92130122438914,332.02,196.8683043227293,132.001
2012-02-01,141.32413793103447,148.40791866436433,99.012,269.39528958530553,198.444
2012-03-01,131.2741935483871,220.70872156901265,174.372,148.40791866436433,99.012
2012-04-01,213.2866666666667,310.3110940839323,315.418,220.70872156901265,174.372
2012-05-01,170.86451612903227,215.31508287370383,179.4,310.3110940839323,315.418
2012-06-01,80.17,124.61853096988592,92.124,215.31508287370383,179.4
2012-07-01,61.13709677419355,104.50348049652784,75.306,124.61853096988592,92.124
2012-08-01,52.16129032258065,152.97322344909506,82.908,104.50348049652784,75.306
2012-09-01,34.733,113.63466156751988,75.858,152.97322344909506,82.908
2012-10-01,78.57322580645162,279.61798822723404,280.027,113.63466156751988,75.858
2012-11-01,88.42333333333333,220.62243023820585,209.334,279.61798822723404,280.027
2012-12-01,137.57096774193548,193.1439295755704,150.625,220.62243023820585,209.334
2013-01-01,59.784838709677416,78.72713906141773,50.501,193.1439295755704,150.625
2013-02-01,99.3875,222.5869870069625,198.413,78.72713906141773,50.501
2013-03-01,95.91451612903224,216.32862000312,221.262,222.5869870069625,198.413
2013-04-01,91.98166666666664,227.62990425407952,195.618,216.32862000312,221.262
2013-05-01,155.5677419354839,292.9157737425339,251.428,227.62990425407952,195.618
2013-06-01,89.46833333333333,129.81320833776545,92.412,292.9157737425339,251.428
2013-07-01,56.898387096774194,108.955637542612,56.07,129.81320833776545,92.412
2013-08-01,49.75645161290323,151.49341340480927,112.787,108.955637542612,56.07
2013-09-01,43.71,171.32309222858174,138.051,151.49341340480927,112.787
2013-10-01,65.0516129032258,233.46977821918983,240.899,171.32309222858174,138.051
2013-11-01,164.10666666666663,255.07109057199523,282.707,233.46977821918983,240.899
2013-12-01,249.1129032258065,234.211758999193,233.396,255.07109057199523,282.707
2014-01-01,114.92903225806452,139.25614685494585,118.009,234.211758999193,233.396
2014-02-01,93.84107142857144,194.048899694452,173.211,139.25614685494585,118.009
2014-03-01,181.3467741935484,247.28270393334108,218.124,194.048899694452,173.211
2014-04-01,98.565,270.8812816320295,204.463,247.28270393334108,218.124
2014-05-01,163.51612903225808,219.28246426482792,246.965,270.8812816320295,204.463
2014-06-01,80.83500000000001,148.97767874736334,77.191,219.28246426482792,246.965
2014-07-01,58.99516129032258,87.99868058677545,30.969,148.97767874736334,77.191
2014-08-01,36.190000000000005,103.66931529950088,53.333,87.99868058677545,30.969
2014-09-01,41.21033333333333,185.0916009783557,137.27,103.66931529950088,53.333
2014-10-01,84.26612903225806,264.28621909170806,262.573,185.0916009783557,137.27
2014-11-01,137.725,222.69672109608305,202.735,264.28621909170806,262.573
2014-12-01,128.5016129032258,217.1208880900581,149.433,222.69672109608305,202.735
2015-01-01,59.791935483870965,143.29347212276582,115.266,217.1208880900581,149.433
2015-02-01,59.4125,140.81376867742577,122.874,143.29347212276582,115.266
2015-03-01,64.45,242.70754856783648,359.334,140.81376867742577,122.874
2015-04-01,92.77,212.51046444791865,191.673,242.70754856783648,359.334
2015-05-01,54.16451612903226,119.06426220071582,122.873,212.51046444791865,191.673
2015-06-01,34.732,73.03811814429794,36.465,119.06426220071582,122.873
2015-07-01,29.54741935483871,96.6200246299494,72.995,73.03811814429794,36.465
2015-08-01,23.96935483870968,95.98429585826676,65.738,96.6200246299494,72.995
2015-11-01,62.43833333333334,184.91283571954537,239.668,223.06983288970787,239.947
2015-12-01,29.698709677419355,60.82799282844521,170.655,184.91283571954537,239.668
2016-01-01,28.76429032258065,82.30406221670457,73.963,60.82799282844521,170.655
2016-02-01,25.744,99.51833662639484,136.87699999999998,82.30406221670457,73.963
2016-03-01,39.09290322580645,174.98996751998982,173.209,99.51833662639484,136.87699999999998
2016-04-01,60.25946666666667,289.3070332717828,277.097,174.98996751998982,173.209
2016-05-01,87.72587096774194,226.70866329612383,201.265,289.3070332717828,277.097
2016-06-01,51.0442,100.06130566232382,69.129,226.70866329612383,201.265
2016-07-01,39.16296774193548,150.96328705449477,90.042,100.06130566232382,69.129
2016-08-01,27.54174193548387,87.04793031035328,66.461,150.96328705449477,90.042
2016-09-01,33.002766666666666,189.8383717276417,149.69199999999998,87.04793031035328,66.461
2016-10-01,65.4863870967742,259.0632078722211,275.01,189.8383717276417,149.69199999999998
2016-11-01,120.72043333333332,269.3130733802609,345.396,259.0632078722211,275.01
2016-12-01,124.10351612903226,267.23951245011165,261.109,269.3130733802609,345.396
