mes_calendario,P_CHIRPS_mm_mean,P_CHIRPS_mm_std,P_CHIRPS_mm_count,P_IMERG_poligono_mm_mean,P_IMERG_poligono_mm_std,P_IMERG_poligono_mm_count,Q_m3_s_mean,Q_m3_s_std,Q_m3_s_count,R_mm_mean,R_mm_std,R_mm_count,Tmedia_ERA5_Land_C_mean,Tmedia_ERA5_Land_C_std,Tmedia_ERA5_Land_C_count
1,110.3845,46.085015623773835,24,151.88107090537324,53.58474129516501,24,107.92396774193548,60.00457879388424,24,103.340693767674,57.45632718604726,24,16.209664651293416,0.6791544344632964,24
2,143.050375,59.35431750298007,24,179.34014733454902,64.27663950557633,24,96.26955398193759,57.58426934563743,24,84.008139454238,50.61457655965702,24,16.361193370097862,0.6848033530559039,24
3,195.018875,57.56209078922667,24,232.77178798897077,46.24448501213975,24,116.97461962365593,75.66385270960252,24,112.006986010961,72.45058901876504,24,16.380917235615048,0.585624255926854,24
4,245.0386956521739,47.79101117786861,23,276.1462483602881,55.70461433928039,23,138.90427971014492,61.62473553111176,23,128.7148506210503,57.10420618429269,23,16.454911777698843,0.4327607856007763,23
5,212.87545833333334,47.55437421473139,24,268.2134930227225,59.37906170845298,24,147.01803225806452,71.78334005892832,24,140.77452643545845,68.73487250198723,24,16.489425566078733,0.3705154083400384,24
6,125.29920833333334,46.01470805597326,24,182.60031683996715,58.90272926554732,24,106.26693194444444,49.70634423663704,24,98.47164032475449,46.06009754838363,24,16.365514348454592,0.39049200092673236,24
7,92.15280000000001,41.260122496384646,25,166.22851191351143,56.523770213361125,25,66.56494193548387,34.62826253267695,25,63.73808732334951,33.15768266278727,25,16.284934796572067,0.3494910371357066,25
8,96.97425,40.567935805263744,24,171.54195455314277,56.03233089662615,24,51.75443951612903,26.44597705626954,24,49.55655168222395,25.32287937090878,24,16.393545299998593,0.37510076715883534,24
9,143.641625,45.533370215711976,24,204.00390515776465,49.49094194024412,24,54.274027777777775,27.645878379183145,24,50.292715189171986,25.617893943151053,24,16.19629426920455,0.3967512806709083,24
10,258.50516,51.32650057936285,25,286.9574543008156,48.8291120674749,25,103.47461419354839,58.18598901348732,25,99.08029367186354,55.71496858408777,25,16.05874656144891,0.31702442405679254,25
11,258.11190909090914,59.61211088513657,22,274.69853665534333,55.87502424931386,22,182.79111515151516,100.59018916628798,22,169.38233386817745,93.21131933083505,22,15.975721779987618,0.30915218768255753,22
12,175.31154545454544,40.76443188290412,22,210.18116187204325,56.97020862024104,22,159.17684310850439,85.83048111423474,22,152.41698153569052,82.18546491885297,22,16.017623898353964,0.4424893029076383,22
