response,field,lag,month,region,r_mean,n_cells,positive_area_pct,candidate_area_pct,candidate_cells,candidate_r_min,candidate_r_max
CHIRPS,sst,0,1,Pacifico_ecuatorial,-0.4406204205454244,560,2.3001639221936565,0.0,0,,
CHIRPS,sst,0,1,Caribe,-0.34415509482116413,67,1.5285661485639968,0.0,0,,
CHIRPS,sst,0,1,Atlantico_tropical_norte,-0.29825950972257576,198,16.07064027917504,0.0,0,,
CHIRPS,sst,0,1,Atlantico_tropical_oriental,-0.36224796414478677,311,2.442673576193021,0.0,0,,
CHIRPS,sst,0,1,Colombia_contexto,-0.42983590137053207,45,0.0,0.0,0,,
CHIRPS,sst,0,2,Pacifico_ecuatorial,-0.3881287888558152,560,0.0,0.0,0,,
CHIRPS,sst,0,2,Caribe,-0.24334654631520164,67,0.0,0.0,0,,
CHIRPS,sst,0,2,Atlantico_tropical_norte,-0.19502834006274936,198,6.560126769854195,0.0,0,,
CHIRPS,sst,0,2,Atlantico_tropical_oriental,-0.004225040907703844,311,41.04867687591859,0.0,0,,
CHIRPS,sst,0,2,Colombia_contexto,-0.27552829550782904,45,0.0,0.0,0,,
CHIRPS,sst,0,3,Pacifico_ecuatorial,0.0205711152904516,560,39.21675221577158,0.0,0,,
CHIRPS,sst,0,3,Caribe,-0.09962589686511697,67,17.52012854842143,0.0,0,,
CHIRPS,sst,0,3,Atlantico_tropical_norte,-0.34112245844335104,198,0.0,0.0,0,,
CHIRPS,sst,0,3,Atlantico_tropical_oriental,-0.10825182765479507,311,25.305964925733658,0.0,0,,
CHIRPS,sst,0,3,Colombia_contexto,-0.09532132050453167,45,18.000434134266712,0.0,0,,
CHIRPS,sst,0,4,Pacifico_ecuatorial,-0.00761390943875954,560,38.331815202964385,0.0,0,,
CHIRPS,sst,0,4,Caribe,0.09068481479745995,67,86.87313241375521,0.0,0,,
CHIRPS,sst,0,4,Atlantico_tropical_norte,0.045373755106776374,198,67.13097679890849,0.0,0,,
CHIRPS,sst,0,4,Atlantico_tropical_oriental,-0.08791729538378804,311,30.332418142091317,0.0,0,,
CHIRPS,sst,0,4,Colombia_contexto,0.11666885098714903,45,91.00526896386808,0.0,0,,
CHIRPS,sst,0,5,Pacifico_ecuatorial,-0.008377539308480628,560,45.043873146817326,0.0,0,,
CHIRPS,sst,0,5,Caribe,-0.12166333085164026,67,28.765836051946476,0.0,0,,
CHIRPS,sst,0,5,Atlantico_tropical_norte,0.11595057104304826,198,83.69707400194486,0.0,0,,
CHIRPS,sst,0,5,Atlantico_tropical_oriental,-0.03021573411459122,311,50.8583941688722,0.0,0,,
CHIRPS,sst,0,5,Colombia_contexto,0.022729689414222126,45,62.36738931516359,0.0,0,,
CHIRPS,sst,0,6,Pacifico_ecuatorial,-0.4380268716249646,560,0.0,0.0,0,,
CHIRPS,sst,0,6,Caribe,0.024818292667507052,67,58.534406922383056,0.0,0,,
CHIRPS,sst,0,6,Atlantico_tropical_norte,0.2143386095272522,198,96.15943392383717,0.0,0,,
CHIRPS,sst,0,6,Atlantico_tropical_oriental,0.15546301825340894,311,75.05315732237655,0.0,0,,
CHIRPS,sst,0,6,Colombia_contexto,-0.16880983183440934,45,32.88431569937113,0.0,0,,
CHIRPS,sst,0,7,Pacifico_ecuatorial,-0.34174367299592845,560,0.353871372645178,0.0,0,,
CHIRPS,sst,0,7,Caribe,0.4765880026234587,67,98.471433851436,0.0,0,,
CHIRPS,sst,0,7,Atlantico_tropical_norte,0.351380863441773,198,92.31886784767433,0.0,0,,
CHIRPS,sst,0,7,Atlantico_tropical_oriental,0.09742710943861521,311,64.4801359521614,0.0,0,,
CHIRPS,sst,0,7,Colombia_contexto,0.1481025957916695,45,48.391893823379775,0.0,0,,
CHIRPS,sst,0,8,Pacifico_ecuatorial,-0.32533982956746554,560,1.4302218249771428,0.0,0,,
CHIRPS,sst,0,8,Caribe,0.3360099156218664,67,98.471433851436,0.0,0,,
CHIRPS,sst,0,8,Atlantico_tropical_norte,0.2095832259899926,198,85.47075738544227,0.0,0,,
CHIRPS,sst,0,8,Atlantico_tropical_oriental,0.29907679428260814,311,89.40529373383598,0.0,0,,
CHIRPS,sst,0,8,Colombia_contexto,0.14339870099326346,45,57.41402828712727,0.0,0,,
CHIRPS,sst,0,9,Pacifico_ecuatorial,-0.3206361778830184,560,0.176935686322589,0.0,0,,
CHIRPS,sst,0,9,Caribe,0.07258909310280522,67,73.53566048250111,0.0,0,,
CHIRPS,sst,0,9,Atlantico_tropical_norte,-0.16023697124976494,198,18.213739514753147,0.0,0,,
CHIRPS,sst,0,9,Atlantico_tropical_oriental,0.11857643616266106,311,75.34581008780621,0.0,0,,
CHIRPS,sst,0,9,Colombia_contexto,-0.09001287254419364,45,43.94380238306398,0.0,0,,
CHIRPS,sst,0,10,Pacifico_ecuatorial,-0.3315766941113645,560,0.0,0.0,0,,
CHIRPS,sst,0,10,Caribe,0.043314302955898894,67,55.692324516819355,0.0,0,,
CHIRPS,sst,0,10,Atlantico_tropical_norte,0.06501178664317629,198,73.10634022702529,0.0,0,,
CHIRPS,sst,0,10,Atlantico_tropical_oriental,0.03733065139394893,311,63.00328513170458,0.0,0,,
CHIRPS,sst,0,10,Colombia_contexto,-0.1972877938116144,45,37.30511049142453,0.0,0,,
CHIRPS,sst,0,11,Pacifico_ecuatorial,-0.4177191271918715,560,0.0,0.0,0,,
CHIRPS,sst,0,11,Caribe,-0.1655491053037716,67,30.275562012547848,0.0,0,,
CHIRPS,sst,0,11,Atlantico_tropical_norte,0.04716442318442013,198,57.707170137065624,0.0,0,,
CHIRPS,sst,0,11,Atlantico_tropical_oriental,0.10313552125018405,311,58.93432003277008,0.0,0,,
CHIRPS,sst,0,11,Colombia_contexto,-0.14271525474744245,45,28.546569617434848,0.0,0,,
CHIRPS,sst,0,12,Pacifico_ecuatorial,-0.3720313289640878,560,2.4770996085162458,0.0,0,,
CHIRPS,sst,0,12,Caribe,-0.13638245013622152,67,30.13052479303468,0.0,0,,
CHIRPS,sst,0,12,Atlantico_tropical_norte,0.3080722339026198,198,96.62517064991614,0.0,0,,
CHIRPS,sst,0,12,Atlantico_tropical_oriental,0.0026121414864867416,311,45.45114467096135,0.0,0,,
CHIRPS,sst,0,12,Colombia_contexto,-0.2144934106162167,45,17.53476504660596,0.0,0,,
CHIRPS,slp,0,1,Pacifico_ecuatorial,0.5498636689780304,369,99.46101609000193,0.0,0,,
CHIRPS,slp,0,1,Caribe,0.19416564380999743,55,76.17956660394863,0.0,0,,
CHIRPS,slp,0,1,Atlantico_tropical_norte,-0.14348225575895968,153,33.42142554664058,0.0,0,,
CHIRPS,slp,0,1,Atlantico_tropical_oriental,-0.3295883538573864,255,0.36493199539590393,0.0,0,,
CHIRPS,slp,0,1,Colombia_contexto,0.28441346946626855,81,80.23304527437946,0.0,0,,
CHIRPS,slp,0,2,Pacifico_ecuatorial,0.2679726329599946,369,98.38175284634849,0.0,0,,
CHIRPS,slp,0,2,Caribe,0.08431905001667878,55,77.97818987511445,0.0,0,,
CHIRPS,slp,0,2,Atlantico_tropical_norte,-0.14888277332919653,153,17.5474058125735,0.0,0,,
CHIRPS,slp,0,2,Atlantico_tropical_oriental,-0.32929805927413325,255,0.0,0.0,0,,
CHIRPS,slp,0,2,Colombia_contexto,0.11005015424348556,81,90.18678411515326,0.0,0,,
CHIRPS,slp,0,3,Pacifico_ecuatorial,0.05758817247823327,369,74.03758476190231,0.0,0,,
CHIRPS,slp,0,3,Caribe,0.11493609878713335,55,94.42822695814638,0.0,0,,
CHIRPS,slp,0,3,Atlantico_tropical_norte,0.054897549518790584,153,58.37951035766306,0.0,0,,
CHIRPS,slp,0,3,Atlantico_tropical_oriental,-0.18286389042824092,255,1.5941800346644668,0.0,0,,
CHIRPS,slp,0,3,Colombia_contexto,0.016596518681519474,81,44.07472005101891,0.0,0,,
CHIRPS,slp,0,4,Pacifico_ecuatorial,0.2233209275101337,369,99.73141312167725,0.0,0,,
CHIRPS,slp,0,4,Caribe,-0.2865558648599188,55,11.143546083707236,0.0,0,,
CHIRPS,slp,0,4,Atlantico_tropical_norte,-0.346861722545386,153,1.3155224826099328,0.0,0,,
CHIRPS,slp,0,4,Atlantico_tropical_oriental,-0.32600897001975304,255,6.300067053260509,0.0,0,,
CHIRPS,slp,0,4,Colombia_contexto,-0.05360364675253465,81,39.675231763123186,0.0,0,,
CHIRPS,slp,0,5,Pacifico_ecuatorial,0.3146672071926235,369,100.0,0.0,0,,
CHIRPS,slp,0,5,Caribe,-0.20780243624768382,55,18.52441980838351,0.0,0,,
CHIRPS,slp,0,5,Atlantico_tropical_norte,-0.25356627763710554,153,3.177950484523727,0.0,0,,
CHIRPS,slp,0,5,Atlantico_tropical_oriental,-0.3005139095288873,255,1.1922943967144206,0.0,0,,
CHIRPS,slp,0,5,Colombia_contexto,0.010484652369757092,81,44.5658125182916,0.0,0,,
CHIRPS,slp,0,6,Pacifico_ecuatorial,0.5607473986213863,369,100.0,0.0,0,,
CHIRPS,slp,0,6,Caribe,-0.4241241797174332,55,9.286288403089364,0.0,0,,
CHIRPS,slp,0,6,Atlantico_tropical_norte,-0.6447923360901652,153,0.0,0.0,0,,
CHIRPS,slp,0,6,Atlantico_tropical_oriental,-0.742036301722609,255,0.0,10.45777732960504,27,-0.8776694403244967,-0.8192605240260155
CHIRPS,slp,0,6,Colombia_contexto,-0.171613188215347,81,33.48434574541563,0.0,0,,
CHIRPS,slp,0,7,Pacifico_ecuatorial,0.3512406153575927,369,97.85130497341797,0.0,0,,
CHIRPS,slp,0,7,Caribe,-0.49204570802776126,55,9.286288403089364,0.0,0,,
CHIRPS,slp,0,7,Atlantico_tropical_norte,-0.6020910989248766,153,0.0,0.0,0,,
CHIRPS,slp,0,7,Atlantico_tropical_oriental,-0.4707972476850701,255,3.3126895713742535,0.0,0,,
CHIRPS,slp,0,7,Colombia_contexto,-0.22012506855813982,81,34.72678367305062,0.0,0,,
CHIRPS,slp,0,8,Pacifico_ecuatorial,0.3820661444207485,369,100.0,0.0,0,,
CHIRPS,slp,0,8,Caribe,-0.4182395207469754,55,12.968699099128298,0.0,0,,
CHIRPS,slp,0,8,Atlantico_tropical_norte,-0.6496725318313947,153,0.0,0.0,0,,
CHIRPS,slp,0,8,Atlantico_tropical_oriental,-0.5389204333693975,255,2.5545239677713276,0.0,0,,
CHIRPS,slp,0,8,Colombia_contexto,-0.16529406908931651,81,35.919586896172774,0.0,0,,
CHIRPS,slp,0,9,Pacifico_ecuatorial,0.29300445664055136,369,91.92248196343922,0.0,0,,
CHIRPS,slp,0,9,Caribe,-0.40593871979478713,55,11.12749375110883,0.0,0,,
CHIRPS,slp,0,9,Atlantico_tropical_norte,-0.3036080148424543,153,2.4686538337925725,0.0,0,,
CHIRPS,slp,0,9,Atlantico_tropical_oriental,-0.4200470294805802,255,4.035478158963281,0.0,0,,
CHIRPS,slp,0,9,Colombia_contexto,-0.2524201475606576,81,33.46545230989889,0.0,0,,
CHIRPS,slp,0,10,Pacifico_ecuatorial,0.38932593944631627,369,100.0,0.0,0,,
CHIRPS,slp,0,10,Caribe,-0.31672358932705114,55,11.143546083707236,0.0,0,,
CHIRPS,slp,0,10,Atlantico_tropical_norte,-0.3438932517296803,153,0.0,0.0,0,,
CHIRPS,slp,0,10,Atlantico_tropical_oriental,-0.2872857775700641,255,2.94068217277557,0.0,0,,
CHIRPS,slp,0,10,Colombia_contexto,0.01388432727400191,81,50.89038306975,0.0,0,,
CHIRPS,slp,0,11,Pacifico_ecuatorial,0.4195257302879242,369,100.0,0.0,0,,
CHIRPS,slp,0,11,Caribe,-0.1854797406699985,55,22.171220928751637,0.0,0,,
CHIRPS,slp,0,11,Atlantico_tropical_norte,-0.4408742609610148,153,0.0,0.0,0,,
CHIRPS,slp,0,11,Atlantico_tropical_oriental,-0.4276193669556495,255,2.94068217277557,0.0,0,,
CHIRPS,slp,0,11,Colombia_contexto,0.03457548681651535,81,46.97750444784758,0.0,0,,
CHIRPS,slp,0,12,Pacifico_ecuatorial,0.2973777642971416,369,97.57210839506294,0.0,0,,
CHIRPS,slp,0,12,Caribe,-0.13730133625226063,55,32.64912100240062,0.0,0,,
CHIRPS,slp,0,12,Atlantico_tropical_norte,-0.32178016626007705,153,0.0,0.0,0,,
CHIRPS,slp,0,12,Atlantico_tropical_oriental,-0.3879522183493691,255,4.014251949354943,0.0,0,,
CHIRPS,slp,0,12,Colombia_contexto,-0.14532836483712008,81,39.49953721951192,0.0,0,,
CHIRPS,z500,0,1,Pacifico_ecuatorial,-0.49279081996003754,369,0.0,0.0,0,,
CHIRPS,z500,0,1,Caribe,-0.6574837045466062,55,0.0,0.0,0,,
CHIRPS,z500,0,1,Atlantico_tropical_norte,-0.4229125043152233,153,0.0,0.0,0,,
CHIRPS,z500,0,1,Atlantico_tropical_oriental,-0.5529096644320064,255,0.0,0.0,0,,
CHIRPS,z500,0,1,Colombia_contexto,-0.6292275629666971,81,0.0,0.0,0,,
CHIRPS,z500,0,2,Pacifico_ecuatorial,-0.36799106102643864,369,0.0,0.0,0,,
CHIRPS,z500,0,2,Caribe,-0.5663174565624282,55,0.0,0.0,0,,
CHIRPS,z500,0,2,Atlantico_tropical_norte,-0.34456787706247993,153,0.0,0.0,0,,
CHIRPS,z500,0,2,Atlantico_tropical_oriental,-0.31343041614487144,255,0.0,0.0,0,,
CHIRPS,z500,0,2,Colombia_contexto,-0.44583289629774414,81,0.0,0.0,0,,
CHIRPS,z500,0,3,Pacifico_ecuatorial,-0.08059482876902899,369,15.469161940372514,0.0,0,,
CHIRPS,z500,0,3,Caribe,-0.17201639022307988,55,5.316524058476619,0.0,0,,
CHIRPS,z500,0,3,Atlantico_tropical_norte,-0.21966334244926794,153,6.1955660586499555,0.0,0,,
CHIRPS,z500,0,3,Atlantico_tropical_oriental,-0.23519588213799605,255,1.8246599769795198,0.0,0,,
CHIRPS,z500,0,3,Colombia_contexto,-0.19015194724049042,81,0.0,0.0,0,,
CHIRPS,z500,0,4,Pacifico_ecuatorial,0.054800331741607956,369,92.19106884176198,0.0,0,,
CHIRPS,z500,0,4,Caribe,-0.19687916815350484,55,0.0,0.0,0,,
CHIRPS,z500,0,4,Atlantico_tropical_norte,-0.22787709327447941,153,0.67837329446562,0.0,0,,
CHIRPS,z500,0,4,Atlantico_tropical_oriental,-0.05662272824032017,255,7.336244438126295,0.0,0,,
CHIRPS,z500,0,4,Colombia_contexto,-0.04394327482431267,81,28.635390301226643,0.0,0,,
CHIRPS,z500,0,5,Pacifico_ecuatorial,0.00843503757567379,369,54.72044408784335,0.0,0,,
CHIRPS,z500,0,5,Caribe,-0.11161135356809582,55,20.191873097762674,0.0,0,,
CHIRPS,z500,0,5,Atlantico_tropical_norte,-0.14975957187725086,153,6.619982824035864,0.0,0,,
CHIRPS,z500,0,5,Atlantico_tropical_oriental,-0.13505889060835516,255,6.376352862338903,0.0,0,,
CHIRPS,z500,0,5,Colombia_contexto,0.000603715518981093,81,50.795744543196164,0.0,0,,
CHIRPS,z500,0,6,Pacifico_ecuatorial,-0.17071532437999562,369,1.6115212699365264,0.0,0,,
CHIRPS,z500,0,6,Caribe,-0.44800729968132086,55,0.0,0.0,0,,
CHIRPS,z500,0,6,Atlantico_tropical_norte,-0.4566438535384309,153,0.0,0.0,0,,
CHIRPS,z500,0,6,Atlantico_tropical_oriental,-0.36134624574972235,255,0.0,0.0,0,,
CHIRPS,z500,0,6,Colombia_contexto,-0.32278738286444036,81,0.0,0.0,0,,
CHIRPS,z500,0,7,Pacifico_ecuatorial,-0.038742365267651756,369,18.639629907242337,0.0,0,,
CHIRPS,z500,0,7,Caribe,-0.2116127133282854,55,0.0,0.0,0,,
CHIRPS,z500,0,7,Atlantico_tropical_norte,-0.2313329545963446,153,3.7029807506888592,0.0,0,,
CHIRPS,z500,0,7,Atlantico_tropical_oriental,-0.19278305449388738,255,3.351589204812159,0.0,0,,
CHIRPS,z500,0,7,Colombia_contexto,-0.17037746446484742,81,0.0,0.0,0,,
CHIRPS,z500,0,8,Pacifico_ecuatorial,-0.11198730713412867,369,6.188359121538698,0.0,0,,
CHIRPS,z500,0,8,Caribe,-0.3606811517949682,55,0.0,0.0,0,,
CHIRPS,z500,0,8,Atlantico_tropical_norte,-0.44338102767590065,153,2.4686538337925725,0.0,0,,
CHIRPS,z500,0,8,Atlantico_tropical_oriental,-0.39944109306925374,255,1.4597279815836157,0.0,0,,
CHIRPS,z500,0,8,Colombia_contexto,-0.3694344852723636,81,0.0,0.0,0,,
CHIRPS,z500,0,9,Pacifico_ecuatorial,-0.22064543400651965,369,3.5268438283935715,0.0,0,,
CHIRPS,z500,0,9,Caribe,-0.5647559225432435,55,0.0,0.0,0,,
CHIRPS,z500,0,9,Atlantico_tropical_norte,-0.4217477488853352,153,1.8514903753444296,0.0,0,,
CHIRPS,z500,0,9,Atlantico_tropical_oriental,-0.6308340079546089,255,0.0,0.0,0,,
CHIRPS,z500,0,9,Colombia_contexto,-0.5509724876883567,81,0.0,0.0,0,,
CHIRPS,z500,0,10,Pacifico_ecuatorial,-0.1503823833369806,369,1.0743475132910176,0.0,0,,
CHIRPS,z500,0,10,Caribe,-0.4141668905001768,55,0.0,0.0,0,,
CHIRPS,z500,0,10,Atlantico_tropical_norte,-0.26162495653572754,153,0.0,0.0,0,,
CHIRPS,z500,0,10,Atlantico_tropical_oriental,-0.34679114552546714,255,3.6846969699729364,0.0,0,,
CHIRPS,z500,0,10,Colombia_contexto,-0.346191100861933,81,0.0,0.0,0,,
CHIRPS,z500,0,11,Pacifico_ecuatorial,-0.24074264303068604,369,0.0,0.0,0,,
CHIRPS,z500,0,11,Caribe,-0.3088978251479571,55,0.0,0.0,0,,
CHIRPS,z500,0,11,Atlantico_tropical_norte,-0.3551622969266397,153,0.0,0.0,0,,
CHIRPS,z500,0,11,Atlantico_tropical_oriental,-0.20584369313826634,255,7.519953398440792,0.0,0,,
CHIRPS,z500,0,11,Colombia_contexto,-0.26994825412437023,81,0.0,0.0,0,,
CHIRPS,z500,0,12,Pacifico_ecuatorial,-0.33270197283652947,369,0.0,0.0,0,,
CHIRPS,z500,0,12,Caribe,-0.4927316370048858,55,0.0,0.0,0,,
CHIRPS,z500,0,12,Atlantico_tropical_norte,-0.19218423029331744,153,11.110453935762465,0.0,0,,
CHIRPS,z500,0,12,Atlantico_tropical_oriental,-0.39238327044294286,255,0.0,0.0,0,,
CHIRPS,z500,0,12,Colombia_contexto,-0.4798892745349946,81,0.0,0.0,0,,
IMERG,sst,0,1,Pacifico_ecuatorial,-0.5419365219156307,560,0.0,0.0,0,,
IMERG,sst,0,1,Caribe,-0.3997677442168848,67,3.046794763446005,0.0,0,,
IMERG,sst,0,1,Atlantico_tropical_norte,-0.2315791980674351,198,22.769209208001577,0.0,0,,
IMERG,sst,0,1,Atlantico_tropical_oriental,-0.45070534489199227,311,2.442673576193021,0.0,0,,
IMERG,sst,0,1,Colombia_contexto,-0.4836888355244443,45,0.0,0.0,0,,
IMERG,sst,0,2,Pacifico_ecuatorial,-0.5476118762250952,560,0.0,0.0,0,,
IMERG,sst,0,2,Caribe,-0.367034742196918,67,0.0,0.0,0,,
IMERG,sst,0,2,Atlantico_tropical_norte,-0.2560398015909965,198,1.0239125596374101,0.0,0,,
IMERG,sst,0,2,Atlantico_tropical_oriental,-0.0810982503269961,311,29.935010388790985,0.0,0,,
IMERG,sst,0,2,Colombia_contexto,-0.35930177077956066,45,0.0,0.0,0,,
IMERG,sst,0,3,Pacifico_ecuatorial,-0.2836221044274535,560,8.558714295126645,0.0,0,,
IMERG,sst,0,3,Caribe,-0.3454811023921039,67,0.0,0.0,0,,
IMERG,sst,0,3,Atlantico_tropical_norte,-0.34194755880522476,198,0.0,0.0,0,,
IMERG,sst,0,3,Atlantico_tropical_oriental,-0.10432806070689993,311,23.707731316758288,0.0,0,,
IMERG,sst,0,3,Colombia_contexto,-0.2748813365964713,45,6.743991224408413,0.0,0,,
IMERG,sst,0,4,Pacifico_ecuatorial,-0.08566273669786495,560,24.426770873682145,0.0,0,,
IMERG,sst,0,4,Caribe,0.21914830143419234,67,100.0,0.0,0,,
IMERG,sst,0,4,Atlantico_tropical_norte,0.012355358495883243,198,59.491115130899175,0.0,0,,
IMERG,sst,0,4,Atlantico_tropical_oriental,-0.09165738202655097,311,30.94534812978445,0.0,0,,
IMERG,sst,0,4,Colombia_contexto,0.09736383739602977,45,73.01031417671904,0.0,0,,
IMERG,sst,0,5,Pacifico_ecuatorial,-0.22258390901059694,560,10.503235716401466,0.0,0,,
IMERG,sst,0,5,Caribe,-0.06422218510982303,67,43.78051340576738,0.0,0,,
IMERG,sst,0,5,Atlantico_tropical_norte,0.2380829286049769,198,95.0291657425416,0.0,0,,
IMERG,sst,0,5,Atlantico_tropical_oriental,-0.028337136374873485,311,40.956150290014634,0.0,0,,
IMERG,sst,0,5,Colombia_contexto,-0.05631839983160119,45,37.38277314405878,0.0,0,,
IMERG,sst,0,6,Pacifico_ecuatorial,-0.5204838734991686,560,0.0,0.0,0,,
IMERG,sst,0,6,Caribe,-0.07890100795445885,67,25.710538634219827,0.0,0,,
IMERG,sst,0,6,Atlantico_tropical_norte,0.08425870940235439,198,79.56583319518417,0.0,0,,
IMERG,sst,0,6,Atlantico_tropical_oriental,0.1555349180427891,311,76.21112501922498,0.0,0,,
IMERG,sst,0,6,Colombia_contexto,-0.24856940138640668,45,21.92287713291409,0.0,0,,
IMERG,sst,0,7,Pacifico_ecuatorial,-0.40257033958463806,560,0.176935686322589,0.0,0,,
IMERG,sst,0,7,Caribe,0.38240539806494817,67,96.94286770287201,0.0,0,,
IMERG,sst,0,7,Atlantico_tropical_norte,0.24273625119425543,198,76.9783137429479,0.0,0,,
IMERG,sst,0,7,Atlantico_tropical_oriental,0.16459673318224285,311,85.50552270757896,0.0,0,,
IMERG,sst,0,7,Colombia_contexto,0.06537569716850275,45,46.17399672379373,0.0,0,,
IMERG,sst,0,8,Pacifico_ecuatorial,-0.32857058655320975,560,2.3317143544078496,0.0,0,,
IMERG,sst,0,8,Caribe,0.14867497534183924,67,85.27454095954332,0.0,0,,
IMERG,sst,0,8,Atlantico_tropical_norte,0.10201362587689126,198,73.12407960724394,0.0,0,,
IMERG,sst,0,8,Atlantico_tropical_oriental,0.27348407343920594,311,90.70198531536444,0.0,0,,
IMERG,sst,0,8,Colombia_contexto,0.08331686291469204,45,66.45120217177916,0.0,0,,
IMERG,sst,0,9,Pacifico_ecuatorial,-0.4445201563618499,560,0.0,0.0,0,,
IMERG,sst,0,9,Caribe,0.03353386544581738,67,58.69706994172781,0.0,0,,
IMERG,sst,0,9,Atlantico_tropical_norte,-0.18267694458915687,198,20.826178597120233,0.0,0,,
IMERG,sst,0,9,Atlantico_tropical_oriental,0.16764575370777982,311,82.7226121353147,0.0,0,,
IMERG,sst,0,9,Colombia_contexto,-0.1968256942864828,45,39.523007591010575,0.0,0,,
IMERG,sst,0,10,Pacifico_ecuatorial,-0.3245431337378119,560,0.0,0.0,0,,
IMERG,sst,0,10,Caribe,-0.110419263447526,67,30.226827815312408,0.0,0,,
IMERG,sst,0,10,Atlantico_tropical_norte,-0.03517813968592878,198,45.77266063246711,0.0,0,,
IMERG,sst,0,10,Atlantico_tropical_oriental,0.13473246098084504,311,79.20208029377449,0.0,0,,
IMERG,sst,0,10,Colombia_contexto,-0.2519315970091315,45,26.31098921922222,0.0,0,,
IMERG,sst,0,11,Pacifico_ecuatorial,-0.5715410892637737,560,0.0,0.0,0,,
IMERG,sst,0,11,Caribe,-0.24008865545346458,67,9.095334700205973,0.0,0,,
IMERG,sst,0,11,Atlantico_tropical_norte,0.1862224815133271,198,95.63038129562624,0.0,0,,
IMERG,sst,0,11,Atlantico_tropical_oriental,0.09859528517943401,311,67.2425736758083,0.0,0,,
IMERG,sst,0,11,Colombia_contexto,-0.3199631902995552,45,0.0,0.0,0,,
IMERG,sst,0,12,Pacifico_ecuatorial,-0.5599717296113945,560,0.0,0.0,0,,
IMERG,sst,0,12,Caribe,-0.2628725305112481,67,25.656284950479645,0.0,0,,
IMERG,sst,0,12,Atlantico_tropical_norte,0.29789030093643315,198,92.60005713872582,0.0,0,,
IMERG,sst,0,12,Atlantico_tropical_oriental,-0.15231703230958846,311,13.844951990422777,0.0,0,,
IMERG,sst,0,12,Colombia_contexto,-0.40673590427736234,45,15.349550652765181,0.0,0,,
IMERG,slp,0,1,Pacifico_ecuatorial,0.5794629955833529,369,98.10513875972876,0.0,0,,
IMERG,slp,0,1,Caribe,0.19629727355058169,55,76.17956660394863,0.0,0,,
IMERG,slp,0,1,Atlantico_tropical_norte,-0.1832026514802295,153,30.823635836829627,0.0,0,,
IMERG,slp,0,1,Atlantico_tropical_oriental,-0.36076209137442716,255,0.36493199539590393,0.0,0,,
IMERG,slp,0,1,Colombia_contexto,0.26566804403119293,81,77.73986468090858,0.0,0,,
IMERG,slp,0,2,Pacifico_ecuatorial,0.4622838793286186,369,99.19242921167918,0.0,0,,
IMERG,slp,0,2,Caribe,0.24424128753199562,55,96.30153697136265,0.0,0,,
IMERG,slp,0,2,Atlantico_tropical_norte,-0.1445683116015536,153,23.18202385594843,0.0,0,,
IMERG,slp,0,2,Atlantico_tropical_oriental,-0.3365157798120382,255,0.0,0.0,0,,
IMERG,slp,0,2,Colombia_contexto,0.3100364973100794,81,100.0,0.0,0,,
IMERG,slp,0,3,Pacifico_ecuatorial,0.23145253405081162,369,99.19423936503173,0.0,0,,
IMERG,slp,0,3,Caribe,0.13051889388244428,55,92.63868351839612,0.0,0,,
IMERG,slp,0,3,Atlantico_tropical_norte,-0.212969252430619,153,13.69725345670177,0.0,0,,
IMERG,slp,0,3,Atlantico_tropical_oriental,-0.48445330422302835,255,0.0,0.0,0,,
IMERG,slp,0,3,Colombia_contexto,0.09545925910351216,81,70.12217177113837,0.0,0,,
IMERG,slp,0,4,Pacifico_ecuatorial,0.17908952406019668,369,97.85130497341797,0.0,0,,
IMERG,slp,0,4,Caribe,-0.3239229512534049,55,5.571773041853618,0.0,0,,
IMERG,slp,0,4,Atlantico_tropical_norte,-0.3438134227799721,153,0.0,0.0,0,,
IMERG,slp,0,4,Atlantico_tropical_oriental,-0.3107112346072627,255,4.049628965368841,0.0,0,,
IMERG,slp,0,4,Colombia_contexto,-0.06710506569281116,81,40.96739241140148,0.0,0,,
IMERG,slp,0,5,Pacifico_ecuatorial,0.3465757913313341,369,100.0,0.0,0,,
IMERG,slp,0,5,Caribe,-0.2292393530018793,55,20.365625156402977,0.0,0,,
IMERG,slp,0,5,Atlantico_tropical_norte,-0.28484393508501693,153,2.5153192139992586,0.0,0,,
IMERG,slp,0,5,Atlantico_tropical_oriental,-0.24499102715847607,255,0.0,0.0,0,,
IMERG,slp,0,5,Colombia_contexto,0.07874863456124277,81,55.72769815767252,0.0,0,,
IMERG,slp,0,6,Pacifico_ecuatorial,0.5511801328263521,369,100.0,0.0,0,,
IMERG,slp,0,6,Caribe,-0.33271448196776965,55,9.286288403089364,0.0,0,,
IMERG,slp,0,6,Atlantico_tropical_norte,-0.6081402012564594,153,0.0,0.0,0,,
IMERG,slp,0,6,Atlantico_tropical_oriental,-0.7754713259759738,255,0.0,29.989382762347233,76,-0.899522138620904,-0.818875835676505
IMERG,slp,0,6,Colombia_contexto,-0.10656654804502957,81,34.72678367305062,0.0,0,,
IMERG,slp,0,7,Pacifico_ecuatorial,0.3646584977124379,369,98.38847873006348,0.0,0,,
IMERG,slp,0,7,Caribe,-0.4045589707379495,55,9.286288403089364,0.0,0,,
IMERG,slp,0,7,Atlantico_tropical_norte,-0.5545021988174267,153,0.0,0.0,0,,
IMERG,slp,0,7,Atlantico_tropical_oriental,-0.492427321197722,255,0.7369393939945873,0.0,0,,
IMERG,slp,0,7,Colombia_contexto,-0.12772099578837523,81,34.72678367305062,0.0,0,,
IMERG,slp,0,8,Pacifico_ecuatorial,0.3731440518420841,369,100.0,0.0,0,,
IMERG,slp,0,8,Caribe,-0.42315246314430244,55,14.82595677974617,0.0,0,,
IMERG,slp,0,8,Atlantico_tropical_norte,-0.651725873838428,153,0.0,0.0,0,,
IMERG,slp,0,8,Atlantico_tropical_oriental,-0.6095621900392458,255,2.93360676957279,0.0,0,,
IMERG,slp,0,8,Colombia_contexto,-0.14325857318581675,81,38.3902610811773,0.0,0,,
IMERG,slp,0,9,Pacifico_ecuatorial,0.3706379784116289,369,98.11989185174072,0.0,0,,
IMERG,slp,0,9,Caribe,-0.3597920038412053,55,14.809904447147765,0.0,0,,
IMERG,slp,0,9,Atlantico_tropical_norte,-0.49677341554361076,153,0.0,0.0,0,,
IMERG,slp,0,9,Atlantico_tropical_oriental,-0.559412999106274,255,2.189591972375424,0.0,0,,
IMERG,slp,0,9,Colombia_contexto,-0.18384968709511768,81,37.13720747155134,0.0,0,,
IMERG,slp,0,10,Pacifico_ecuatorial,0.41007074635191615,369,100.0,0.0,0,,
IMERG,slp,0,10,Caribe,-0.19907291530341076,55,12.984751431726702,0.0,0,,
IMERG,slp,0,10,Atlantico_tropical_norte,-0.3783757068070881,153,0.0,0.0,0,,
IMERG,slp,0,10,Atlantico_tropical_oriental,-0.3766306706198946,255,2.9541248508539364,0.0,0,,
IMERG,slp,0,10,Colombia_contexto,0.09181957973537912,81,57.075390293852315,0.0,0,,
IMERG,slp,0,11,Pacifico_ecuatorial,0.5441019562001751,369,100.0,0.0,0,,
IMERG,slp,0,11,Caribe,-0.12809702894089156,55,29.342733019116796,0.0,0,,
IMERG,slp,0,11,Atlantico_tropical_norte,-0.5352131200418971,153,0.0,0.0,0,,
IMERG,slp,0,11,Atlantico_tropical_oriental,-0.4968146756208126,255,3.677621566770157,0.0,0,,
IMERG,slp,0,11,Colombia_contexto,0.14348810071815765,81,59.378485334692876,0.0,0,,
IMERG,slp,0,12,Pacifico_ecuatorial,0.5917329900352262,369,98.38175284634849,0.0,0,,
IMERG,slp,0,12,Caribe,-0.06073748582556439,55,45.58221052585811,0.0,0,,
IMERG,slp,0,12,Atlantico_tropical_norte,-0.5215720995797453,153,0.0,0.0,0,,
IMERG,slp,0,12,Atlantico_tropical_oriental,-0.5511035428213666,255,1.094795986187712,0.0,0,,
IMERG,slp,0,12,Colombia_contexto,0.024107157814839405,81,50.53136237444589,0.0,0,,
IMERG,z500,0,1,Pacifico_ecuatorial,-0.59746964882974,369,0.0,0.0,0,,
IMERG,z500,0,1,Caribe,-0.6629874174775378,55,0.0,0.0,0,,
IMERG,z500,0,1,Atlantico_tropical_norte,-0.45954240233660676,153,0.0,0.0,0,,
IMERG,z500,0,1,Atlantico_tropical_oriental,-0.5881752599926977,255,0.0,0.0,0,,
IMERG,z500,0,1,Colombia_contexto,-0.6637556523842916,81,0.0,0.0,0,,
IMERG,z500,0,2,Pacifico_ecuatorial,-0.4823956919599657,369,0.0,0.0,0,,
IMERG,z500,0,2,Caribe,-0.5947944032694249,55,0.0,0.0,0,,
IMERG,z500,0,2,Atlantico_tropical_norte,-0.4430543288824465,153,0.0,0.0,0,,
IMERG,z500,0,2,Atlantico_tropical_oriental,-0.3924785783131903,255,0.0,0.0,0,,
IMERG,z500,0,2,Colombia_contexto,-0.5189452470705045,81,0.0,0.0,0,,
IMERG,z500,0,3,Pacifico_ecuatorial,-0.39146388991081166,369,0.0,0.0,0,,
IMERG,z500,0,3,Caribe,-0.45434651754654676,55,0.0,0.0,0,,
IMERG,z500,0,3,Atlantico_tropical_norte,-0.4523160963060952,153,0.0,0.0,0,,
IMERG,z500,0,3,Atlantico_tropical_oriental,-0.48275511726647385,255,0.0,0.0,0,,
IMERG,z500,0,3,Colombia_contexto,-0.5033709066785935,81,0.0,0.0,0,,
IMERG,z500,0,4,Pacifico_ecuatorial,-0.013193073304300022,369,36.59365657156769,0.0,0,,
IMERG,z500,0,4,Caribe,-0.17092776021377348,55,0.0,0.0,0,,
IMERG,z500,0,4,Atlantico_tropical_norte,-0.15922358448915433,153,1.3155224826099328,0.0,0,,
IMERG,z500,0,4,Atlantico_tropical_oriental,-0.14639937709444445,255,1.4597279815836157,0.0,0,,
IMERG,z500,0,4,Colombia_contexto,-0.0720135379489761,81,0.0,0.0,0,,
IMERG,z500,0,5,Pacifico_ecuatorial,-0.09893865675792932,369,13.774534387968137,0.0,0,,
IMERG,z500,0,5,Caribe,-0.04427951787249405,55,45.66729352031711,0.0,0,,
IMERG,z500,0,5,Atlantico_tropical_norte,-0.1512582156819778,153,6.671414488871602,0.0,0,,
IMERG,z500,0,5,Atlantico_tropical_oriental,-0.08796211570443649,255,13.775272381489053,0.0,0,,
IMERG,z500,0,5,Colombia_contexto,-0.04879693380069697,81,31.836696272081554,0.0,0,,
IMERG,z500,0,6,Pacifico_ecuatorial,-0.29231377003942677,369,0.0,0.0,0,,
IMERG,z500,0,6,Caribe,-0.5017009953365499,55,0.0,0.0,0,,
IMERG,z500,0,6,Atlantico_tropical_norte,-0.5221636488404616,153,0.0,0.0,0,,
IMERG,z500,0,6,Atlantico_tropical_oriental,-0.45594071952091814,255,0.0,0.0,0,,
IMERG,z500,0,6,Colombia_contexto,-0.42745369738610506,81,0.0,0.0,0,,
IMERG,z500,0,7,Pacifico_ecuatorial,-0.12562239603646652,369,2.9544556615502984,0.0,0,,
IMERG,z500,0,7,Caribe,-0.23018366195043818,55,0.0,0.0,0,,
IMERG,z500,0,7,Atlantico_tropical_norte,-0.28101392669640995,153,1.2343269168962863,0.0,0,,
IMERG,z500,0,7,Atlantico_tropical_oriental,-0.20450977398485334,255,4.83183526767692,0.0,0,,
IMERG,z500,0,7,Colombia_contexto,-0.22108810875387622,81,0.0,0.0,0,,
IMERG,z500,0,8,Pacifico_ecuatorial,-0.2668149464318094,369,0.0,0.0,0,,
IMERG,z500,0,8,Caribe,-0.45773345976229124,55,0.0,0.0,0,,
IMERG,z500,0,8,Atlantico_tropical_norte,-0.51029228222327,153,0.0,0.0,0,,
IMERG,z500,0,8,Atlantico_tropical_oriental,-0.3960864948353745,255,2.5821174522552526,0.0,0,,
IMERG,z500,0,8,Colombia_contexto,-0.44474503934670245,81,0.0,0.0,0,,
IMERG,z500,0,9,Pacifico_ecuatorial,-0.3281616919348923,369,0.0,0.0,0,,
IMERG,z500,0,9,Caribe,-0.579490308903834,55,0.0,0.0,0,,
IMERG,z500,0,9,Atlantico_tropical_norte,-0.5617362985408221,153,0.0,0.0,0,,
IMERG,z500,0,9,Atlantico_tropical_oriental,-0.6599228790124391,255,0.0,0.0,0,,
IMERG,z500,0,9,Colombia_contexto,-0.606534201356665,81,0.0,0.0,0,,
IMERG,z500,0,10,Pacifico_ecuatorial,-0.206133737764886,369,1.0743475132910176,0.0,0,,
IMERG,z500,0,10,Caribe,-0.4026941916070737,55,0.0,0.0,0,,
IMERG,z500,0,10,Atlantico_tropical_norte,-0.36099894870214394,153,0.0,0.0,0,,
IMERG,z500,0,10,Atlantico_tropical_oriental,-0.2801857140109514,255,6.728635364983856,0.0,0,,
IMERG,z500,0,10,Colombia_contexto,-0.4042970009171055,81,0.0,0.0,0,,
IMERG,z500,0,11,Pacifico_ecuatorial,-0.4718741410954318,369,0.0,0.0,0,,
IMERG,z500,0,11,Caribe,-0.3392186880564796,55,0.0,0.0,0,,
IMERG,z500,0,11,Atlantico_tropical_norte,-0.3862721592318238,153,0.0,0.0,0,,
IMERG,z500,0,11,Atlantico_tropical_oriental,-0.3717870299870643,255,0.0,0.0,0,,
IMERG,z500,0,11,Colombia_contexto,-0.4446707271317546,81,0.0,0.0,0,,
IMERG,z500,0,12,Pacifico_ecuatorial,-0.4763712482671337,369,0.0,0.0,0,,
IMERG,z500,0,12,Caribe,-0.41377558912931733,55,0.0,0.0,0,,
IMERG,z500,0,12,Atlantico_tropical_norte,-0.39509927826927294,153,0.0,0.0,0,,
IMERG,z500,0,12,Atlantico_tropical_oriental,-0.5645112493830726,255,0.0,0.0,0,,
IMERG,z500,0,12,Colombia_contexto,-0.4887561613016699,81,0.0,0.0,0,,
Q,sst,0,1,Pacifico_ecuatorial,-0.6510956274335347,560,0.0,0.0,0,,
Q,sst,0,1,Caribe,-0.440099566700628,67,3.046794763446005,0.0,0,,
Q,sst,0,1,Atlantico_tropical_norte,-0.1783635103367442,198,25.862568451020827,0.0,0,,
Q,sst,0,1,Atlantico_tropical_oriental,-0.395056235963785,311,2.752791746921629,0.0,0,,
Q,sst,0,1,Colombia_contexto,-0.5304753240368361,45,0.0,0.0,0,,
Q,sst,0,2,Pacifico_ecuatorial,-0.7169317836980946,560,0.0,33.814734197560234,189,-0.9127374705177547,-0.8197074496619665
Q,sst,0,2,Caribe,-0.595397806410283,67,0.0,0.0,0,,
Q,sst,0,2,Atlantico_tropical_norte,-0.3798046883753371,198,0.0,0.0,0,,
Q,sst,0,2,Atlantico_tropical_oriental,-0.3451107072044156,311,12.062701502581863,0.0,0,,
Q,sst,0,2,Colombia_contexto,-0.5406623673622064,45,0.0,0.0,0,,
Q,sst,0,3,Pacifico_ecuatorial,-0.6097926417738414,560,0.0,8.929696280030859,50,-0.8515095184564891,-0.8187830603588986
Q,sst,0,3,Caribe,-0.5151656165126679,67,0.0,0.0,0,,
Q,sst,0,3,Atlantico_tropical_norte,-0.3420753751484033,198,0.0,0.0,0,,
Q,sst,0,3,Atlantico_tropical_oriental,-0.1637712532867027,311,21.754500412854206,0.0,0,,
Q,sst,0,3,Colombia_contexto,-0.41800268194080725,45,0.0,0.0,0,,
Q,sst,0,4,Pacifico_ecuatorial,-0.47698926227562544,560,0.0,0.0,0,,
Q,sst,0,4,Caribe,-0.4609029187798281,67,0.0,0.0,0,,
Q,sst,0,4,Atlantico_tropical_norte,-0.3771064256200005,198,0.0,0.0,0,,
Q,sst,0,4,Atlantico_tropical_oriental,-0.17328709857015315,311,21.535560123699724,0.0,0,,
Q,sst,0,4,Colombia_contexto,-0.3807298168885227,45,0.0,0.0,0,,
Q,sst,0,5,Pacifico_ecuatorial,-0.2572198548137653,560,3.232769761646074,0.0,0,,
Q,sst,0,5,Caribe,-0.19671536516961988,67,3.036457229764016,0.0,0,,
Q,sst,0,5,Atlantico_tropical_norte,0.022856366904296783,198,60.68907138214804,0.0,0,,
Q,sst,0,5,Atlantico_tropical_oriental,0.049364754529808465,311,69.98347510511599,0.0,0,,
Q,sst,0,5,Colombia_contexto,-0.15102330139523468,45,2.2028976924673587,0.0,0,,
Q,sst,0,6,Pacifico_ecuatorial,-0.4670007773909685,560,0.0,0.0,0,,
Q,sst,0,6,Caribe,-0.1572796934599197,67,16.648081111062563,0.0,0,,
Q,sst,0,6,Atlantico_tropical_norte,0.07962145897497587,198,94.56368865925646,0.0,0,,
Q,sst,0,6,Atlantico_tropical_oriental,0.1269395166029046,311,68.28743481253142,0.0,0,,
Q,sst,0,6,Colombia_contexto,-0.2516723857919988,45,6.6086930774020765,0.0,0,,
Q,sst,0,7,Pacifico_ecuatorial,-0.481858575173518,560,0.0,0.0,0,,
Q,sst,0,7,Caribe,0.12595682511273376,67,70.54855349102104,0.0,0,,
Q,sst,0,7,Atlantico_tropical_norte,0.24702519162591596,198,83.56410915713114,0.0,0,,
Q,sst,0,7,Atlantico_tropical_oriental,0.0892780709581629,311,57.14632268836446,0.0,0,,
Q,sst,0,7,Colombia_contexto,-0.005654913326287235,45,41.725905283477935,0.0,0,,
Q,sst,0,8,Pacifico_ecuatorial,-0.541297018354968,560,0.0,0.35736195939076065,2,-0.8469105323438247,-0.8464955459249556
Q,sst,0,8,Caribe,0.07406248578873163,67,77.6957046916195,0.0,0,,
Q,sst,0,8,Atlantico_tropical_norte,0.14716677979263956,198,78.16505326321825,0.0,0,,
Q,sst,0,8,Atlantico_tropical_oriental,0.20606439957312842,311,83.3846100918709,0.0,0,,
Q,sst,0,8,Colombia_contexto,-0.10440042762832646,45,37.30511049142453,0.0,0,,
Q,sst,0,9,Pacifico_ecuatorial,-0.5598527630857754,560,0.0,0.0,0,,
Q,sst,0,9,Caribe,0.0008643250993429871,67,54.2161452404749,0.0,0,,
Q,sst,0,9,Atlantico_tropical_norte,-0.02040839789615498,198,44.16402004294029,0.0,0,,
Q,sst,0,9,Atlantico_tropical_oriental,0.11845735705066468,311,68.35196578224777,0.0,0,,
Q,sst,0,9,Colombia_contexto,-0.1357408162953438,45,37.30511049142453,0.0,0,,
Q,sst,0,10,Pacifico_ecuatorial,-0.6086576041220717,560,0.0,0.0,0,,
Q,sst,0,10,Caribe,-0.24501675072211204,67,27.228767249101836,0.0,0,,
Q,sst,0,10,Atlantico_tropical_norte,-0.12098303527765156,198,19.641032802370404,0.0,0,,
Q,sst,0,10,Atlantico_tropical_oriental,0.060381654422832276,311,60.81814547947542,0.0,0,,
Q,sst,0,10,Colombia_contexto,-0.33939042816692216,45,24.125774825381445,0.0,0,,
Q,sst,0,11,Pacifico_ecuatorial,-0.645357522996313,560,0.0,0.0,0,,
Q,sst,0,11,Caribe,-0.25832479208684805,67,3.046794763446005,0.0,0,,
Q,sst,0,11,Atlantico_tropical_norte,0.05018319620100919,198,48.80273528852203,0.0,0,,
Q,sst,0,11,Atlantico_tropical_oriental,0.0508146939105274,311,52.46214801131445,0.0,0,,
Q,sst,0,11,Colombia_contexto,-0.37240368094267956,45,0.0,0.0,0,,
Q,sst,0,12,Pacifico_ecuatorial,-0.581319280373587,560,0.0,0.0,0,,
Q,sst,0,12,Caribe,-0.4915519683720753,67,6.071064731825988,0.0,0,,
Q,sst,0,12,Atlantico_tropical_norte,0.26737454136023914,198,89.8133832959707,0.0,0,,
Q,sst,0,12,Atlantico_tropical_oriental,-0.1384264305199987,311,21.73314667999725,0.0,0,,
Q,sst,0,12,Colombia_contexto,-0.4558948620546719,45,0.0,0.0,0,,
Q,sst,1,1,Pacifico_ecuatorial,-0.7010554876444942,560,0.0,0.0,0,,
Q,sst,1,1,Caribe,-0.3282957372854488,67,18.168144605345923,0.0,0,,
Q,sst,1,1,Atlantico_tropical_norte,0.09993693999698382,198,66.68639301417234,0.0,0,,
Q,sst,1,1,Atlantico_tropical_oriental,-0.29889368525433374,311,10.489619992027855,0.0,0,,
Q,sst,1,1,Colombia_contexto,-0.4890446862453442,45,10.979121865083627,0.0,0,,
Q,sst,1,2,Pacifico_ecuatorial,-0.751894479569434,560,0.0,34.195457634809124,191,-0.8916826984985072,-0.8188021724407176
Q,sst,1,2,Caribe,-0.3901905265535307,67,0.0,0.0,0,,
Q,sst,1,2,Atlantico_tropical_norte,-0.2587017216854308,198,9.896660474574999,0.0,0,,
Q,sst,1,2,Atlantico_tropical_oriental,-0.37598386081381385,311,6.075291142504933,0.0,0,,
Q,sst,1,2,Colombia_contexto,-0.5199659616110351,45,0.0,0.0,0,,
Q,sst,1,3,Pacifico_ecuatorial,-0.6485446810774321,560,0.0,21.624403372655074,121,-0.8846709322977273,-0.8192621702355785
Q,sst,1,3,Caribe,-0.4871843712198307,67,0.0,0.0,0,,
Q,sst,1,3,Atlantico_tropical_norte,-0.30083684588519494,198,0.0,0.0,0,,
Q,sst,1,3,Atlantico_tropical_oriental,-0.25009370518652446,311,14.623119766149395,0.0,0,,
Q,sst,1,3,Colombia_contexto,-0.4421985097374668,45,0.0,0.0,0,,
Q,sst,1,4,Pacifico_ecuatorial,-0.5191847617851497,560,0.0,0.0,0,,
Q,sst,1,4,Caribe,-0.5186428908115043,67,0.0,0.0,0,,
Q,sst,1,4,Atlantico_tropical_norte,-0.40076828765350575,198,0.0,0.0,0,,
Q,sst,1,4,Atlantico_tropical_oriental,-0.2234156606957471,311,6.054263414103624,0.0,0,,
Q,sst,1,4,Colombia_contexto,-0.47957758950273116,45,0.0,0.0,0,,
Q,sst,1,5,Pacifico_ecuatorial,-0.3423476042474768,560,0.5308070589677668,0.0,0,,
Q,sst,1,5,Caribe,-0.36225287839802894,67,0.0,0.0,0,,
Q,sst,1,5,Atlantico_tropical_norte,-0.058367748920735346,198,32.47949744003151,0.0,0,,
Q,sst,1,5,Atlantico_tropical_oriental,-0.02524483893475636,311,42.34849472898063,0.0,0,,
Q,sst,1,5,Colombia_contexto,-0.2065313066100974,45,0.0,0.0,0,,
Q,sst,1,6,Pacifico_ecuatorial,-0.48810615033884264,560,0.0,0.0,0,,
Q,sst,1,6,Caribe,-0.23976469868346698,67,0.0,0.0,0,,
Q,sst,1,6,Atlantico_tropical_norte,0.04483447610822689,198,63.281490217599035,0.0,0,,
Q,sst,1,6,Atlantico_tropical_oriental,0.0674164602486602,311,64.8947819239217,0.0,0,,
Q,sst,1,6,Colombia_contexto,-0.29274362665033876,45,0.0,0.0,0,,
Q,sst,1,7,Pacifico_ecuatorial,-0.467079952114267,560,0.0,0.0,0,,
Q,sst,1,7,Caribe,0.035979219111540596,67,56.80672003616235,0.0,0,,
Q,sst,1,7,Atlantico_tropical_norte,0.31500004469969967,198,98.07971696191858,0.0,0,,
Q,sst,1,7,Atlantico_tropical_oriental,0.16935179763067973,311,65.53698131165523,0.0,0,,
Q,sst,1,7,Colombia_contexto,-0.12194856821823048,45,24.125774825381445,0.0,0,,
Q,sst,1,8,Pacifico_ecuatorial,-0.5666108993211812,560,0.0,0.0,0,,
Q,sst,1,8,Caribe,0.08982206034924933,67,67.55414559979457,0.0,0,,
Q,sst,1,8,Atlantico_tropical_norte,0.2506590715621335,198,82.60278038973617,0.0,0,,
Q,sst,1,8,Atlantico_tropical_oriental,0.1464416156838361,311,64.6460124759498,0.0,0,,
Q,sst,1,8,Colombia_contexto,-0.08371780140977808,45,39.523007591010575,0.0,0,,
Q,sst,1,9,Pacifico_ecuatorial,-0.5350834229646122,560,0.0,0.0,0,,
Q,sst,1,9,Caribe,0.09473168682009937,67,83.48654865575165,0.0,0,,
Q,sst,1,9,Atlantico_tropical_norte,0.0406137918000414,198,65.10970984190682,0.0,0,,
Q,sst,1,9,Atlantico_tropical_oriental,0.2284112924702739,311,86.60759696146035,0.0,0,,
Q,sst,1,9,Colombia_contexto,-0.11347793852104968,45,32.88431569937113,0.0,0,,
Q,sst,1,10,Pacifico_ecuatorial,-0.5870561922518401,560,0.0,0.0,0,,
Q,sst,1,10,Caribe,0.00040511997047872305,67,54.2526921763263,0.0,0,,
Q,sst,1,10,Atlantico_tropical_norte,-0.04471761630113056,198,39.597785029901175,0.0,0,,
Q,sst,1,10,Atlantico_tropical_oriental,0.07463544045100909,311,70.73522400390864,0.0,0,,
Q,sst,1,10,Colombia_contexto,-0.18345136647102514,45,39.523007591010575,0.0,0,,
Q,sst,1,11,Pacifico_ecuatorial,-0.6424631082221239,560,0.0,0.0,0,,
Q,sst,1,11,Caribe,-0.12690512764928438,67,40.747740783106764,0.0,0,,
Q,sst,1,11,Atlantico_tropical_norte,-0.09863912072128203,198,31.154664125631754,0.0,0,,
Q,sst,1,11,Atlantico_tropical_oriental,0.13638470076316925,311,74.78814828892655,0.0,0,,
Q,sst,1,11,Colombia_contexto,-0.2486627104800879,45,32.9169984051164,0.0,0,,
Q,sst,1,12,Pacifico_ecuatorial,-0.5979675178359698,560,0.0,0.0,0,,
Q,sst,1,12,Caribe,-0.2403929101748313,67,18.15412246456054,0.0,0,,
Q,sst,1,12,Atlantico_tropical_norte,0.16260334648531954,198,95.63038129562624,0.0,0,,
Q,sst,1,12,Atlantico_tropical_oriental,-0.07863893265526944,311,35.72153309312952,0.0,0,,
Q,sst,1,12,Colombia_contexto,-0.33687118414507505,45,8.793907471242852,0.0,0,,
Q,slp,0,1,Pacifico_ecuatorial,0.5853690965252859,369,97.56408118676596,0.0,0,,
Q,slp,0,1,Caribe,0.09189187777266056,55,74.3809433327828,0.0,0,,
Q,slp,0,1,Atlantico_tropical_norte,-0.3465286873529273,153,9.9344440205916,0.0,0,,
Q,slp,0,1,Atlantico_tropical_oriental,-0.5684105485120122,255,0.0,0.0,0,,
Q,slp,0,1,Colombia_contexto,0.14189990656333595,81,60.32437156958619,0.0,0,,
Q,slp,0,2,Pacifico_ecuatorial,0.6199179691699104,369,99.19242921167918,0.0,0,,
Q,slp,0,2,Caribe,0.4368020691838551,55,96.30153697136265,0.0,0,,
Q,slp,0,2,Atlantico_tropical_norte,-0.11012957444486195,153,39.86691325722159,0.0,0,,
Q,slp,0,2,Atlantico_tropical_oriental,-0.4553888955891143,255,0.0,0.0,0,,
Q,slp,0,2,Colombia_contexto,0.43023089995881647,81,100.0,0.0,0,,
Q,slp,0,3,Pacifico_ecuatorial,0.3743461580256313,369,97.29860578637776,0.0,0,,
Q,slp,0,3,Caribe,0.16929029355709205,55,85.4384531942947,0.0,0,,
Q,slp,0,3,Atlantico_tropical_norte,-0.43640826824445306,153,0.0,0.0,0,,
Q,slp,0,3,Atlantico_tropical_oriental,-0.7152356343974459,255,0.0,1.9758485308722478,5,-0.8467134386958435,-0.8212224779590551
Q,slp,0,3,Colombia_contexto,0.06296954646250552,81,67.63373706094491,0.0,0,,
Q,slp,0,4,Pacifico_ecuatorial,0.15092928369499678,369,79.39041355483666,0.0,0,,
Q,slp,0,4,Caribe,0.11060910929610183,55,92.58702161012692,0.0,0,,
Q,slp,0,4,Atlantico_tropical_norte,-0.17855024159920524,153,15.680315920039511,0.0,0,,
Q,slp,0,4,Atlantico_tropical_oriental,-0.4080346216603757,255,0.0,0.0,0,,
Q,slp,0,4,Colombia_contexto,0.04497998656910344,81,65.16424090940264,0.0,0,,
Q,slp,0,5,Pacifico_ecuatorial,0.2810212547407125,369,99.4628262433545,0.0,0,,
Q,slp,0,5,Caribe,-0.14877030778681824,55,18.508367475785104,0.0,0,,
Q,slp,0,5,Atlantico_tropical_norte,-0.3625787218258813,153,0.0,0.0,0,,
Q,slp,0,5,Atlantico_tropical_oriental,-0.527420525359532,255,0.0,0.0,0,,
Q,slp,0,5,Colombia_contexto,0.04126793588623416,81,50.755538640996214,0.0,0,,
Q,slp,0,6,Pacifico_ecuatorial,0.2929780795379945,369,97.28901767783641,0.0,0,,
Q,slp,0,6,Caribe,-0.2991865452177477,55,0.0,0.0,0,,
Q,slp,0,6,Atlantico_tropical_norte,-0.5129789402433904,153,0.0,0.0,0,,
Q,slp,0,6,Atlantico_tropical_oriental,-0.6648791548227065,255,0.0,0.0,0,,
Q,slp,0,6,Colombia_contexto,-0.12616826494575595,81,26.106650447672635,0.0,0,,
Q,slp,0,7,Pacifico_ecuatorial,0.45858180217400524,369,99.19423936503173,0.0,0,,
Q,slp,0,7,Caribe,-0.3427807525699342,55,3.714515361235745,0.0,0,,
Q,slp,0,7,Atlantico_tropical_norte,-0.3775647546196351,153,0.0,0.0,0,,
Q,slp,0,7,Atlantico_tropical_oriental,-0.3549133950297016,255,7.050449125333462,0.0,0,,
Q,slp,0,7,Colombia_contexto,-0.11442288036012176,81,31.04207490094201,0.0,0,,
Q,slp,0,8,Pacifico_ecuatorial,0.4540384217168005,369,99.73141312167725,0.0,0,,
Q,slp,0,8,Caribe,-0.4360424080489371,55,9.286288403089364,0.0,0,,
Q,slp,0,8,Atlantico_tropical_norte,-0.6183375036119179,153,0.0,0.0,0,,
Q,slp,0,8,Atlantico_tropical_oriental,-0.5655889630278234,255,0.0,0.0,0,,
Q,slp,0,8,Colombia_contexto,-0.07037243456665987,81,38.45647827741681,0.0,0,,
Q,slp,0,9,Pacifico_ecuatorial,0.3713190806225454,369,97.58271809509522,0.0,0,,
Q,slp,0,9,Caribe,-0.4574452725689942,55,3.714515361235745,0.0,0,,
Q,slp,0,9,Atlantico_tropical_norte,-0.590840970037947,153,0.0,0.0,0,,
Q,slp,0,9,Atlantico_tropical_oriental,-0.5721389092313326,255,4.779492956160649,0.40112569301351947,1,-0.824663569698385,-0.824663569698385
Q,slp,0,9,Colombia_contexto,-0.21194157848837009,81,29.799636973307013,0.0,0,,
Q,slp,0,10,Pacifico_ecuatorial,0.68203895744582,369,100.0,0.0,0,,
Q,slp,0,10,Caribe,-0.09907484225388576,55,25.90529353305978,0.0,0,,
Q,slp,0,10,Atlantico_tropical_norte,-0.36677475552175626,153,3.7029807506888592,0.0,0,,
Q,slp,0,10,Atlantico_tropical_oriental,-0.4029285453131949,255,0.7298639907918079,0.0,0,,
Q,slp,0,10,Colombia_contexto,0.21963482677983953,81,68.09299370727486,0.0,0,,
Q,slp,0,11,Pacifico_ecuatorial,0.5941222019043827,369,100.0,0.0,0,,
Q,slp,0,11,Caribe,-0.06692266776679409,55,34.81337073391301,0.0,0,,
Q,slp,0,11,Atlantico_tropical_norte,-0.4462787465550112,153,0.0,0.0,0,,
Q,slp,0,11,Atlantico_tropical_oriental,-0.47834384496706644,255,4.414560960764744,0.0,0,,
Q,slp,0,11,Colombia_contexto,0.21334768386468345,81,80.46330766307206,0.0,0,,
Q,slp,0,12,Pacifico_ecuatorial,0.5399667676352136,369,95.93961697817004,0.0,0,,
Q,slp,0,12,Caribe,0.04503230433663683,55,52.831914268747724,0.0,0,,
Q,slp,0,12,Atlantico_tropical_norte,-0.5351814618102572,153,0.0,0.0,0,,
Q,slp,0,12,Atlantico_tropical_oriental,-0.588898629267549,255,0.0,0.0,0,,
Q,slp,0,12,Colombia_contexto,0.08442099416933574,81,54.20079967887909,0.0,0,,
Q,slp,1,1,Pacifico_ecuatorial,0.6822327313126914,369,99.73141312167725,0.0,0,,
Q,slp,1,1,Caribe,0.15429211623923517,55,63.586890217575444,0.0,0,,
Q,slp,1,1,Atlantico_tropical_norte,-0.4496584935509391,153,2.4686538337925725,0.0,0,,
Q,slp,1,1,Atlantico_tropical_oriental,-0.5124777466152224,255,2.9194559631672314,0.0,0,,
Q,slp,1,1,Colombia_contexto,0.14489413697379808,81,56.65493426515297,0.0,0,,
Q,slp,1,2,Pacifico_ecuatorial,0.5615516625019135,369,97.56408118676596,0.0,0,,
Q,slp,1,2,Caribe,0.023787069734244912,55,65.35906490373432,0.0,0,,
Q,slp,1,2,Atlantico_tropical_norte,-0.39468697579562956,153,4.949273404669407,0.0,0,,
Q,slp,1,2,Atlantico_tropical_oriental,-0.6579460014522922,255,0.0,0.0,0,,
Q,slp,1,2,Colombia_contexto,0.05672260657451684,81,55.41249633751798,0.0,0,,
Q,slp,1,3,Pacifico_ecuatorial,0.5036220586518078,369,99.19242921167918,0.0,0,,
Q,slp,1,3,Caribe,0.2702872811803191,55,96.30153697136265,0.0,0,,
Q,slp,1,3,Atlantico_tropical_norte,-0.05551188161377027,153,44.421359063242974,0.0,0,,
Q,slp,1,3,Atlantico_tropical_oriental,-0.4264761704072236,255,0.0,0.0,0,,
Q,slp,1,3,Colombia_contexto,0.23639027540149848,81,85.055154089007,0.0,0,,
Q,slp,1,4,Pacifico_ecuatorial,-0.19994353760683148,369,8.605641026443488,0.0,0,,
Q,slp,1,4,Caribe,0.03804506357663067,55,59.623936055648926,0.0,0,,
Q,slp,1,4,Atlantico_tropical_norte,-0.22679319069859716,153,14.314416915149911,0.0,0,,
Q,slp,1,4,Atlantico_tropical_oriental,-0.5042443041367732,255,0.0,0.0,0,,
Q,slp,1,4,Colombia_contexto,-0.16291632997442224,81,18.224514337696814,0.0,0,,
Q,slp,1,5,Pacifico_ecuatorial,0.038024741756297796,369,58.324983896075786,0.0,0,,
Q,slp,1,5,Caribe,-0.08612814536172643,55,23.480020258967066,0.0,0,,
Q,slp,1,5,Atlantico_tropical_norte,-0.41579777907993337,153,1.8861900184668539,0.0,0,,
Q,slp,1,5,Atlantico_tropical_oriental,-0.46489608356065804,255,0.7503820720729536,0.0,0,,
Q,slp,1,5,Colombia_contexto,-0.17454354396286248,81,17.25615782257989,0.0,0,,
Q,slp,1,6,Pacifico_ecuatorial,0.2776982485372802,369,98.38847873006348,0.0,0,,
Q,slp,1,6,Caribe,-0.25333929550743095,55,5.571773041853618,0.0,0,,
Q,slp,1,6,Atlantico_tropical_norte,-0.46681881008263126,153,0.0,0.0,0,,
Q,slp,1,6,Atlantico_tropical_oriental,-0.5600782353795141,255,0.0,0.0,0,,
Q,slp,1,6,Colombia_contexto,-0.008868760111276727,81,52.16476520305595,0.0,0,,
Q,slp,1,7,Pacifico_ecuatorial,0.5081691110115254,369,99.4628262433545,0.0,0,,
Q,slp,1,7,Caribe,-0.2942013422869515,55,5.571773041853618,0.0,0,,
Q,slp,1,7,Atlantico_tropical_norte,-0.44356166319410856,153,0.0,0.0,0,,
Q,slp,1,7,Atlantico_tropical_oriental,-0.4741730430364783,255,0.0,0.0,0,,
Q,slp,1,7,Colombia_contexto,-0.05490374701452227,81,32.27031115831154,0.0,0,,
Q,slp,1,8,Pacifico_ecuatorial,0.44148591775103263,369,99.73141312167725,0.0,0,,
Q,slp,1,8,Caribe,-0.32393294595515093,55,7.42903072247149,0.0,0,,
Q,slp,1,8,Atlantico_tropical_norte,-0.47181372965046814,153,0.0,0.0,0,,
Q,slp,1,8,Atlantico_tropical_oriental,-0.38368508058959533,255,8.530695188198225,0.0,0,,
Q,slp,1,8,Colombia_contexto,-0.044352783650928845,81,34.73506142657639,0.0,0,,
Q,slp,1,9,Pacifico_ecuatorial,0.44127956500060234,369,100.0,0.0,0,,
Q,slp,1,9,Caribe,-0.27613748148347506,55,14.82595677974617,0.0,0,,
Q,slp,1,9,Atlantico_tropical_norte,-0.4587807924845914,153,0.0,0.0,0,,
Q,slp,1,9,Atlantico_tropical_oriental,-0.450648220144891,255,0.0,0.0,0,,
Q,slp,1,9,Colombia_contexto,-0.001994101142693949,81,40.87395890298503,0.0,0,,
Q,slp,1,10,Pacifico_ecuatorial,0.42971294147814243,369,100.0,0.0,0,,
Q,slp,1,10,Caribe,-0.12464029049277696,55,20.365625156402977,0.0,0,,
Q,slp,1,10,Atlantico_tropical_norte,-0.3176255305766309,153,10.69634287224768,0.0,0,,
Q,slp,1,10,Atlantico_tropical_oriental,-0.42029953474087833,255,0.0,0.0,0,,
Q,slp,1,10,Colombia_contexto,0.09927951710096852,81,56.979618856970674,0.0,0,,
Q,slp,1,11,Pacifico_ecuatorial,0.6344203861446653,369,100.0,0.0,0,,
Q,slp,1,11,Caribe,0.06956131721469838,55,54.90192001513725,0.0,0,,
Q,slp,1,11,Atlantico_tropical_norte,-0.09138065068691505,153,40.599467164049294,0.0,0,,
Q,slp,1,11,Atlantico_tropical_oriental,-0.23348105076028572,255,3.374143614039381,0.0,0,,
Q,slp,1,11,Colombia_contexto,0.32889361397840533,81,91.46226303054429,0.0,0,,
Q,slp,1,12,Pacifico_ecuatorial,0.6464767591523735,369,100.0,0.0,0,,
Q,slp,1,12,Caribe,-0.0981144783940831,55,34.81337073391301,0.0,0,,
Q,slp,1,12,Atlantico_tropical_norte,-0.5721842859613937,153,0.0,0.0,0,,
Q,slp,1,12,Atlantico_tropical_oriental,-0.48216001827779764,255,5.543317706311968,0.0,0,,
Q,slp,1,12,Colombia_contexto,0.16403811101787613,81,59.31694191392123,0.0,0,,
Q,z500,0,1,Pacifico_ecuatorial,-0.714826890767584,369,0.0,0.0,0,,
Q,z500,0,1,Caribe,-0.7270186484179127,55,0.0,38.69594475383404,21,-0.8583342680472325,-0.8204004484366781
Q,z500,0,1,Atlantico_tropical_norte,-0.5020555453210892,153,0.0,0.6648229764693331,1,-0.8299624486801609,-0.8299624486801609
Q,z500,0,1,Atlantico_tropical_oriental,-0.6913824085125774,255,0.0,0.0,0,,
Q,z500,0,1,Colombia_contexto,-0.7698719889993767,81,0.0,18.289202104993777,15,-0.8583342680472325,-0.8204004484366781
Q,z500,0,2,Pacifico_ecuatorial,-0.6689412677923395,369,0.0,0.0,0,,
Q,z500,0,2,Caribe,-0.6909933014770154,55,0.0,0.0,0,,
Q,z500,0,2,Atlantico_tropical_norte,-0.541866911816894,153,0.0,0.0,0,,
Q,z500,0,2,Atlantico_tropical_oriental,-0.6838487778078695,255,0.0,0.0,0,,
Q,z500,0,2,Colombia_contexto,-0.7315453691112901,81,0.0,0.0,0,,
Q,z500,0,3,Pacifico_ecuatorial,-0.6831578463441477,369,0.0,0.0,0,,
Q,z500,0,3,Caribe,-0.6573697691049959,55,0.0,0.0,0,,
Q,z500,0,3,Atlantico_tropical_norte,-0.6563885675356769,153,0.0,0.0,0,,
Q,z500,0,3,Atlantico_tropical_oriental,-0.7716357070698827,255,0.0,1.1562500288528395,3,-0.8395199339768339,-0.8193567470655267
Q,z500,0,3,Colombia_contexto,-0.7503629832654665,81,0.0,0.0,0,,
Q,z500,0,4,Pacifico_ecuatorial,-0.6301735712809635,369,0.0,0.0,0,,
Q,z500,0,4,Caribe,-0.5778022180159861,55,0.0,0.0,0,,
Q,z500,0,4,Atlantico_tropical_norte,-0.5951068229632993,153,0.0,0.0,0,,
Q,z500,0,4,Atlantico_tropical_oriental,-0.5368265609417758,255,0.0,0.0,0,,
Q,z500,0,4,Colombia_contexto,-0.6103732407600959,81,0.0,0.0,0,,
Q,z500,0,5,Pacifico_ecuatorial,-0.43184402007243233,369,0.0,0.0,0,,
Q,z500,0,5,Caribe,-0.4012437558372884,55,0.0,0.0,0,,
Q,z500,0,5,Atlantico_tropical_norte,-0.3034605308120904,153,0.0,0.0,0,,
Q,z500,0,5,Atlantico_tropical_oriental,-0.5154435052934252,255,0.0,0.0,0,,
Q,z500,0,5,Colombia_contexto,-0.3868095268804107,81,0.0,0.0,0,,
Q,z500,0,6,Pacifico_ecuatorial,-0.4173334042220655,369,0.0,0.0,0,,
Q,z500,0,6,Caribe,-0.4032438387037016,55,0.0,0.0,0,,
Q,z500,0,6,Atlantico_tropical_norte,-0.44971558987803467,153,0.0,0.0,0,,
Q,z500,0,6,Atlantico_tropical_oriental,-0.4340214119050452,255,0.0,0.0,0,,
Q,z500,0,6,Colombia_contexto,-0.3601234191331677,81,0.0,0.0,0,,
Q,z500,0,7,Pacifico_ecuatorial,-0.18296097022736366,369,0.0,0.0,0,,
Q,z500,0,7,Caribe,-0.2013452642720872,55,0.0,0.0,0,,
Q,z500,0,7,Atlantico_tropical_norte,-0.1293812518171579,153,6.848626728350885,0.0,0,,
Q,z500,0,7,Atlantico_tropical_oriental,-0.18587812062142345,255,1.1153140674688575,0.0,0,,
Q,z500,0,7,Colombia_contexto,-0.20291821511057356,81,0.0,0.0,0,,
Q,z500,0,8,Pacifico_ecuatorial,-0.42928536167338954,369,0.0,0.0,0,,
Q,z500,0,8,Caribe,-0.5797031957451542,55,0.0,0.0,0,,
Q,z500,0,8,Atlantico_tropical_norte,-0.441816607082647,153,3.7029807506888592,0.0,0,,
Q,z500,0,8,Atlantico_tropical_oriental,-0.3667202557082832,255,4.08288159640116,0.0,0,,
Q,z500,0,8,Colombia_contexto,-0.5659002378186777,81,0.0,0.0,0,,
Q,z500,0,9,Pacifico_ecuatorial,-0.49366825371781703,369,0.0,0.0,0,,
Q,z500,0,9,Caribe,-0.6814226558238912,55,0.0,0.0,0,,
Q,z500,0,9,Atlantico_tropical_norte,-0.5995462269014747,153,0.0,0.0,0,,
Q,z500,0,9,Atlantico_tropical_oriental,-0.4314816830896692,255,0.0,0.0,0,,
Q,z500,0,9,Colombia_contexto,-0.6481468310496321,81,0.0,0.0,0,,
Q,z500,0,10,Pacifico_ecuatorial,-0.39004892691185716,369,0.0,0.0,0,,
Q,z500,0,10,Caribe,-0.465374083147805,55,0.0,0.0,0,,
Q,z500,0,10,Atlantico_tropical_norte,-0.4120221638727941,153,0.0,0.0,0,,
Q,z500,0,10,Atlantico_tropical_oriental,-0.41147340782587916,255,0.0,0.0,0,,
Q,z500,0,10,Colombia_contexto,-0.4808072272570452,81,0.0,0.0,0,,
Q,z500,0,11,Pacifico_ecuatorial,-0.6038336621679076,369,0.0,0.0,0,,
Q,z500,0,11,Caribe,-0.3597119617948459,55,0.0,0.0,0,,
Q,z500,0,11,Atlantico_tropical_norte,-0.4504135637832096,153,0.0,0.0,0,,
Q,z500,0,11,Atlantico_tropical_oriental,-0.44029000647534566,255,0.0,0.0,0,,
Q,z500,0,11,Colombia_contexto,-0.567008806016728,81,0.0,0.0,0,,
Q,z500,0,12,Pacifico_ecuatorial,-0.6375857246646952,369,0.0,0.0,0,,
Q,z500,0,12,Caribe,-0.5136423383361609,55,0.0,0.0,0,,
Q,z500,0,12,Atlantico_tropical_norte,-0.49848923692873987,153,0.0,0.0,0,,
Q,z500,0,12,Atlantico_tropical_oriental,-0.6628754381915424,255,0.0,0.0,0,,
Q,z500,0,12,Colombia_contexto,-0.6572448431251366,81,0.0,0.0,0,,
Q,z500,1,1,Pacifico_ecuatorial,-0.601321035418951,369,0.0,0.0,0,,
Q,z500,1,1,Caribe,-0.425898909443664,55,1.7721746861588732,0.0,0,,
Q,z500,1,1,Atlantico_tropical_norte,-0.5206605525436233,153,0.0,0.0,0,,
Q,z500,1,1,Atlantico_tropical_oriental,-0.5972585198799484,255,0.0,0.0,0,,
Q,z500,1,1,Colombia_contexto,-0.6239378278359106,81,0.0,0.0,0,,
Q,z500,1,2,Pacifico_ecuatorial,-0.7825847445937846,369,0.0,5.917962089863386,22,-0.8394862270761462,-0.8185124087449998
Q,z500,1,2,Caribe,-0.7027617386019974,55,0.0,5.571773041853618,3,-0.8262099158007437,-0.8189376186177683
Q,z500,1,2,Atlantico_tropical_norte,-0.5507938948380648,153,0.0,0.0,0,,
Q,z500,1,2,Atlantico_tropical_oriental,-0.722993361971814,255,0.0,0.0,0,,
Q,z500,1,2,Colombia_contexto,-0.7914589425679838,81,0.0,3.6847087721086114,3,-0.8262099158007437,-0.8189376186177683
Q,z500,1,3,Pacifico_ecuatorial,-0.6021348372335071,369,0.0,0.0,0,,
Q,z500,1,3,Caribe,-0.6424927417732627,55,0.0,0.0,0,,
Q,z500,1,3,Atlantico_tropical_norte,-0.3660822520718992,153,10.597075291116068,0.0,0,,
Q,z500,1,3,Atlantico_tropical_oriental,-0.633417254980423,255,0.0,0.0,0,,
Q,z500,1,3,Colombia_contexto,-0.6632271942178962,81,0.0,0.0,0,,
Q,z500,1,4,Pacifico_ecuatorial,-0.6738631208912966,369,0.0,0.0,0,,
Q,z500,1,4,Caribe,-0.6589043743301147,55,0.0,0.0,0,,
Q,z500,1,4,Atlantico_tropical_norte,-0.4996424667000299,153,0.0,0.0,0,,
Q,z500,1,4,Atlantico_tropical_oriental,-0.5652908991388245,255,0.0,0.0,0,,
Q,z500,1,4,Colombia_contexto,-0.6934637023559496,81,0.0,0.0,0,,
Q,z500,1,5,Pacifico_ecuatorial,-0.46612492830403707,369,0.0,0.0,0,,
Q,z500,1,5,Caribe,-0.4671324566032767,55,0.0,0.0,0,,
Q,z500,1,5,Atlantico_tropical_norte,-0.34369515826768754,153,0.0,0.0,0,,
Q,z500,1,5,Atlantico_tropical_oriental,-0.45504714352431114,255,0.0,0.0,0,,
Q,z500,1,5,Colombia_contexto,-0.44207190531309404,81,0.0,0.0,0,,
Q,z500,1,6,Pacifico_ecuatorial,-0.5536811190985403,369,0.0,0.0,0,,
Q,z500,1,6,Caribe,-0.4153445847092881,55,0.0,0.0,0,,
Q,z500,1,6,Atlantico_tropical_norte,-0.3687825794214013,153,0.0,0.0,0,,
Q,z500,1,6,Atlantico_tropical_oriental,-0.49575687264728896,255,0.0,0.0,0,,
Q,z500,1,6,Colombia_contexto,-0.49791213153293046,81,0.0,0.0,0,,
Q,z500,1,7,Pacifico_ecuatorial,-0.09794145469494585,369,12.723753769872795,0.0,0,,
Q,z500,1,7,Caribe,-0.13501255384947836,55,0.0,0.0,0,,
Q,z500,1,7,Atlantico_tropical_norte,-0.13321022792076787,153,20.63561824107494,0.0,0,,
Q,z500,1,7,Atlantico_tropical_oriental,-0.14112730174949156,255,0.0,0.0,0,,
Q,z500,1,7,Colombia_contexto,-0.08868152769319726,81,8.712487941492776,0.0,0,,
Q,z500,1,8,Pacifico_ecuatorial,-0.3537487658032941,369,0.0,0.0,0,,
Q,z500,1,8,Caribe,-0.3587505473069722,55,0.0,0.0,0,,
Q,z500,1,8,Atlantico_tropical_norte,-0.30173274716047593,153,2.4686538337925725,0.0,0,,
Q,z500,1,8,Atlantico_tropical_oriental,-0.2720303061676763,255,2.9675675289323027,0.0,0,,
Q,z500,1,8,Colombia_contexto,-0.36597165615195126,81,0.0,0.0,0,,
Q,z500,1,9,Pacifico_ecuatorial,-0.41269874303551374,369,0.0,0.0,0,,
Q,z500,1,9,Caribe,-0.5464679878930627,55,0.0,0.0,0,,
Q,z500,1,9,Atlantico_tropical_norte,-0.4344876400207887,153,0.0,0.0,0,,
Q,z500,1,9,Atlantico_tropical_oriental,-0.4281417137366552,255,1.8388107833850784,0.0,0,,
Q,z500,1,9,Colombia_contexto,-0.5686234049618452,81,0.0,0.0,0,,
Q,z500,1,10,Pacifico_ecuatorial,-0.28060139204285184,369,0.0,0.0,0,,
Q,z500,1,10,Caribe,-0.3496567194206837,55,0.0,0.0,0,,
Q,z500,1,10,Atlantico_tropical_norte,-0.28013379010032985,153,7.476558355752928,0.0,0,,
Q,z500,1,10,Atlantico_tropical_oriental,-0.19470714533962913,255,14.379934051971688,0.0,0,,
Q,z500,1,10,Colombia_contexto,-0.32711206105073515,81,0.0,0.0,0,,
Q,z500,1,11,Pacifico_ecuatorial,-0.3231144373117001,369,0.0,0.0,0,,
Q,z500,1,11,Caribe,-0.1670135478534483,55,0.0,0.0,0,,
Q,z500,1,11,Atlantico_tropical_norte,-0.21544423721880712,153,7.4059615013777185,0.0,0,,
Q,z500,1,11,Atlantico_tropical_oriental,-0.24610023978867643,255,0.7820509964817701,0.0,0,,
Q,z500,1,11,Colombia_contexto,-0.2703708198337735,81,0.0,0.0,0,,
Q,z500,1,12,Pacifico_ecuatorial,-0.44321717945548517,369,0.0,0.0,0,,
Q,z500,1,12,Caribe,-0.3981636758072043,55,0.0,0.0,0,,
Q,z500,1,12,Atlantico_tropical_norte,-0.4283537296606616,153,0.0,0.0,0,,
Q,z500,1,12,Atlantico_tropical_oriental,-0.4036131861426579,255,0.0,0.0,0,,
Q,z500,1,12,Colombia_contexto,-0.5064529314327545,81,0.0,0.0,0,,
