mes,P_CHIRPS_mm,P_IMERG_poligono_mm,Q_m3_s
1998-01-01,50.721,75.90504289653762,22.29032258064516
1998-02-01,125.228,154.09860863835644,21.335714285714285
1998-03-01,199.909,216.25202427248527,34.25806451612903
1998-04-01,239.365,269.4564663305527,70.83333333333333
1998-05-01,249.776,321.36033995114354,106.65806451612904
1998-06-01,97.18,143.1225283741415,54.440000000000005
1998-07-01,121.511,216.364521730834,36.05483870967742
1998-08-01,123.619,206.68663655883017,27.4741935483871
1998-09-01,179.281,240.59548153778783,38.77666666666666
1998-10-01,250.253,302.6105304706093,81.88387096774194
1998-11-01,239.117,297.88728956082616,172.36666666666667
1998-12-01,180.878,229.0582966809997,154.31290322580645
1999-01-01,163.458,226.9374277669804,174.2064516129032
1999-02-01,275.388,339.1378807689264,231.7892857142857
1999-03-01,193.692,213.76401878918256,226.2064516129032
1999-04-01,264.86,343.7189370157647,174.01333333333332
1999-05-01,157.781,215.8059823818021,147.93870967741935
1999-06-01,194.872,278.574662122299,122.54333333333334
1999-07-01,59.153,115.4318220797628,82.1258064516129
1999-08-01,122.681,177.54670343549665,64.05806451612904
1999-09-01,262.241,327.3554498716464,112.37333333333332
1999-10-01,259.149,314.744963868414,179.09354838709675
1999-11-01,277.906,319.0546636868754,328.4566666666667
1999-12-01,204.186,283.0464964991041,261.2451612903226
2000-01-01,159.224,195.76898842109208,199.25806451612905
2000-02-01,186.132,266.63066551463226,184.4
2000-03-01,196.739,241.59328075188475,178.7741935483871
2000-04-01,224.194,245.2905505361912,137.93333333333334
2000-05-01,262.675,376.7191736037177,180.4774193548387
2000-06-01,168.307,262.15598729925495,141.61333333333332
2000-07-01,89.245,189.0643396743613,83.23225806451612
2000-08-01,90.208,182.03217841381544,54.42903225806452
2000-09-01,224.154,312.2695841360923,90.96666666666668
2000-10-01,188.101,259.8975828247088,79.3258064516129
2000-11-01,220.339,268.97331033644826,205.93666666666664
2000-12-01,132.781,174.34219729828158,99.88709677419357
2001-01-01,98.242,143.09452382900088,77.67096774193548
2001-02-01,128.562,141.1359061840809,60.93214285714286
2001-03-01,177.183,217.1621225976293,89.09677419354838
2001-04-01,143.747,166.493206817354,62.34333333333333
2001-05-01,195.589,297.6518028764263,73.76774193548388
2001-06-01,87.237,131.82441306919824,63.35666666666667
2001-07-01,101.807,176.80294869747803,40.92903225806452
2001-08-01,30.124,96.97694964646216,29.212903225806453
2001-09-01,181.975,236.6663025513101,39.05333333333333
2001-10-01,177.84799999999998,248.8592109274624,55.6
2001-11-01,193.668,303.9385076643591,88.80333333333333
2001-12-01,180.896,243.96711579202127,144.9193548387097
2002-01-01,66.462,125.37284375711964,70.09677419354838
2002-02-01,65.814,112.58585793950468,41.13928571428572
2002-03-01,182.95,244.2745563411204,45.983870967741936
2002-04-01,312.582,355.8660527137463,136.76000000000002
2002-05-01,168.773,228.48711877594872,85.37096774193549
2002-06-01,109.152,195.85426490832825,88.88333333333334
2002-07-01,79.658,179.44773303874288,50.26129032258064
2002-08-01,61.774,178.10917798820336,33.170967741935485
2002-09-01,151.375,215.15362433967144,37.44666666666667
2002-10-01,237.477,319.15293568711604,59.78387096774193
2002-11-01,169.497,216.93794083089256,118.54
2002-12-01,140.302,217.91431528536148,73.06774193548387
2003-01-01,54.71,115.42756455112546,37.903225806451616
2003-02-01,111.952,146.5644076286359,34.04642857142857
2003-03-01,181.479,241.76604022538447,57.24193548387097
2003-04-01,235.89,305.8812730678324,105.82666666666664
2003-05-01,158.791,193.19868872841496,67.79032258064517
2003-06-01,167.428,241.65434807156416,92.76666666666668
2003-07-01,68.617,160.73924969468575,47.13225806451613
2003-08-01,90.363,171.7193017469773,33.75806451612903
2003-09-01,133.772,227.48615498042176,33.21
2003-10-01,296.499,348.9186936426657,93.72258064516129
2003-11-01,202.026,251.7208414446668,111.06333333333332
2003-12-01,209.929,192.53421727442452,107.33870967741936
2004-01-01,116.267,144.75356282741052,88.56451612903226
2004-03-01,95.114,120.26883687769336,42.08387096774193
2004-05-01,232.165,291.4490020166105,88.26129032258065
2004-06-01,63.978,107.98352483728432,46.54666666666667
2004-07-01,114.335,212.184205407366,32.69032258064516
2004-09-01,186.131,245.68118148432984,44.16666666666666
2004-10-01,258.838,294.6792084053512,80.56774193548387
2004-11-01,270.653,280.7789912559948,147.3733333333333
2004-12-01,138.101,177.46997618891373,111.25161290322582
2005-01-01,116.333,193.00635911186657,85.52903225806452
2005-02-01,114.12,164.069022239922,70.05714285714285
2005-03-01,154.275,208.3937980958822,71.96774193548387
2005-04-01,175.22,202.1817517746487,62.50666666666667
2005-05-01,209.769,310.6064489065056,117.52580645161292
2005-06-01,135.248,166.44144874711003,73.21333333333334
2005-07-01,81.689,142.6309041560162,41.75483870967742
2005-08-01,87.399,184.66371070213324,27.63225806451613
2005-09-01,124.635,198.8677876453894,29.113333333333333
2005-10-01,312.954,355.47873678034574,137.55483870967743
2005-11-01,254.326,301.90845994452167,225.55
2005-12-01,174.963,235.24668006634096,236.0225806451613
2006-01-01,160.324,216.9232004912541,206.07096774193548
2006-02-01,95.306,132.73306145509898,103.825
2006-03-01,228.757,273.75124787377297,137.74548387096772
2006-04-01,268.059,342.7201781950655,193.97333333333333
2006-05-01,239.208,280.1283634827504,214.67419354838708
2006-06-01,172.17499999999998,241.165342048694,177.43533333333335
2006-07-01,74.08699999999999,126.7110298657304,66.98967741935483
2006-08-01,60.987,139.02935538563466,45.20193548387097
2006-09-01,98.523,165.25912942047492,34.52733333333333
2006-10-01,210.372,254.371765656304,67.48774193548387
2006-11-01,238.727,315.2402480612739,163.33533333333332
2006-12-01,192.004,270.2695567056055,189.9570967741936
2007-01-01,84.63,164.9010706777049,93.52290322580646
2007-02-01,58.105,86.60061520700681,61.43357142857143
2007-03-01,208.032,270.56211006132776,79.62935483870969
2007-04-01,271.184,400.66075371062607,180.2203333333333
2007-05-01,262.324,318.5971725243724,206.06451612903223
2007-06-01,75.896,158.61684931492894,138.33533333333332
2007-07-01,109.451,226.5063094873804,72.20870967741935
2007-08-01,117.495,256.57364336603376,59.58032258064516
2007-09-01,108.623,191.80095582910965,43.54433333333333
2007-10-01,306.235,363.6428140854672,183.53516129032252
2008-02-01,136.333,205.1588935547924,180.6955172413793
2008-03-01,181.289,239.6251054643714,224.1709677419355
2008-04-01,227.105,262.40649098409364,227.78333333333333
2008-05-01,284.308,358.68931120419774,344.1322580645161
2008-06-01,171.197,239.07562263862405,221.66666666666663
2008-07-01,127.327,232.59321902869232,123.9358064516129
2008-08-01,171.76,301.8960300564631,102.0425806451613
2008-09-01,138.428,190.240503531504,106.479
2008-10-01,203.86,322.7449209736276,116.47774193548386
2009-01-01,166.846,230.77114719436904,197.9903225806452
2009-02-01,133.401,184.98921542517493,153.82857142857142
2009-03-01,219.603,288.3526300697721,157.14354838709676
2009-04-01,197.25,242.3426472472161,218.3733333333333
2009-05-01,186.333,216.035188430736,194.62
2009-06-01,170.197,201.5962002591986,116.291
2009-07-01,55.404,119.12327760073136,70.51225806451613
2009-08-01,90.072,188.77916996992576,42.70161290322581
2009-09-01,75.679,129.47740944817272,32.347
2009-10-01,204.737,252.65488608869,53.86967741935484
2009-11-01,179.075,228.32960381312492,113.13266666666668
2009-12-01,116.557,189.2208397175017,72.69387096774194
2010-01-01,48.773,69.02426199409118,46.19064516129033
2010-02-01,98.887,115.57555004772549,32.56321428571429
2010-03-01,124.299,161.89849950007016,32.17161290322581
2010-04-01,309.196,324.5474246174148,92.41033333333333
2010-05-01,204.487,281.92848605567804,122.07387096774194
2010-06-01,158.846,228.31117137670972,116.86966666666666
2010-07-01,235.14,319.3890374103664,180.9609677419355
2010-08-01,113.704,214.90271226290776,119.7683870967742
2010-09-01,174.912,259.3128683018429,114.47233333333334
2010-10-01,289.183,299.8340746412233,216.17419354838708
2010-11-01,396.033,440.5209094163651,508.76666666666665
2010-12-01,250.315,335.2271259502799,439.72258064516126
2011-01-01,76.164,145.57937170729804,149.08193548387098
2011-02-01,221.139,256.6036933153969,162.92785714285714
2011-03-01,180.217,272.2361744679528,270.31935483870967
2011-06-01,137.434,202.6549041274069,175.15666666666667
2011-07-01,137.622,220.2804382845155,111.54096774193548
2011-08-01,78.522,152.8147004552826,72.71
2011-09-01,132.001,196.8683043227293,65.66799999999999
2011-10-01,332.02,343.92130122438914,240.41064516129032
2012-01-01,198.444,269.39528958530553,217.76129032258063
2012-02-01,99.012,148.40791866436433,141.32413793103447
2012-03-01,174.372,220.70872156901265,131.2741935483871
2012-04-01,315.418,310.3110940839323,213.2866666666667
2012-05-01,179.4,215.31508287370383,170.86451612903227
2012-06-01,92.124,124.61853096988592,80.17
2012-07-01,75.306,104.50348049652784,61.13709677419355
2012-08-01,82.908,152.97322344909506,52.16129032258065
2012-09-01,75.858,113.63466156751988,34.733
2012-10-01,280.027,279.61798822723404,78.57322580645162
2012-11-01,209.334,220.62243023820585,88.42333333333333
2012-12-01,150.625,193.1439295755704,137.57096774193548
2013-01-01,50.501,78.72713906141773,59.784838709677416
2013-02-01,198.413,222.5869870069625,99.3875
2013-03-01,221.262,216.32862000312,95.91451612903224
2013-04-01,195.618,227.62990425407952,91.98166666666664
2013-05-01,251.428,292.9157737425339,155.5677419354839
2013-06-01,92.412,129.81320833776545,89.46833333333333
2013-07-01,56.07,108.955637542612,56.898387096774194
2013-08-01,112.787,151.49341340480927,49.75645161290323
2013-09-01,138.051,171.32309222858174,43.71
2013-10-01,240.899,233.46977821918983,65.0516129032258
2013-11-01,282.707,255.07109057199523,164.10666666666663
2013-12-01,233.396,234.211758999193,249.1129032258065
2014-01-01,118.009,139.25614685494585,114.92903225806452
2014-02-01,173.211,194.048899694452,93.84107142857144
2014-03-01,218.124,247.28270393334108,181.3467741935484
2014-04-01,204.463,270.8812816320295,98.565
2014-05-01,246.965,219.28246426482792,163.51612903225808
2014-06-01,77.191,148.97767874736334,80.83500000000001
2014-07-01,30.969,87.99868058677545,58.99516129032258
2014-08-01,53.333,103.66931529950088,36.190000000000005
2014-09-01,137.27,185.0916009783557,41.21033333333333
2014-10-01,262.573,264.28621909170806,84.26612903225806
2014-11-01,202.735,222.69672109608305,137.725
2014-12-01,149.433,217.1208880900581,128.5016129032258
2015-01-01,115.266,143.29347212276582,59.791935483870965
2015-02-01,122.874,140.81376867742577,59.4125
2015-03-01,359.334,242.70754856783648,64.45
2015-04-01,191.673,212.51046444791865,92.77
2015-05-01,122.873,119.06426220071582,54.16451612903226
2015-06-01,36.465,73.03811814429794,34.732
2015-07-01,72.995,96.6200246299494,29.54741935483871
2015-08-01,65.738,95.98429585826676,23.96935483870968
2015-10-01,239.947,223.06983288970787,37.086129032258064
2015-11-01,239.668,184.91283571954537,62.43833333333334
2015-12-01,170.655,60.82799282844521,29.698709677419355
2016-01-01,73.963,82.30406221670457,28.76429032258065
2016-02-01,136.87699999999998,99.51833662639484,25.744
2016-03-01,173.209,174.98996751998982,39.09290322580645
2016-04-01,277.097,289.3070332717828,60.25946666666667
2016-05-01,201.265,226.70866329612383,87.72587096774194
2016-06-01,69.129,100.06130566232382,51.0442
2016-07-01,90.042,150.96328705449477,39.16296774193548
2016-08-01,66.461,87.04793031035328,27.54174193548387
2016-09-01,149.69199999999998,189.8383717276417,33.002766666666666
2016-10-01,275.01,259.0632078722211,65.4863870967742
2016-11-01,345.396,269.3130733802609,120.72043333333332
2016-12-01,261.109,267.23951245011165,124.10351612903226
2017-01-01,176.378,179.4487463190705,161.06845161290323
2017-02-01,87.491,124.41524617361569,72.00782142857143
2017-03-01,316.73,322.6478787273265,149.33938709677415
2017-04-01,242.938,258.5642648013233,152.25126666666665
2017-05-01,296.356,327.3847198031852,292.92270967741933
2017-06-01,184.656,210.72456742415665,120.25976666666666
2017-07-01,47.836,108.36115979341528,57.24148387096775
2017-08-01,150.629,212.1691997464912,47.96983870967742
2017-09-01,159.416,165.9852093625997,40.39043333333333
2017-10-01,270.849,255.8017459840397,66.8808064516129
2017-11-01,318.547,326.3064447953998,231.24266666666665
2017-12-01,151.687,201.89231003220908,172.57754838709675
2018-01-01,178.525,197.5927380423731,148.03483870967742
2018-02-01,147.494,195.7568005466348,125.83046428571429
2018-03-01,162.53,203.843374190654,85.00948387096774
2018-04-01,284.836,263.5730017671247,209.58976666666663
2018-05-01,242.129,300.63681194007467,177.21432258064516
2018-06-01,111.889,178.8731911426461,93.12166666666668
2018-07-01,75.458,138.369896398319,47.92490322580645
2018-08-01,82.735,127.66529325470476,34.905419354838706
2018-09-01,168.469,213.32362797191536,50.52653333333333
2018-10-01,242.192,261.8741624910117,121.32032258064515
2018-11-01,362.473,289.0293655724893,202.68733333333333
2018-12-01,105.75,120.71552459852084,204.411935483871
2019-01-01,79.125,101.97142801933876,54.24029032258065
2019-02-01,168.416,182.2836865546149,55.00582142857143
2019-03-01,242.642,255.94588640615308,94.76990322580646
2019-04-01,307.061,289.8131385236861,186.14856666666668
2019-05-01,263.148,302.4610084507526,132.8004193548387
2019-06-01,108.964,141.10434946589467,127.05306666666668
2019-07-01,72.401,127.08329161855856,49.96338709677419
2019-08-01,40.559,89.28360337076545,21.03651612903226
2019-09-01,141.576,194.56756111886304,20.328466666666667
2019-10-01,274.846,277.1679005804297,54.01241935483871
2019-11-01,274.534,248.7623226352908,133.49460000000002
2019-12-01,161.092,175.2119518647316,102.59725806451613
2020-01-01,97.364,113.03592319491152,80.76616129032259
2020-02-01,99.044,168.1825526485222,48.78706896551724
2020-03-01,98.662,182.5520589830612,44.3806129032258
2020-04-01,207.071,207.58405925535249,61.20816666666667
2020-05-01,137.337,206.0954624540873,43.50574193548387
2020-06-01,134.802,184.2091615216732,50.9558
2020-07-01,135.582,223.5221817513619,48.322806451612905
2020-08-01,196.955,204.78578033867976,59.69793548387096
2020-09-01,71.10600000000001,181.8967167749864,68.44546666666666
2020-10-01,182.919,162.30402984761187,42.00803225806452
2020-11-01,260.048,196.539157858102,131.0942
2020-12-01,184.155,217.0394834898127,126.1132258064516
2021-01-01,85.473,136.76890962765614,101.43512903225806
2021-02-01,153.589,212.12675605571016,125.97932142857142
2021-03-01,190.05,309.61570644627426,275.01987096774195
2021-04-01,253.524,255.25586290387085,116.61963333333333
2021-05-01,171.625,258.06740830671777,151.809935483871
2021-07-01,68.515,155.47895380171826,58.91083870967742
2021-08-01,142.65099999999998,258.0626405165588,79.12309677419354
2021-09-01,96.973,177.14226238992424,74.15386666666667
2021-10-01,258.267,317.0173415994209,122.4173870967742
2021-11-01,236.704,280.6567326799453,269.6451
2021-12-01,159.917,162.71788321014262,146.87048387096772
2022-01-01,114.026,155.88648145861774,115.22283870967742
2022-02-01,296.421,310.13920546122523,124.17585714285714
2022-04-01,287.539,304.3678743350199,249.1409
2022-05-01,184.506,278.53509627431254,148.98570967741935
2022-06-01,190.402,291.95622554846176,193.6485333333333
2022-07-01,123.6,216.5871680073897,115.69006451612904
2022-08-01,93.918,182.14194373803505,98.01458064516127
2022-09-01,137.258,166.2558822654814,73.93113333333332
2022-10-01,407.574,358.75252544144075,204.2754838709677
2022-11-01,304.949,324.1668658548861,296.5022
2022-12-01,208.123,225.5675085873223,189.91367741935483
