mes,Temperatura_minima,Temperatura_maxima,Tmedia_estimada
1981-01-01,13.640516129032259,22.442612903225807,18.041564516129032
1981-02-01,14.789,21.507214285714287,18.148107142857143
1981-03-01,14.871645161290322,22.561451612903223,18.716548387096772
1981-04-01,15.3163,21.6351,18.4757
1981-05-01,15.128193548387097,21.775354838709678,18.45177419354839
1981-06-01,14.8525,21.8188,18.335649999999998
1981-07-01,14.637548387096775,23.083290322580645,18.860419354838708
1981-08-01,14.564677419354839,22.41564516129032,18.490161290322582
1981-09-01,14.231766666666665,22.2817,18.256733333333333
1981-10-01,14.41016129032258,21.10374193548387,17.756951612903226
1981-11-01,14.604433333333333,21.260366666666666,17.932399999999998
1981-12-01,14.611645161290323,21.68816129032258,18.149903225806455
1982-01-01,14.06658064516129,21.82316129032258,17.944870967741934
1982-02-01,15.377714285714287,22.286678571428574,18.83219642857143
1982-03-01,15.447096774193549,22.34225806451613,18.89467741935484
1982-04-01,15.374533333333334,21.693500000000004,18.534016666666666
1982-05-01,15.106096774193547,21.684290322580644,18.395193548387095
1982-06-01,14.766300000000001,22.594566666666665,18.680433333333333
1982-07-01,14.768129032258065,23.278161290322583,19.023145161290323
1982-08-01,14.655032258064516,24.12390322580645,19.389467741935484
1982-09-01,14.948933333333335,22.499000000000002,18.72396666666667
1982-10-01,14.211032258064515,20.25335483870968,17.232193548387094
1982-11-01,14.366133333333332,20.9542,17.660166666666665
1982-12-01,14.898096774193549,21.753064516129033,18.32558064516129
1983-01-01,15.174967741935482,22.37283870967742,18.77390322580645
1983-02-01,15.050535714285715,22.842035714285714,18.946285714285715
1983-03-01,15.375838709677419,22.415612903225806,18.895725806451615
1983-04-01,15.640033333333333,21.94836666666667,18.7942
1983-05-01,15.626064516129032,23.05425806451613,19.34016129032258
1983-06-01,14.3442,21.720233333333333,18.032216666666667
1983-07-01,14.91716129032258,22.464032258064517,18.690596774193548
1983-08-01,14.717451612903226,22.331870967741935,18.52466129032258
1983-09-01,14.376366666666666,21.8726,18.124483333333334
1983-10-01,14.062935483870968,20.55658064516129,17.309758064516128
1983-11-01,14.171566666666667,20.940133333333332,17.55585
1983-12-01,13.978354838709677,20.88758064516129,17.432967741935485
1984-01-01,13.883,20.990967741935485,17.436983870967744
1984-02-01,14.181241379310343,20.45144827586207,17.316344827586207
1984-03-01,14.370451612903226,21.50625806451613,17.938354838709675
1984-04-01,14.293733333333334,21.2152,17.754466666666666
1984-05-01,13.973870967741936,20.901935483870968,17.437903225806455
1984-06-01,13.980133333333333,20.58053333333333,17.28033333333333
1984-07-01,13.90658064516129,21.11741935483871,17.512000000000004
1984-08-01,14.051064516129031,21.68948387096774,17.870274193548386
1984-09-01,13.567366666666667,21.475233333333335,17.5213
1984-10-01,14.060354838709676,20.38567741935484,17.223016129032256
1984-11-01,13.562966666666666,20.8337,17.198333333333334
1984-12-01,14.243451612903225,21.874129032258065,18.058790322580645
1985-01-01,14.19641935483871,21.21832258064516,17.707370967741934
1985-02-01,13.635464285714287,21.8235,17.729482142857144
1985-03-01,15.192548387096775,22.892645161290325,19.042596774193548
1985-04-01,14.588233333333333,21.83403333333333,18.211133333333333
1985-05-01,14.627645161290323,21.32209677419355,17.974870967741936
1985-06-01,14.174266666666666,21.5503,17.862283333333334
1985-07-01,13.788064516129033,21.43441935483871,17.61124193548387
1985-08-01,13.81783870967742,21.051709677419353,17.43477419354839
1985-09-01,14.258833333333333,21.553099999999997,17.905966666666664
1985-10-01,14.108774193548388,21.152612903225805,17.630693548387097
1985-11-01,13.6224,20.689,17.155700000000003
1985-12-01,13.872806451612904,21.35090322580645,17.611854838709675
1986-01-01,14.223645161290323,21.365645161290324,17.794645161290322
1986-02-01,14.339,21.046178571428573,17.692589285714284
1986-03-01,14.212419354838708,21.040580645161292,17.626499999999997
1986-04-01,14.890166666666666,21.102966666666667,17.99656666666667
1986-05-01,14.798903225806452,21.620451612903228,18.20967741935484
1986-06-01,14.369766666666667,21.139499999999998,17.754633333333334
1986-07-01,14.466225806451613,22.328032258064514,18.397129032258064
1986-08-01,14.345354838709678,22.328032258064514,18.336693548387096
1986-09-01,14.663133333333333,22.26946666666667,18.4663
1986-10-01,14.50158064516129,20.542387096774192,17.52198387096774
1986-11-01,14.392166666666666,21.490066666666667,17.94111666666667
1986-12-01,14.523290322580644,21.944548387096773,18.233919354838708
1987-01-01,14.603870967741937,22.806322580645162,18.705096774193546
1987-02-01,15.243107142857143,23.21539285714286,19.22925
1987-03-01,14.906161290322581,22.393225806451614,18.649693548387095
1987-04-01,15.089066666666668,22.040200000000002,18.564633333333333
1987-05-01,14.938645161290323,22.249580645161288,18.594112903225806
1987-06-01,15.196366666666668,22.3521,18.77423333333333
1987-07-01,15.310548387096775,22.620580645161294,18.96556451612903
1987-08-01,14.923548387096774,22.885612903225805,18.904580645161293
1987-09-01,14.690766666666667,22.491866666666667,18.591316666666668
1987-10-01,15.267999999999999,21.181967741935484,18.224983870967744
1987-11-01,14.930066666666667,21.930133333333334,18.4301
1987-12-01,15.03483870967742,22.837903225806453,18.936370967741937
1988-01-01,14.665516129032257,22.101677419354836,18.383596774193546
1988-02-01,15.30955172413793,22.576862068965518,18.94320689655172
1988-03-01,14.746870967741936,23.346612903225807,19.04674193548387
1988-04-01,15.203833333333334,21.371466666666667,18.28765
1988-05-01,15.028451612903226,21.77525806451613,18.401854838709678
1988-06-01,14.225933333333334,20.985799999999998,17.605866666666667
1988-07-01,14.446516129032258,21.86,18.153258064516127
1988-08-01,14.620451612903226,21.70012903225806,18.160290322580646
1988-09-01,14.471066666666667,21.54596666666667,18.008516666666665
1988-10-01,14.305129032258064,21.34441935483871,17.824774193548386
1988-11-01,14.821833333333332,20.7492,17.78551666666667
1988-12-01,14.152193548387098,20.79041935483871,17.471306451612904
1989-01-01,14.428548387096775,20.97577419354839,17.702161290322582
1989-02-01,14.322785714285715,21.296142857142858,17.809464285714288
1989-03-01,14.269096774193548,20.415612903225806,17.342354838709674
1989-04-01,14.606866666666667,21.900066666666664,18.253466666666668
1989-05-01,14.790516129032257,21.389032258064514,18.089774193548386
1989-06-01,14.382266666666668,21.212533333333333,17.7974
1989-07-01,14.299096774193549,22.585516129032257,18.442306451612904
1989-08-01,14.053161290322581,22.224,18.13858064516129
1989-09-01,14.473966666666666,21.714433333333332,18.0942
1989-10-01,14.503096774193548,20.967225806451616,17.73516129032258
1989-11-01,14.9144,21.31683333333333,18.115616666666664
1989-12-01,14.830258064516128,22.162258064516127,18.49625806451613
1990-01-01,14.608258064516129,21.727838709677417,18.168048387096775
1990-02-01,,,
1990-03-01,15.32841935483871,22.38703225806452,18.857725806451615
1990-04-01,15.258133333333335,21.46216666666667,18.360149999999997
1990-05-01,15.193129032258065,22.184387096774195,18.68875806451613
1990-06-01,14.957266666666667,21.94523333333333,18.45125
1990-07-01,14.645354838709677,22.517419354838708,18.581387096774193
1990-08-01,14.916032258064515,22.805612903225803,18.860822580645163
1990-09-01,14.5056,22.5632,18.5344
1990-10-01,14.790032258064516,20.940129032258064,17.86508064516129
1990-11-01,14.932433333333334,21.25183333333333,18.092133333333333
1990-12-01,14.577258064516128,21.526258064516128,18.05175806451613
1991-01-01,15.004129032258064,22.885129032258064,18.944629032258064
1991-02-01,15.404464285714285,22.951500000000003,19.177982142857143
1991-03-01,15.544903225806452,22.577032258064516,19.06096774193548
1991-04-01,15.2628,22.16443333333333,18.713616666666667
1991-05-01,15.446548387096774,22.037387096774193,18.741967741935483
1991-06-01,15.2485,22.05816666666667,18.653333333333332
1991-07-01,15.057451612903225,22.015483870967742,18.536467741935482
1991-08-01,14.698129032258064,22.51758064516129,18.607854838709677
1991-09-01,15.0933,22.649866666666664,18.871583333333334
1991-10-01,13.87348387096774,21.540193548387098,17.70683870967742
1991-11-01,14.6608,20.311533333333333,17.48616666666667
1991-12-01,14.903806451612905,21.43809677419355,18.170951612903224
1992-01-01,14.519,21.743903225806452,18.131451612903227
1992-02-01,14.771379310344829,21.818103448275863,18.294741379310345
1992-03-01,15.312677419354838,22.897451612903225,19.105064516129033
1992-04-01,15.2117,21.171866666666666,18.191783333333333
1992-05-01,14.846032258064515,21.70709677419355,18.27656451612903
1992-06-01,14.825166666666666,22.5277,18.676433333333332
1992-07-01,14.448774193548386,22.030645161290323,18.239709677419356
1992-08-01,,,
1992-09-01,,,
1992-10-01,14.14074193548387,21.501677419354838,17.821209677419354
1992-11-01,14.646766666666668,21.029333333333334,17.83805
1992-12-01,15.024064516129032,21.859258064516126,18.441661290322582
1993-01-01,14.59725806451613,21.749451612903226,18.173354838709677
1993-02-01,14.81167857142857,22.080035714285714,18.445857142857143
1993-03-01,14.878709677419355,21.374548387096773,18.126629032258066
1993-04-01,15.2679,21.541600000000003,18.40475
1993-05-01,15.43467741935484,22.046290322580642,18.74048387096774
1993-06-01,14.8949,22.028033333333333,18.46146666666667
1993-07-01,14.821677419354838,22.51148387096774,18.66658064516129
1993-08-01,14.763774193548388,22.92409677419355,18.84393548387097
1993-09-01,14.7689,21.433666666666667,18.101283333333335
1993-10-01,14.223516129032257,20.95683870967742,17.590177419354838
1993-11-01,14.6618,20.941433333333332,17.801616666666668
1993-12-01,14.937548387096774,21.126129032258063,18.03183870967742
1994-01-01,14.303709677419356,21.143387096774195,17.723548387096777
1994-02-01,15.002821428571428,21.12889285714286,18.065857142857144
1994-03-01,15.344806451612904,21.488935483870968,18.416870967741936
1994-04-01,15.0077,21.599333333333334,18.303516666666667
1994-05-01,15.219774193548387,21.612064516129035,18.41591935483871
1994-06-01,14.752633333333334,21.815,18.283816666666667
1994-07-01,14.580032258064517,21.94658064516129,18.263306451612905
1994-08-01,14.402096774193547,22.363645161290325,18.382870967741937
1994-09-01,15.0175,22.4269,18.7222
1994-10-01,14.263774193548388,21.30058064516129,17.78217741935484
1994-11-01,14.604533333333334,21.163433333333334,17.883983333333333
1994-12-01,14.939967741935485,22.07725806451613,18.508612903225806
1995-01-01,14.520193548387097,23.116741935483873,18.818467741935482
1995-02-01,14.260357142857144,23.582642857142854,18.9215
1995-03-01,15.010806451612902,22.923903225806452,18.967354838709678
1995-04-01,15.153466666666667,22.322133333333333,18.7378
1995-05-01,15.071838709677419,22.195,18.633419354838708
1995-06-01,14.979233333333333,22.132766666666665,18.555999999999997
1995-07-01,14.787806451612903,21.76448387096774,18.276145161290323
1995-08-01,14.533322580645162,22.271806451612903,18.402564516129033
1995-09-01,14.675933333333335,22.371166666666667,18.52355
1995-10-01,14.556806451612902,20.71383870967742,17.635322580645163
1995-11-01,14.279333333333334,20.7456,17.51246666666667
1995-12-01,14.668290322580644,21.381677419354837,18.02498387096774
1996-01-01,,,
1996-02-01,14.456344827586205,21.48441379310345,17.970379310344825
1996-03-01,14.803064516129032,21.11122580645161,17.957145161290324
1996-04-01,14.4508,20.260466666666666,17.355633333333333
1996-05-01,14.64332258064516,20.66093548387097,17.652129032258063
1996-06-01,14.4917,20.6878,17.58975
1996-07-01,14.524,22.26674193548387,18.395370967741933
1996-08-01,14.35667741935484,22.470451612903226,18.413564516129032
1996-09-01,14.807066666666666,22.89896666666667,18.85301666666667
1996-10-01,14.403322580645161,21.681225806451614,18.042274193548387
1996-11-01,13.987133333333333,21.628533333333333,17.807833333333335
1996-12-01,14.398548387096774,22.006806451612903,18.20267741935484
1997-01-01,14.798258064516128,21.831129032258065,18.314693548387098
1997-02-01,14.909392857142857,22.406285714285712,18.657839285714285
1997-03-01,15.367612903225806,23.25658064516129,19.312096774193545
1997-04-01,14.847466666666666,22.008033333333334,18.42775
1997-05-01,14.611967741935484,22.968774193548388,18.790370967741936
1997-06-01,14.569266666666666,21.799066666666665,18.184166666666666
1997-07-01,15.848612903225806,23.513870967741934,19.68124193548387
1997-08-01,14.904225806451613,23.67583870967742,19.290032258064517
1997-09-01,15.479733333333334,23.139166666666664,19.309450000000002
1997-10-01,14.826193548387097,22.484548387096773,18.655370967741938
1997-11-01,14.601866666666666,21.0761,17.83898333333333
1997-12-01,14.961677419354839,24.363806451612906,19.66274193548387
1998-01-01,15.597193548387096,24.82448387096774,20.21083870967742
1998-02-01,16.089035714285714,23.802071428571427,19.945553571428572
1998-03-01,16.02158064516129,23.40425806451613,19.71291935483871
1998-04-01,16.283066666666667,22.7357,19.509383333333336
1998-05-01,16.269451612903225,22.80535483870968,19.53740322580645
1998-06-01,15.2815,22.3449,18.8132
1998-07-01,15.259806451612903,22.17135483870968,18.71558064516129
1998-08-01,14.823516129032258,22.40225806451613,18.612887096774195
1998-09-01,14.795866666666665,22.382133333333332,18.589
1998-10-01,14.696483870967743,21.559548387096775,18.128016129032257
1998-11-01,14.940133333333334,21.108866666666664,18.0245
1998-12-01,15.225612903225807,22.28148387096774,18.753548387096775
1999-01-01,14.913967741935485,21.70090322580645,18.307435483870968
1999-02-01,15.045428571428571,20.976714285714284,18.01107142857143
1999-03-01,14.68658064516129,22.155032258064516,18.4208064516129
1999-04-01,15.2163,21.521866666666664,18.369083333333332
1999-05-01,14.324032258064516,21.382516129032258,17.853274193548387
1999-06-01,14.370533333333332,20.962966666666667,17.66675
1999-07-01,14.611709677419356,22.818064516129034,18.714887096774195
1999-08-01,14.577903225806452,22.21222580645161,18.395064516129032
1999-09-01,14.609433333333333,21.329600000000003,17.969516666666667
1999-10-01,14.239709677419354,21.294096774193548,17.766903225806452
1999-11-01,14.521233333333333,20.7817,17.651466666666668
1999-12-01,14.962774193548388,21.680548387096774,18.32166129032258
2000-01-01,14.785677419354839,21.732064516129032,18.258870967741935
2000-02-01,14.381896551724138,21.858689655172416,18.120293103448276
2000-03-01,14.76274193548387,22.32074193548387,18.54174193548387
2000-04-01,14.731966666666667,21.63696666666667,18.184466666666665
2000-05-01,15.17283870967742,21.623064516129034,18.397951612903224
2000-06-01,14.732666666666667,21.98346666666667,18.358066666666666
2000-07-01,14.840838709677419,22.791290322580643,18.816064516129032
2000-08-01,14.477516129032258,22.976064516129032,18.726790322580644
2000-09-01,14.556000000000001,21.84016666666667,18.198083333333333
2000-10-01,14.525354838709678,21.930774193548388,18.228064516129034
2000-11-01,14.530866666666666,21.515066666666666,18.022966666666665
2000-12-01,14.68474193548387,22.441806451612905,18.563274193548388
2001-01-01,13.750451612903227,22.638,18.194225806451612
2001-02-01,14.641035714285715,23.274607142857143,18.957821428571428
2001-03-01,14.668612903225805,22.379193548387097,18.52390322580645
2001-04-01,14.931066666666668,22.795633333333335,18.86335
2001-05-01,15.264838709677418,22.285709677419355,18.775274193548388
2001-06-01,14.505500000000001,22.5151,18.510299999999997
2001-07-01,14.828290322580646,22.850967741935484,18.839629032258063
2001-08-01,15.083967741935485,23.881516129032256,19.482741935483872
2001-09-01,14.461633333333333,22.887,18.674316666666666
2001-10-01,14.930741935483871,22.552709677419355,18.741725806451615
2001-11-01,14.788466666666666,22.102766666666664,18.44561666666667
2001-12-01,15.567774193548386,22.931451612903224,19.249612903225806
2002-01-01,14.85341935483871,23.497870967741935,19.17564516129032
2002-02-01,15.299750000000001,23.619,19.459374999999998
2002-03-01,14.986354838709678,23.159870967741934,19.073112903225805
2002-04-01,15.317,22.490233333333332,18.903616666666668
2002-05-01,15.392806451612904,23.074870967741937,19.23383870967742
2002-06-01,14.878333333333334,22.940633333333334,18.909483333333334
2002-07-01,15.579612903225806,23.668580645161292,19.624096774193546
2002-08-01,15.067322580645161,23.99432258064516,19.53082258064516
2002-09-01,14.747533333333333,23.7968,19.272166666666667
2002-10-01,14.49425806451613,22.538838709677417,18.516548387096776
2002-11-01,14.615666666666668,22.49226666666667,18.553966666666668
2002-12-01,15.29416129032258,23.21209677419355,19.253129032258062
2003-01-01,14.862516129032258,24.26874193548387,19.565629032258062
2003-02-01,15.644642857142857,23.671285714285716,19.657964285714286
2003-03-01,15.363838709677418,23.407387096774194,19.385612903225805
2003-04-01,15.6217,22.863333333333333,19.242516666666667
2003-05-01,15.361129032258065,23.22316129032258,19.292145161290325
2003-06-01,14.603399999999999,21.7205,18.16195
2003-07-01,15.163322580645161,23.54551612903226,19.354419354838708
2003-08-01,15.019709677419355,23.581225806451613,19.30046774193548
2003-09-01,14.950999999999999,23.273866666666667,19.112433333333335
2003-10-01,14.910580645161291,21.926709677419353,18.41864516129032
2003-11-01,14.557633333333333,21.856166666666663,18.2069
2003-12-01,15.108548387096775,22.697451612903226,18.903000000000002
2004-01-01,14.838516129032259,23.10412903225806,18.97132258064516
2004-02-01,,,
2004-03-01,15.534935483870967,23.774193548387096,19.654564516129035
2004-04-01,,,
2004-05-01,15.187032258064516,21.85132258064516,18.51917741935484
2004-06-01,14.629433333333333,21.995966666666668,18.3127
2004-07-01,14.512645161290322,21.61777419354839,18.065209677419357
2004-08-01,,,
2004-09-01,14.526933333333334,22.418866666666666,18.4729
2004-10-01,14.676064516129033,22.06435483870968,18.370209677419354
2004-11-01,14.964733333333333,22.44336666666667,18.70405
2004-12-01,15.202064516129033,22.433032258064515,18.817548387096775
2005-01-01,15.261096774193549,23.100193548387097,19.18064516129032
2005-02-01,15.949964285714286,23.742785714285713,19.846375
2005-03-01,15.379645161290323,23.621387096774196,19.500516129032256
2005-04-01,15.760666666666667,22.921333333333333,19.341
2005-05-01,15.463870967741935,23.03774193548387,19.250806451612902
2005-06-01,15.309266666666668,22.678800000000003,18.994033333333334
2005-07-01,15.117064516129032,23.703387096774193,19.410225806451614
2005-08-01,14.86432258064516,22.794064516129033,18.8291935483871
2005-09-01,14.874866666666666,22.976033333333337,18.92545
2005-10-01,14.798806451612903,21.917322580645163,18.358064516129033
2005-11-01,15.049466666666666,21.711266666666667,18.380366666666664
2005-12-01,14.784032258064517,22.1418064516129,18.46291935483871
2006-01-01,14.778741935483872,22.001483870967743,18.390112903225805
2006-02-01,15.042464285714287,22.97825,19.010357142857142
2006-03-01,15.18858064516129,22.147354838709678,18.667967741935485
2006-04-01,15.4109,21.912533333333332,18.661716666666667
2006-05-01,15.215129032258064,22.477548387096775,18.84633870967742
2006-06-01,14.9678,22.1705,18.569149999999997
2006-07-01,15.823322580645161,23.284741935483872,19.554032258064513
2006-08-01,15.212032258064516,23.18935483870968,19.200693548387097
2006-09-01,14.656966666666667,23.043499999999998,18.850233333333332
2006-10-01,14.976903225806451,22.23383870967742,18.605370967741933
2006-11-01,14.794566666666666,21.5459,18.170233333333332
2006-12-01,15.255258064516129,22.134483870967742,18.694870967741938
2007-01-01,15.65216129032258,23.6708064516129,19.66148387096774
2007-02-01,14.611964285714285,24.239892857142856,19.425928571428575
2007-03-01,15.723290322580645,22.527516129032257,19.125403225806448
2007-04-01,15.200899999999999,21.9928,18.59685
2007-05-01,15.50941935483871,21.77906451612903,18.64424193548387
2007-06-01,15.0307,21.920166666666667,18.475433333333335
2007-07-01,15.071612903225807,22.916096774193548,18.993854838709677
2007-08-01,15.02509677419355,22.11351612903226,18.569306451612903
2007-09-01,14.7721,22.875166666666665,18.823633333333337
2007-10-01,14.608193548387096,21.072032258064514,17.840112903225805
2007-11-01,,,
2007-12-01,,,
2008-01-01,,,
2008-02-01,14.830551724137932,22.287103448275865,18.558827586206895
2008-03-01,14.808903225806452,22.005967741935482,18.407435483870966
2008-04-01,14.699133333333332,21.923633333333335,18.311383333333332
2008-05-01,14.963354838709677,21.60483870967742,18.28409677419355
2008-06-01,14.568033333333334,21.771366666666665,18.1697
2008-07-01,15.138516129032258,22.039387096774195,18.588951612903227
2008-08-01,14.868935483870969,21.925774193548385,18.397354838709678
2008-09-01,14.816366666666665,22.2525,18.534433333333332
2008-10-01,14.331709677419356,21.730193548387096,18.030951612903223
2008-11-01,,,
2008-12-01,,,
2009-01-01,15.140967741935484,22.070129032258063,18.60554838709677
2009-02-01,14.978392857142856,22.5075,18.74294642857143
2009-03-01,15.584999999999999,22.462193548387095,19.023596774193546
2009-04-01,15.3363,22.604366666666667,18.970333333333333
2009-05-01,15.078064516129032,22.910967741935483,18.99451612903226
2009-06-01,15.227966666666667,22.455966666666665,18.841966666666668
2009-07-01,15.756806451612904,23.57016129032258,19.66348387096774
2009-08-01,15.658903225806451,23.52516129032258,19.592032258064513
2009-09-01,15.6622,24.110566666666667,19.886383333333335
2009-10-01,15.287032258064515,22.84216129032258,19.06459677419355
2009-11-01,15.501766666666667,22.9396,19.220683333333334
2009-12-01,15.20841935483871,23.129548387096772,19.168983870967743
2010-01-01,15.157774193548388,24.589806451612905,19.873790322580643
2010-02-01,16.431142857142856,24.640107142857143,20.535625
2010-03-01,15.942129032258064,24.420935483870966,20.181532258064518
2010-04-01,16.4338,23.113666666666667,19.773733333333332
2010-05-01,16.30425806451613,23.33358064516129,19.81891935483871
2010-06-01,15.407399999999999,22.555999999999997,18.9817
2010-07-01,15.620548387096775,22.258483870967744,18.93951612903226
2010-08-01,15.451032258064517,22.88574193548387,19.168387096774193
2010-09-01,15.336,22.319533333333332,18.827766666666665
2010-10-01,15.180774193548386,22.284387096774193,18.732580645161292
2010-11-01,15.226533333333332,21.357266666666664,18.2919
2010-12-01,15.396064516129034,21.929516129032258,18.662790322580648
2011-01-01,14.86225806451613,23.223709677419354,19.042983870967742
2011-02-01,15.712214285714285,22.536035714285713,19.124125
2011-03-01,15.545935483870966,22.679451612903225,19.1126935483871
2011-04-01,,,
2011-05-01,,,
2011-06-01,15.770666666666667,22.7205,19.245583333333332
2011-07-01,15.84841935483871,23.333032258064513,19.590725806451612
2011-08-01,15.380064516129032,23.817193548387095,19.598629032258064
2011-09-01,15.199666666666667,23.409533333333336,19.3046
2011-10-01,15.274483870967742,21.665580645161292,18.470032258064517
2011-11-01,,,
2011-12-01,,,
2012-01-01,15.641838709677419,22.562,19.10191935483871
2012-02-01,15.005689655172414,22.962758620689655,18.984224137931037
2012-03-01,15.559870967741935,22.91058064516129,19.235225806451613
2012-04-01,15.305233333333332,22.069333333333336,18.687283333333333
2012-05-01,15.53516129032258,23.102806451612903,19.31898387096774
2012-06-01,15.084733333333334,23.061066666666665,19.0729
2012-07-01,15.56958064516129,23.52267741935484,19.54612903225806
2012-08-01,15.295225806451613,23.219064516129034,19.25714516129032
2012-09-01,15.125333333333334,23.742366666666666,19.43385
2012-10-01,14.99609677419355,22.27906451612903,18.63758064516129
2012-11-01,15.178,22.326266666666665,18.752133333333333
2012-12-01,15.267,22.830870967741934,19.04893548387097
2013-01-01,15.658838709677418,24.01967741935484,19.83925806451613
2013-02-01,15.785214285714286,22.24667857142857,19.01594642857143
2013-03-01,16.015483870967742,23.14025806451613,19.577870967741934
2013-04-01,15.587466666666668,22.99203333333333,19.28975
2013-05-01,15.647612903225808,22.205322580645163,18.926467741935486
2013-06-01,15.169633333333334,23.1565,19.16306666666667
2013-07-01,15.41874193548387,23.47109677419355,19.44491935483871
2013-08-01,15.516838709677419,23.05925806451613,19.288048387096772
2013-09-01,15.455366666666666,22.968033333333334,19.2117
2013-10-01,14.848290322580645,22.25958064516129,18.55393548387097
2013-11-01,15.162833333333333,21.902466666666665,18.53265
2013-12-01,15.57325806451613,22.59122580645161,19.08224193548387
2014-01-01,15.597451612903226,22.998806451612904,19.298129032258064
2014-02-01,15.616785714285713,22.689178571428574,19.152982142857145
2014-03-01,16.037225806451612,22.800870967741936,19.419048387096773
2014-04-01,15.5994,23.066266666666667,19.332833333333333
2014-05-01,15.664741935483871,22.386870967741938,19.0258064516129
2014-06-01,15.844933333333334,23.098633333333332,19.471783333333335
2014-07-01,16.08483870967742,24.393612903225808,20.23922580645161
2014-08-01,15.388387096774194,23.359387096774192,19.373887096774194
2014-09-01,15.560466666666665,23.105466666666665,19.332966666666668
2014-10-01,15.452354838709677,22.124967741935485,18.78866129032258
2014-11-01,15.427133333333334,22.400466666666667,18.9138
2014-12-01,15.483967741935484,23.20341935483871,19.343693548387098
2015-01-01,15.301032258064517,23.475129032258067,19.38808064516129
2015-02-01,15.765857142857143,23.42042857142857,19.593142857142855
2015-03-01,16.13158064516129,23.26532258064516,19.698451612903227
2015-04-01,15.765233333333333,22.98373333333333,19.374483333333334
2015-05-01,15.83383870967742,23.18532258064516,19.50958064516129
2015-06-01,15.877600000000001,23.48163333333333,19.679616666666668
2015-07-01,16.03516129032258,23.818870967741937,19.927016129032257
2015-08-01,16.189064516129033,24.13883870967742,20.163951612903226
2015-09-01,,,
2015-10-01,15.553645161290323,22.788999999999998,19.171322580645164
2015-11-01,15.7132,22.483366666666665,19.09828333333333
2015-12-01,15.831999999999999,24.276032258064518,20.054016129032256
2016-01-01,15.653677419354839,24.605,20.12933870967742
2016-02-01,16.603896551724137,24.663275862068964,20.633586206896553
2016-03-01,16.746032258064513,24.055870967741935,20.400951612903224
2016-04-01,16.575866666666666,22.908433333333335,19.74215
2016-05-01,16.252354838709678,23.38148387096774,19.81691935483871
2016-06-01,15.491333333333333,23.163633333333333,19.32748333333333
2016-07-01,15.73183870967742,23.24541935483871,19.488629032258064
2016-08-01,15.568645161290322,23.626161290322578,19.597403225806453
2016-09-01,15.416466666666667,22.992866666666664,19.204666666666665
2016-10-01,15.563677419354839,22.427096774193547,18.99538709677419
2016-11-01,15.470833333333333,22.340666666666667,18.90575
2016-12-01,15.395870967741935,22.56941935483871,18.98264516129032
2017-01-01,15.435,22.777612903225805,19.1063064516129
2017-02-01,15.192357142857144,23.955571428571428,19.573964285714286
2017-03-01,15.941516129032259,22.12783870967742,19.03467741935484
2017-04-01,15.898666666666665,23.229666666666667,19.564166666666665
2017-05-01,16.04848387096774,22.927032258064518,19.48775806451613
2017-06-01,15.790433333333334,22.782533333333333,19.286483333333333
2017-07-01,16.30467741935484,24.166451612903224,20.23556451612903
2017-08-01,15.712064516129033,23.536129032258064,19.624096774193546
2017-09-01,15.811266666666667,23.55346666666667,19.682366666666667
2017-10-01,15.401516129032258,21.946548387096772,18.674032258064514
2017-11-01,15.300466666666667,22.463666666666665,18.882066666666667
2017-12-01,15.47641935483871,22.899451612903228,19.18793548387097
2018-01-01,15.06058064516129,22.58022580645161,18.82040322580645
2018-02-01,16.028964285714288,23.035,19.531982142857142
2018-03-01,15.881193548387097,23.500612903225807,19.69090322580645
2018-04-01,15.527633333333334,22.164766666666665,18.8462
2018-05-01,15.618999999999998,22.465387096774194,19.042193548387097
2018-06-01,15.789,22.915566666666667,19.352283333333332
2018-07-01,16.31032258064516,23.46009677419355,19.885209677419354
2018-08-01,15.51574193548387,23.65735483870968,19.586548387096773
2018-09-01,15.574433333333333,23.701900000000002,19.638166666666667
2018-10-01,15.644258064516128,22.687419354838706,19.16583870967742
2018-11-01,15.749666666666666,22.299366666666668,19.024516666666667
2018-12-01,15.28732258064516,23.628258064516128,19.457790322580646
2019-01-01,15.939677419354839,24.12690322580645,20.033290322580648
2019-02-01,16.313357142857143,23.762964285714286,20.038160714285713
2019-03-01,16.195451612903227,23.484290322580645,19.839870967741938
2019-04-01,16.175733333333334,22.854933333333335,19.515333333333334
2019-05-01,16.144032258064517,22.993645161290324,19.56883870967742
2019-06-01,16.1348,23.264433333333333,19.699616666666667
2019-07-01,16.07467741935484,23.848096774193547,19.961387096774192
2019-08-01,15.901677419354838,24.659612903225806,20.280645161290323
2019-09-01,15.9068,24.1497,20.02825
2019-10-01,14.915064516129032,22.216967741935484,18.56601612903226
2019-11-01,15.568966666666666,22.673866666666665,19.12141666666667
2019-12-01,15.91683870967742,22.96206451612903,19.439451612903227
2020-01-01,15.717096774193548,24.412483870967744,20.064790322580645
2020-02-01,16.083724137931036,24.832,20.457862068965518
2020-03-01,16.272935483870967,24.07490322580645,20.17391935483871
2020-04-01,15.971133333333334,23.253266666666665,19.612199999999998
2020-05-01,16.273,23.41322580645161,19.843112903225805
2020-06-01,15.443166666666666,22.973266666666667,19.208216666666665
2020-07-01,15.68941935483871,23.514612903225807,19.602016129032258
2020-08-01,15.525645161290322,23.586419354838707,19.556032258064516
2020-09-01,14.965533333333333,23.046366666666664,19.00595
2020-10-01,14.92174193548387,22.87867741935484,18.900209677419358
2020-11-01,14.9077,22.376633333333334,18.642166666666665
2020-12-01,14.90974193548387,23.173451612903225,19.041596774193547
2021-01-01,14.798064516129033,23.814612903225807,19.30633870967742
2021-02-01,15.809785714285713,23.02757142857143,19.41867857142857
2021-03-01,15.31641935483871,21.722290322580644,18.519354838709678
2021-04-01,15.527433333333333,22.153366666666667,18.8404
2021-05-01,15.752129032258063,22.999193548387098,19.37566129032258
2021-06-01,,,
2021-07-01,15.685806451612903,23.500548387096774,19.593177419354838
2021-08-01,15.37558064516129,22.466451612903228,18.92101612903226
2021-09-01,15.005133333333333,23.12073333333333,19.062933333333334
2021-10-01,15.244903225806452,22.309709677419356,18.777306451612905
2021-11-01,15.234433333333333,21.764266666666668,18.49935
2021-12-01,15.915064516129032,22.58906451612903,19.252064516129032
2022-01-01,15.414225806451613,22.284064516129032,18.84914516129032
2022-02-01,15.575392857142857,22.343107142857143,18.95925
2022-03-01,,,
2022-04-01,15.647333333333334,22.25343333333333,18.95038333333333
2022-05-01,15.762774193548388,22.62167741935484,19.19222580645161
2022-06-01,14.8379,21.394866666666665,18.11638333333333
2022-07-01,15.798806451612904,22.77258064516129,19.285693548387098
2022-08-01,15.300935483870967,22.841,19.070967741935487
2022-09-01,15.131400000000001,22.547733333333333,18.839566666666666
2022-10-01,15.31683870967742,21.677064516129033,18.496951612903224
2022-11-01,15.2705,21.58353333333333,18.427016666666667
2022-12-01,14.953645161290321,22.46248387096774,18.708064516129035
