fuente,referencia,serie,n,Pearson,Spearman
IMERG,lluvia local,original,14,0.7880592702774647,0.7098901098901099
IMERG,caudal Q,original,285,0.618847940451542,0.626963770106839
IMERG,caudal Q,anomalía,285,0.6362434535806327,0.6020958285598759
IMERG,escorrentía R,original,285,0.6185514322815361,0.6312114127532956
IMERG,escorrentía R,anomalía,285,0.6338460717203999,0.6005163109684978
CHIRPS,lluvia local,original,14,0.8171736449038928,0.7494505494505495
CHIRPS,caudal Q,original,285,0.5812789014133474,0.6021243397077348
CHIRPS,caudal Q,anomalía,285,0.54227839724093,0.5371101100530308
CHIRPS,escorrentía R,original,285,0.5789779234275512,0.6033829772895747
CHIRPS,escorrentía R,anomalía,285,0.5398550134200374,0.5357534977994578
