relacion,serie,rezago,n,Pearson,Spearman
Lluvia local–caudal,original,0,14,0.5980639442427684,0.5208791208791209
Lluvia local–caudal,original,1,14,0.6528217825164365,0.6395604395604396
Lluvia local–caudal,original,2,14,0.1358065595008028,0.09010989010989012
Lluvia local–caudal,original,3,14,-0.4338170890471272,-0.42857142857142855
IMERG–caudal,original,0,285,0.618847940451542,0.626963770106839
IMERG–caudal,anomalia,0,285,0.6362434535806327,0.6020958285598759
IMERG–caudal,original,1,284,0.5980303945241707,0.6509122056123237
IMERG–caudal,anomalia,1,284,0.4956028238407086,0.5019428080478406
IMERG–caudal,original,2,283,0.31632781074012656,0.3570635904745063
IMERG–caudal,anomalia,2,283,0.4133370327879914,0.440319005983877
IMERG–caudal,original,3,282,0.07542106011456591,0.06420008021230846
IMERG–caudal,anomalia,3,282,0.42602689815320416,0.4558084493687228
IMERG–escorrentía,original,0,285,0.6185514322815361,0.6312114127532956
IMERG–escorrentía,anomalia,0,285,0.6338460717203999,0.6005163109684978
IMERG–escorrentía,original,1,284,0.6020424862896386,0.6564448996377371
IMERG–escorrentía,anomalia,1,284,0.4957734218308572,0.5012439524631516
IMERG–escorrentía,original,2,283,0.3184705669463744,0.3582590952072861
IMERG–escorrentía,anomalia,2,283,0.4126934018803216,0.44130220008873633
IMERG–escorrentía,original,3,282,0.0708282391485729,0.05839418597215686
IMERG–escorrentía,anomalia,3,282,0.4237713257624691,0.45478586283481215
