mes_respuesta,P_CHIRPS_mm,Q_m3_s,P_IMERG_poligono_mm
1998-01-01,-59.663500000000006,-85.63364516129033,-75.97602800883561
1998-02-01,-17.822375000000008,-74.9338396962233,-25.241538696192578
1998-03-01,4.890124999999983,-82.71655510752689,-16.5197637164855
1998-04-01,-5.673695652173905,-68.07094637681159,-6.689782029735397
1998-05-01,36.90054166666667,-40.35996774193548,53.14684692842104
1998-06-01,-28.119208333333333,-51.82693194444443,-39.477788465825654
1998-07-01,29.358199999999982,-30.510103225806454,50.13600981732259
1998-08-01,26.644750000000002,-24.280245967741934,35.1446820056874
1998-09-01,35.639375,-15.497361111111118,36.591576380023184
1998-10-01,-8.252160000000003,-21.59074322580645,15.653076169793735
1998-11-01,-18.994909090909147,-10.424448484848483,23.18875290548283
1998-12-01,5.5664545454545475,-4.8639398826979345,18.87713480895644
1999-01-01,53.073499999999996,66.28248387096772,75.05635686160716
1999-02-01,132.33762499999997,135.51973173234813,159.79773343437736
1999-03-01,-1.3268750000000011,109.23183198924728,-19.007769199788214
1999-04-01,19.8213043478261,35.1090536231884,67.57268865547661
1999-05-01,-55.094458333333336,0.9206774193548313,-52.40751064092041
1999-06-01,69.57279166666667,16.2764013888889,95.97434528233185
1999-07-01,-32.999800000000015,15.56086451612903,-50.79668983374863
1999-08-01,25.70675,12.303625000000004,6.00474888235388
1999-09-01,118.59937499999998,58.099305555555546,123.35154471388174
1999-10-01,0.6438400000000115,75.61893419354836,27.78750956759842
1999-11-01,19.79409090909087,145.66555151515155,44.35612703153208
1999-12-01,28.87445454545457,102.0683181818182,72.86533462706083
2000-01-01,48.83949999999999,91.33409677419357,43.88791751571884
2000-02-01,43.081625,88.13044601806241,87.29051818008324
2000-03-01,1.720124999999996,61.79957392473118,8.821492762913977
2000-04-01,-20.844695652173925,-0.9709463768115825,-30.855697824096893
2000-05-01,49.79954166666667,33.45938709677418,108.5056805809952
2000-06-01,43.00779166666665,35.34640138888888,79.5556704592878
2000-07-01,-2.907800000000009,16.667316129032244,22.835827760849867
2000-08-01,-6.766249999999999,2.6745927419354842,10.490223860672671
2000-09-01,80.51237499999999,36.69263888888891,108.26567897832766
2000-10-01,-70.40415999999999,-24.148807741935485,-27.059871476106764
2000-11-01,-37.77290909090914,23.14555151515148,-5.725226318895068
2000-12-01,-42.53054545454543,-59.28974633431082,-35.83896457376167
2001-01-01,-12.142499999999998,-30.253,-8.786547076372358
2001-02-01,-14.48837499999999,-35.337411124794734,-38.20424115046811
2001-03-01,-17.835875000000016,-27.87784543010754,-15.60966539134148
2001-04-01,-101.2916956521739,-76.56094637681159,-109.65304154293409
2001-05-01,-17.286458333333343,-73.25029032258064,29.4383098537038
2001-06-01,-38.062208333333345,-42.91026527777777,-50.775903770768906
2001-07-01,9.654199999999989,-25.635909677419356,10.574436783966604
2001-08-01,-66.85025,-22.54153629032258,-74.56500490668061
2001-09-01,38.33337499999999,-15.220694444444447,32.66239739354546
2001-10-01,-80.65716,-47.87461419354839,-38.09824337335317
2001-11-01,-64.44390909090913,-93.98778181818183,29.23997100901579
2001-12-01,5.584454545454548,-14.257488269794692,33.78595391997803
2002-01-01,-43.9225,-37.8271935483871,-26.508227148253596
2002-02-01,-77.23637500000001,-55.13026826765187,-66.75428939504434
2002-03-01,-12.06887500000002,-70.99074865591399,11.502768352149616
2002-04-01,67.54330434782608,-2.1442797101449003,79.71980435345819
2002-05-01,-44.102458333333345,-61.647064516129035,-39.72637424677379
2002-06-01,-16.14720833333334,-17.383598611111097,13.253948068361098
2002-07-01,-12.494800000000012,-16.30365161290323,13.219221125231456
2002-08-01,-35.20025,-18.583471774193548,6.567223435060583
2002-09-01,7.733374999999995,-16.827361111111102,11.14971918190679
2002-10-01,-21.028159999999986,-43.69074322580646,32.19548138630046
2002-11-01,-88.61490909090912,-64.25111515151515,-57.760595824450775
2002-12-01,-35.009545454545446,-86.10910117302052,7.7331534133182345
2003-01-01,-55.6745,-70.02074193548387,-36.45350635424778
2003-02-01,-31.098375000000004,-62.22312541050902,-32.77573970591311
2003-03-01,-13.539874999999995,-59.73268413978496,8.9942522364137
2003-04-01,-9.148695652173927,-33.07761304347828,29.735024707544312
2003-05-01,-54.084458333333345,-79.22770967741936,-75.01480429430754
2003-06-01,42.12879166666666,-13.500265277777757,59.05403123159701
2003-07-01,-23.53580000000001,-19.432683870967743,-5.489262218825672
2003-08-01,-6.611249999999998,-17.996375,0.17734719383452102
2003-09-01,-9.869625000000013,-21.064027777777774,23.48224982265711
2003-10-01,37.993840000000034,-9.752033548387104,61.9612393418501
2003-11-01,-56.08590909090913,-71.72778181818184,-22.97769521067653
2003-12-01,34.617454545454564,-51.838133431085026,-17.646944597618727
2004-01-01,5.882499999999993,-19.35945161290323,-7.127508077962716
2004-03-01,-99.904875,-74.890748655914,-112.50295111127741
2004-05-01,19.28954166666665,-58.75674193548387,23.235508993888004
2004-06-01,-61.32120833333334,-59.72026527777777,-74.61679200268283
2004-07-01,22.18219999999998,-33.874619354838714,45.95569349385457
2004-09-01,42.489374999999995,-10.107361111111118,41.67727632656519
2004-10-01,0.3328400000000329,-22.906872258064524,7.7217541045355915
2004-11-01,12.541090909090883,-35.41778181818185,6.080454600651478
2004-12-01,-37.21054545454544,-47.92523020527857,-32.711185683129514
2005-01-01,5.948499999999996,-22.394935483870967,41.12528820649334
2005-02-01,-28.930374999999998,-26.21241112479474,-15.271125094627024
2005-03-01,-40.743875,-45.006877688172054,-24.377989893088568
2005-04-01,-69.81869565217391,-76.39761304347826,-73.96449658563941
2005-05-01,-3.106458333333336,-29.4922258064516,42.39295588378309
2005-06-01,9.94879166666665,-33.0535986111111,-16.15886809285712
2005-07-01,-10.46380000000002,-24.81010322580645,-23.59760775749524
2005-08-01,-9.575249999999997,-24.122181451612903,13.121756148990471
2005-09-01,-19.006625,-25.16069444444444,-5.13611751237525
2005-10-01,54.44884000000002,34.080224516129036,68.52128247953016
2005-11-01,-3.7859090909091435,42.758884848484854,27.209923289178334
2005-12-01,-0.3485454545454445,76.84573753665691,25.06551819429771
2006-01-01,49.93950000000001,98.14699999999999,65.04212958588087
2006-02-01,-47.744375000000005,7.555446018062412,-46.60708587945004
2006-03-01,33.738125,20.770864247311792,40.979459884802196
2006-04-01,23.020304347826112,55.06905362318841,66.5739298347774
2006-05-01,26.332541666666657,67.65616129032256,11.914870460027885
2006-06-01,46.87579166666664,71.16840138888891,58.56502520872684
2006-07-01,-18.065800000000024,0.42473548387096116,-39.51748204778103
2006-08-01,-35.987249999999996,-6.552504032258064,-32.512599167508114
2006-09-01,-45.11862500000001,-19.746694444444444,-38.74477573728973
2006-10-01,-48.133159999999975,-35.98687225806452,-32.58568864451158
2006-11-01,-19.384909090909133,-19.455781818181833,40.541711405930585
2006-12-01,16.692454545454552,30.7802536656892,60.08839483356226
2007-01-01,-25.754500000000007,-14.401064516129026,13.019999772331659
2007-02-01,-84.94537500000001,-34.83598255336616,-92.7395321275422
2007-03-01,13.013125000000002,-37.34526478494624,37.790322072356986
2007-04-01,26.145304347826112,41.31605362318837,124.51450535033797
2007-05-01,49.44854166666667,59.046483870967705,50.38367950164991
2007-06-01,-49.40320833333334,32.06840138888889,-23.983467525038208
2007-07-01,17.29819999999998,5.643767741935477,60.27779757386898
2007-08-01,20.520750000000007,7.825883064516127,85.03168881289099
2007-09-01,-35.018625,-10.729694444444448,-12.202949328654995
2007-10-01,47.729840000000024,80.06054709677413,76.68535978465161
2008-02-01,-6.717375000000004,84.4259632594417,25.818746220243384
2008-03-01,-13.729875000000021,107.19634811827957,6.853317475400615
2008-04-01,-17.933695652173924,88.87905362318841,-13.739757376194461
2008-05-01,71.43254166666665,197.1142258064516,90.47581818147523
2008-06-01,45.89779166666666,115.39973472222219,56.475305798656905
2008-07-01,35.174199999999985,57.37086451612903,66.36470711518089
2008-08-01,74.78575,50.28814112903226,130.3540755033203
2008-09-01,-5.2136250000000075,52.204972222222224,-13.763401626260645
2008-10-01,-54.645159999999976,13.003127741935472,35.787466672812
2009-01-01,56.4615,90.06635483870971,78.8900762889958
2009-02-01,-9.649374999999992,57.55901744663383,5.649068090625917
2009-03-01,24.584125,40.16892876344083,55.58084208080132
2009-04-01,-47.788695652173914,79.46905362318839,-33.803601113072006
2009-05-01,-26.542458333333343,47.60196774193548,-52.17830459198649
2009-06-01,44.89779166666666,10.02406805555556,18.99588341923146
2009-07-01,-36.74880000000001,3.9473161290322594,-47.10523431278007
2009-08-01,-6.902249999999995,-9.052826612903225,17.237215416782988
2009-09-01,-67.962625,-21.927027777777774,-74.52649570959193
2009-10-01,-53.768159999999995,-49.60493677419355,-34.30256821212558
2009-11-01,-79.03690909090915,-69.65844848484848,-46.36893284221841
2009-12-01,-58.754545454545436,-86.48297214076244,-20.960322154541558
2010-01-01,-61.6115,-61.73332258064516,-82.85680891128206
2010-02-01,-44.163375,-63.7063396962233,-63.76459728682353
2010-03-01,-70.719875,-84.80300672043012,-70.87328848890061
2010-04-01,64.15730434782611,-46.49394637681159,48.40117625712668
2010-05-01,-8.388458333333347,-24.944161290322583,13.714993032955533
2010-06-01,33.546791666666664,10.602734722222223,45.71085453674257
2010-07-01,142.98719999999997,114.39602580645162,153.160525496855
2010-08-01,16.729749999999996,68.01394758064518,43.36075770976498
2010-09-01,31.270375,60.198305555555564,55.30896314407826
2010-10-01,30.677840000000003,112.69957935483869,12.876620340407726
2010-11-01,137.92109090909088,325.9755515151515,165.82237276102177
2010-12-01,75.00345454545456,280.5457375366569,125.04596407823666
2011-01-01,-34.2205,41.157967741935494,-6.301699198075198
2011-02-01,78.08862500000001,66.65830316091954,77.26354598084791
2011-03-01,-14.801874999999995,153.34473521505373,39.46438647898205
2011-06-01,12.134791666666658,68.88973472222223,20.054587287439745
2011-07-01,45.4692,44.9760258064516,54.05192637100407
2011-08-01,-18.452249999999992,20.95556048387096,-18.72725409786017
2011-09-01,-11.640625,11.393972222222217,-7.135600835035348
2011-10-01,73.51483999999999,136.93603096774194,56.963846923573556
2012-01-01,88.05949999999999,109.83732258064515,117.5142186799323
2012-02-01,-44.038375,45.05458394909688,-30.932228670184685
2012-03-01,-20.646874999999994,14.299573924731177,-12.063066419958119
2012-04-01,70.37930434782609,74.38238695652177,34.16484572364419
2012-05-01,-33.475458333333336,23.846483870967745,-52.89841014901867
2012-06-01,-33.175208333333345,-26.096931944444435,-57.981785870081225
2012-07-01,-16.846800000000016,-5.427845161290321,-61.72503141698358
2012-08-01,-14.066249999999997,0.4068508064516152,-18.568731104047714
2012-09-01,-67.783625,-19.541027777777778,-90.36924359024476
2012-10-01,21.521839999999997,-24.901388387096773,-7.339466073581548
2012-11-01,-48.777909090909134,-94.36778181818183,-54.07610641713748
2012-12-01,-24.68654545454544,-21.60587536656891,-17.037232296472837
2013-01-01,-59.883500000000005,-48.13912903225807,-73.1539318439555
2013-02-01,55.36262500000001,3.117946018062412,43.24683967241347
2013-03-01,26.243124999999992,-21.06010349462369,-16.443167985850778
2013-04-01,-49.42069565217392,-46.92261304347828,-48.51634410620858
2013-05-01,38.552541666666656,8.549709677419372,24.70228071981137
2013-06-01,-32.887208333333334,-16.798598611111103,-52.787108502201704
2013-07-01,-36.08280000000001,-9.66655483870968,-57.27287437089943
2013-08-01,15.812750000000008,-1.9979879032258054,-20.0485411483335
2013-09-01,-5.590625000000017,-10.564027777777774,-32.680812929182906
2013-10-01,-17.60615999999999,-38.42300129032259,-53.48767608162575
2013-11-01,24.595090909090857,-18.68444848484853,-19.627446083348104
2013-12-01,58.08445454545455,89.9360601173021,24.030597127149747
2014-01-01,7.624499999999998,7.005064516129039,-12.624924050427381
2014-02-01,30.16062500000001,-2.428482553366152,14.708752359902974
2014-03-01,23.105124999999987,64.37215456989249,14.51091594437031
2014-04-01,-40.57569565217392,-40.33927971014492,-5.264966728258571
2014-05-01,34.08954166666666,16.498096774193556,-48.93102875789458
2014-06-01,-48.10820833333334,-25.43193194444443,-33.62263809260381
2014-07-01,-61.18380000000001,-7.569780645161295,-78.22983132673598
2014-08-01,-43.64125,-15.564439516129028,-67.87263925364189
2014-09-01,-6.3716249999999945,-13.063694444444444,-18.91230417940895
2014-10-01,4.06783999999999,-19.208485161290326,-22.67123520910752
2014-11-01,-55.37690909090912,-45.06611515151516,-52.00181555926028
2014-12-01,-25.878545454545446,-30.67523020527858,6.93972621801484
2015-01-01,4.881500000000003,-48.13203225806452,-8.587598782607415
2015-02-01,-20.176375000000007,-36.85705398193759,-38.526378657123246
2015-03-01,164.315125,-52.52461962365592,9.935760578865711
2015-04-01,-53.36569565217391,-46.134279710144924,-63.63578391236945
2015-05-01,-90.00245833333334,-92.85351612903227,-149.1492308220067
2015-06-01,-88.83420833333334,-71.53493194444444,-109.56219869566921
2015-07-01,-19.15780000000001,-37.01752258064516,-69.60848728356203
2015-08-01,-31.23625,-27.785084677419352,-75.55765869487601
2015-10-01,-18.558159999999987,-66.38848516129033,-63.887621411107716
2015-11-01,-18.44390909090913,-120.35278181818182,-89.78570093579796
2015-12-01,-4.656545454545437,-129.47813343108504,-149.35316904359803
2016-01-01,-36.42150000000001,-79.15967741935484,-69.57700868866867
2016-02-01,-6.173375000000021,-70.52555398193759,-79.82181070815417
2016-03-01,-21.809875000000005,-77.88171639784947,-57.78182046898095
2016-04-01,32.058304347826066,-78.64481304347825,13.160784911494716
2016-05-01,-11.610458333333355,-59.29216129032258,-41.50482972659867
2016-06-01,-56.170208333333335,-55.22273194444444,-82.53901117764333
2016-07-01,-2.110800000000012,-27.40197419354839,-15.265224859016655
2016-08-01,-30.51325,-24.212697580645163,-84.4940242427895
2016-09-01,6.050374999999974,-21.27126111111111,-14.165533430122963
2016-10-01,16.50484,-37.988227096774196,-27.8942464285945
2016-11-01,87.28409090909088,-62.07068181818184,-5.385463275082429
2016-12-01,85.79745454545454,-35.07332697947213,57.0583505780684
2017-01-01,65.99349999999998,53.14448387096775,27.56767541369726
2017-02-01,-55.559375,-24.26173255336616,-54.92490116093333
2017-03-01,121.71112500000001,32.36476747311822,89.87609073835571
2017-04-01,-2.1006956521739255,13.346986956521732,-17.581983558964794
2017-05-01,83.48054166666665,145.9046774193548,59.17122678046269
2017-06-01,59.356791666666666,13.992834722222227,28.124250584189497
2017-07-01,-44.316800000000015,-9.323458064516124,-57.86735212009614
2017-08-01,53.65474999999999,-3.784600806451614,40.627245193348415
2017-09-01,15.774374999999992,-13.883594444444448,-38.018695795164945
2017-10-01,12.34384,-36.59380774193549,-31.155708316775872
2017-11-01,60.43509090909089,48.45155151515149,51.60790814005645
2017-12-01,-23.624545454545427,13.400705278592369,-8.288851839834166
2018-01-01,68.1405,40.11087096774193,45.711667136999864
2018-02-01,4.443624999999997,29.560910303776694,16.416653212085777
2018-03-01,-32.48887500000001,-31.965135752688184,-28.928413798316768
2018-04-01,39.7973043478261,70.68548695652171,-12.57324659316339
2018-05-01,29.25354166666665,30.196290322580637,32.42331891735216
2018-06-01,-13.410208333333344,-13.145265277777753,-3.7271256973210427
2018-07-01,-16.694800000000015,-18.64003870967742,-27.85861551519241
2018-08-01,-14.239249999999998,-16.849020161290326,-43.87666129843801
2018-09-01,24.82737499999999,-3.747494444444442,9.319722814150708
2018-10-01,-16.313159999999982,17.845708387096764,-25.08329180980388
2018-11-01,104.36109090909088,19.89621818181817,14.330828917145993
2018-12-01,-69.56154545454544,45.235092375366605,-89.4656372735224
2019-01-01,-31.259500000000003,-53.68367741935484,-49.909642886034476
2019-02-01,25.365624999999994,-41.26373255336616,2.9435392200658725
2019-03-01,47.62312499999999,-22.204716397849467,23.174098417182307
2019-04-01,62.022304347826065,47.24428695652176,13.666890163398023
2019-05-01,50.27254166666668,-14.217612903225813,34.24751542803011
2019-06-01,-16.33520833333334,20.786134722222243,-41.49596737407248
2019-07-01,-19.751800000000017,-16.60155483870968,-39.145220294952864
2019-08-01,-56.41525,-30.71792338709677,-82.25835118237733
2019-09-01,-2.0656250000000114,-33.945561111111104,-9.436344038901609
2019-10-01,16.340840000000014,-49.46219483870968,-9.789553720385868
2019-11-01,16.422090909090855,-49.29651515151514,-25.936214020052546
2019-12-01,-14.219545454545425,-56.57958504398826,-34.96921000731166
2020-01-01,-13.020499999999998,-27.1578064516129,-38.84514771046172
2020-02-01,-44.006375000000006,-47.48248501642035,-11.157594686026812
2020-03-01,-96.356875,-72.59400672043012,-50.219729005909585
2020-04-01,-37.967695652173916,-77.69611304347825,-68.56218910493561
2020-05-01,-75.53845833333335,-103.51229032258065,-62.11803056863519
2020-06-01,9.502791666666653,-55.31113194444443,1.6088446817060458
2020-07-01,43.42919999999998,-18.242135483870968,57.29366983785047
2020-08-01,99.98075000000001,7.943495967741924,33.243825785536984
2020-09-01,-72.535625,14.171438888888886,-22.107188382778247
2020-10-01,-75.58615999999998,-61.46658193548387,-124.65342445320371
2020-11-01,1.936090909090865,-51.69691515151516,-78.15937879724135
2020-12-01,8.843454545454563,-33.06361730205279,6.858321617769462
2021-01-01,-24.911500000000004,-6.488838709677424,-15.112161277717092
2021-02-01,10.538624999999996,29.709767446633833,32.786608721161144
2021-03-01,-4.968874999999997,158.045251344086,76.84391845730349
2021-04-01,8.485304347826087,-22.284646376811594,-20.89038545641725
2021-05-01,-41.25045833333334,4.791903225806465,-10.146084716004736
2021-07-01,-23.637800000000013,-7.654103225806452,-10.749558111793164
2021-08-01,45.676749999999984,27.36865725806451,86.52068596341604
2021-09-01,-46.668625000000006,19.879838888888898,-26.861642767840408
2021-10-01,-0.2381599999999935,18.942772903225816,30.059887298605304
2021-11-01,-21.40790909090913,86.85398484848486,5.958196024601989
2021-12-01,-15.394545454545437,-12.306359237536668,-47.46327866190063
2022-01-01,3.6414999999999935,7.298870967741934,4.005410553244502
2022-02-01,153.370625,27.90630316091955,130.79905812667621
2022-04-01,42.500304347826074,110.23662028985507,28.221625974731808
2022-05-01,-28.36945833333334,1.9676774193548283,10.321603251590034
2022-06-01,65.10279166666665,87.38160138888885,109.35590870849461
2022-07-01,31.44719999999998,49.12512258064517,50.35865609387827
2022-08-01,-3.0562499999999915,46.26014112903224,10.59998918489228
2022-09-01,-6.383624999999995,19.657105555555546,-37.748022892283245
2022-10-01,149.06884000000002,100.8008696774193,71.79507114062517
2022-11-01,46.837090909090875,113.71108484848486,49.46832919954278
2022-12-01,32.81145454545455,30.73683431085044,15.386346715279046
