response,field,lag_months,month,n_response,n_min,n_max,valid_cells,mean_abs_difference_weighted,sign_disagreement_abs_02
CHIRPS,sst,0,1,24,24,24,9708,0.05072833332866781,0.002325611298294376
CHIRPS,sst,0,2,24,24,24,9675,0.06330302159428718,0.001293660798872166
CHIRPS,sst,0,3,24,24,24,9615,0.09175705968980775,0.042626407257819146
CHIRPS,sst,0,4,23,23,23,9484,0.042396327951031244,0.00045759773704752557
CHIRPS,sst,0,5,24,24,24,9560,0.05097725873195481,0.0012424201522765862
CHIRPS,sst,0,6,24,24,24,9637,0.05230515493364218,0.0009395752903247576
CHIRPS,sst,0,7,25,25,25,9684,0.09434470306613127,0.030501747250942766
CHIRPS,sst,0,8,24,24,24,9950,0.060456041240512653,0.0016854005164384017
CHIRPS,sst,0,9,24,24,24,10018,0.07817298101407243,0.005754579236792427
CHIRPS,sst,0,10,25,25,25,10111,0.07212512021731655,0.011999512392436972
CHIRPS,sst,0,11,22,22,22,9737,0.06588116541988684,0.0037383980377794766
CHIRPS,sst,0,12,22,22,22,9780,0.055718861136684804,0.004095553941721399
CHIRPS,slp,0,1,24,24,24,10512,0.048567818818283766,0.0012647906106904834
CHIRPS,slp,0,2,24,24,24,10512,0.06392669226747841,0.0027097147949005484
CHIRPS,slp,0,3,24,24,24,10512,0.08199304494194039,0.019249488186642835
CHIRPS,slp,0,4,23,23,23,10512,0.04284814354906391,0.001259213129836643
CHIRPS,slp,0,5,24,24,24,10512,0.04916036402857399,0.0005191588864342988
CHIRPS,slp,0,6,24,24,24,10512,0.04419812385674385,0.0
CHIRPS,slp,0,7,25,25,25,10512,0.10313496605097532,0.026259552754988015
CHIRPS,slp,0,8,24,24,24,10512,0.07183851101691828,0.003851928732509906
CHIRPS,slp,0,9,24,24,24,10512,0.06544630701666242,0.0012373547671659666
CHIRPS,slp,0,10,25,25,25,10512,0.06204539458754831,0.0013004210038991737
CHIRPS,slp,0,11,22,22,22,10512,0.06541317684700894,0.0015269945671134149
CHIRPS,slp,0,12,22,22,22,10512,0.07115050926815591,0.008749802653341725
CHIRPS,z500,0,1,24,20,24,10512,0.04393477955906065,0.0002307867530401517
CHIRPS,z500,0,2,24,24,24,10511,0.0606497184062281,0.002495431251672995
CHIRPS,z500,0,3,24,24,24,10512,0.06133840771920202,0.008353037590010302
CHIRPS,z500,0,4,23,23,23,10512,0.049814756683178564,0.0
CHIRPS,z500,0,5,24,24,24,10512,0.0590905497424087,0.0007713024619995569
CHIRPS,z500,0,6,24,24,24,10512,0.038529758512087404,0.0
CHIRPS,z500,0,7,25,25,25,10512,0.11782085369067756,0.030013351442286458
CHIRPS,z500,0,8,24,24,24,10512,0.05644737983402667,0.0005421188098823033
CHIRPS,z500,0,9,24,24,24,10512,0.08062551544778511,0.0026727449826407243
CHIRPS,z500,0,10,25,25,25,10512,0.06827440056875818,0.004336535891404461
CHIRPS,z500,0,11,22,22,22,10512,0.05349118827174171,0.004966274931198201
CHIRPS,z500,0,12,22,22,22,10512,0.06625169556600098,0.003184232872126816
Q,sst,0,1,24,24,24,9708,0.046417341432492404,0.0023940624430226114
Q,sst,0,2,24,24,24,9675,0.055115472111047156,0.0013625382290509747
Q,sst,0,3,24,24,24,9615,0.05739964451682168,0.0005284171308839693
Q,sst,0,4,23,23,23,9484,0.04358973577051171,0.0008337567899931931
Q,sst,0,5,24,24,24,9560,0.06578115981637306,0.0032907311703514685
Q,sst,0,6,24,24,24,9637,0.05548771975308957,0.000522389640006854
Q,sst,0,7,25,25,25,9684,0.0837996090862954,0.010245622579388602
Q,sst,0,8,24,24,24,9950,0.06757553842637382,0.0024248443605494963
Q,sst,0,9,24,24,24,10018,0.08854800694677054,0.008071859304557207
Q,sst,0,10,25,25,25,10111,0.07193328427759588,0.003942094425490745
Q,sst,0,11,22,22,22,9737,0.10238553502074271,0.03303660313373359
Q,sst,0,12,22,22,22,9780,0.09754853825766595,0.018575854540580656
Q,sst,1,1,24,24,24,9795,0.04664140117143816,0.0004411810402515314
Q,sst,1,2,24,24,24,9709,0.05559279570264997,0.0011815623790926949
Q,sst,1,3,24,24,24,9675,0.060358508704970004,0.002547692954429218
Q,sst,1,4,23,23,23,9615,0.043336370839697665,0.0004049241934747029
Q,sst,1,5,24,24,24,9485,0.06171439091532248,0.002603511093052331
Q,sst,1,6,24,24,24,9560,0.05639816443528431,0.0018897332314441163
Q,sst,1,7,25,25,25,9644,0.08899324399077725,0.017455169396010554
Q,sst,1,8,24,24,24,9684,0.06522339550994848,0.003473815813886166
Q,sst,1,9,24,24,24,9949,0.08459819373388436,0.016062819829095562
Q,sst,1,10,25,25,25,10019,0.0754378407622709,0.0027196829598582807
Q,sst,1,11,22,22,22,10071,0.09246377389996,0.020086197331880416
Q,sst,1,12,22,22,22,9737,0.09340315059220518,0.014867714000523516
Q,slp,0,1,24,24,24,10512,0.04577378583772645,0.0008572138824300917
Q,slp,0,2,24,24,24,10512,0.058125979442311466,0.0008312713559848664
Q,slp,0,3,24,24,24,10512,0.06871053674772622,0.004392914969191747
Q,slp,0,4,23,23,23,10512,0.043099541738367365,0.00021779902301525926
Q,slp,0,5,24,24,24,10512,0.06866964647627827,0.005402955920618085
Q,slp,0,6,24,24,24,10512,0.049743774510705836,0.0005985497605551796
Q,slp,0,7,25,25,25,10512,0.11721506278825823,0.053852518478887584
Q,slp,0,8,24,24,24,10512,0.06562725181971336,0.009364745977882076
Q,slp,0,9,24,24,24,10512,0.06985295968447548,0.0024910291140416803
Q,slp,0,10,25,25,25,10512,0.07850399014438353,0.008433626836172234
Q,slp,0,11,22,22,22,10512,0.0885829970265906,0.012288762363807364
Q,slp,0,12,22,22,22,10512,0.16169011808241537,0.08676414729121841
Q,slp,1,1,24,24,24,10512,0.044019151732561275,0.0
Q,slp,1,2,24,24,24,10512,0.047019405366514035,0.00018344974001987326
Q,slp,1,3,24,24,24,10512,0.06102911870527876,0.0026713612306861604
Q,slp,1,4,23,23,23,10512,0.044711951266320396,0.0007035140101536025
Q,slp,1,5,24,24,24,10512,0.07639684867540122,0.007149832031524415
Q,slp,1,6,24,24,24,10512,0.05497904751050852,0.004354010450677698
Q,slp,1,7,25,25,25,10512,0.11318639208880274,0.03686427001704016
Q,slp,1,8,24,24,24,10512,0.07863449361725076,0.005077461004549397
Q,slp,1,9,24,24,24,10512,0.0761661601626229,0.002548515095332151
Q,slp,1,10,25,25,25,10512,0.07166908915515349,0.0061014738433730975
Q,slp,1,11,22,22,22,10512,0.11739632393272773,0.04408594387176013
Q,slp,1,12,22,22,22,10512,0.10353474955274444,0.02578670580736422
Q,z500,0,1,24,20,24,10512,0.04144939735145507,0.0
Q,z500,0,2,24,24,24,10511,0.0532559939840948,0.0012499707343959587
Q,z500,0,3,24,24,24,10512,0.05811695546173773,0.0025575991869667913
Q,z500,0,4,23,23,23,10512,0.044421220980610694,0.001032046804401561
Q,z500,0,5,24,24,24,10512,0.06252398603232998,0.003665698472179413
Q,z500,0,6,24,24,24,10512,0.04271171811097,0.0
Q,z500,0,7,25,25,25,10512,0.10197097416109488,0.050120112870154186
Q,z500,0,8,24,24,24,10512,0.0810626454718524,0.013085030954817788
Q,z500,0,9,24,24,24,10512,0.06824555728911973,0.002174278057253162
Q,z500,0,10,25,25,25,10512,0.07483264324542178,0.0025904368921190074
Q,z500,0,11,22,22,22,10512,0.07509586739981193,0.0097618257052825
Q,z500,0,12,22,22,22,10512,0.14380840070623754,0.04586051189799521
Q,z500,1,1,24,24,24,10512,0.046228598426001286,0.0
Q,z500,1,2,24,24,24,10511,0.04339050986838663,0.0
Q,z500,1,3,24,20,24,10512,0.06625424885869581,0.0013415180270717256
Q,z500,1,4,23,23,23,10512,0.04543714079523992,0.0
Q,z500,1,5,24,24,24,10512,0.06747232299141621,0.009056870841183824
Q,z500,1,6,24,24,24,10512,0.06147179976902762,0.002922570427126847
Q,z500,1,7,25,25,25,10512,0.1437672073825084,0.06337078064622902
Q,z500,1,8,24,24,24,10512,0.09470685677127386,0.008353869181077563
Q,z500,1,9,24,24,24,10512,0.08194417036102947,0.004126103770767246
Q,z500,1,10,25,25,25,10512,0.07118778094537956,0.004774446049494406
Q,z500,1,11,22,22,22,10512,0.10400375466614613,0.0143248159890307
Q,z500,1,12,22,22,22,10512,0.08904272291911612,0.015857132032969682
IMERG,sst,0,1,24,24,24,9708,0.046590852263076875,0.0028704266569920373
IMERG,sst,0,2,24,24,24,9675,0.06377643397246162,0.0013763166330105336
IMERG,sst,0,3,24,24,24,9615,0.05540562310890618,0.003425036717483101
IMERG,sst,0,4,23,23,23,9484,0.04969101585149915,0.0006483284156759377
IMERG,sst,0,5,24,24,24,9560,0.07305708723311485,0.0042059878666727704
IMERG,sst,0,6,24,24,24,9637,0.05249446490636593,0.00036404503323735613
IMERG,sst,0,7,25,25,25,9684,0.0587253939891468,0.0014868701769823749
IMERG,sst,0,8,24,24,24,9950,0.05669754882224812,0.0026286348615719352
IMERG,sst,0,9,24,24,24,10018,0.07364930401640533,0.002224224623696893
IMERG,sst,0,10,25,25,25,10111,0.05574354137484206,0.0010048032433104463
IMERG,sst,0,11,22,22,22,9737,0.0774262079622437,0.01256650440129039
IMERG,sst,0,12,22,22,22,9780,0.08377355953887622,0.009319912453047694
IMERG,slp,0,1,24,24,24,10512,0.051604249671096836,0.0005305388756686166
IMERG,slp,0,2,24,24,24,10512,0.06200606819074223,0.0041924808649151015
IMERG,slp,0,3,24,24,24,10512,0.06411389646048199,0.0006865158584303255
IMERG,slp,0,4,23,23,23,10512,0.050917596623444,0.0019430997371432909
IMERG,slp,0,5,24,24,24,10512,0.06627528678871498,0.00509563767757757
IMERG,slp,0,6,24,24,24,10512,0.03983003146037609,0.0002497991930297898
IMERG,slp,0,7,25,25,25,10512,0.07366359500707008,0.006506654772613933
IMERG,slp,0,8,24,24,24,10512,0.054790198650011356,0.0009604472139045375
IMERG,slp,0,9,24,24,24,10512,0.07515904878819293,0.0013231256862886612
IMERG,slp,0,10,25,25,25,10512,0.05670610340136516,0.000416189839501507
IMERG,slp,0,11,22,22,22,10512,0.09150396034564685,0.016586108262499476
IMERG,slp,0,12,22,22,22,10512,0.14079104255684588,0.04654172914978314
IMERG,z500,0,1,24,20,24,10512,0.04601574195787773,0.0007208324751150399
IMERG,z500,0,2,24,24,24,10511,0.05752150737610044,0.001776055337865585
IMERG,z500,0,3,24,24,24,10512,0.055349317581109066,0.002179500980762723
IMERG,z500,0,4,23,23,23,10512,0.051146104776235435,0.0
IMERG,z500,0,5,24,24,24,10512,0.07741106599908483,0.003951335136007023
IMERG,z500,0,6,24,24,24,10512,0.039560577140028516,0.0
IMERG,z500,0,7,25,25,25,10512,0.07374599521716334,0.006938359023718984
IMERG,z500,0,8,24,24,24,10512,0.0782243536755276,0.007187370837737107
IMERG,z500,0,9,24,24,24,10512,0.07681443795313994,0.002249917990823436
IMERG,z500,0,10,25,25,25,10512,0.053792061558660585,0.00023023967748223148
IMERG,z500,0,11,22,22,22,10512,0.06935446626000137,0.011213656599162425
IMERG,z500,0,12,22,22,22,10512,0.11873838783851441,0.013478177975448017
