field,month,mean_abs_delta
sst,1,0.10532428461104754
sst,2,0.10092504282565531
sst,3,0.17494607082142385
sst,4,0.13692800323246612
sst,5,0.12166308771044923
sst,6,0.0641243486109721
sst,7,0.07119824832698034
sst,8,0.13316454765449756
sst,9,0.08042753367354435
sst,10,0.2021386349880418
sst,11,0.22098721438474211
sst,12,0.1545389928061413
slp,1,0.0678708831127772
slp,2,0.07759355456792874
slp,3,0.19087770607947693
slp,4,0.0973508595599032
slp,5,0.10210991206415215
slp,6,0.06215579440635956
slp,7,0.06835379818075976
slp,8,0.09417414520820039
slp,9,0.0779229894042464
slp,10,0.12034180351912259
slp,11,0.17265029550273583
slp,12,0.17703734573745014
z500,1,0.08086091114940952
z500,2,0.08252064577326514
z500,3,0.19299955662828933
z500,4,0.13881718134672552
z500,5,0.1014262078230887
z500,6,0.08007752826539977
z500,7,0.08610845840442695
z500,8,0.13964411426297937
z500,9,0.08342704198397617
z500,10,0.1938183116150202
z500,11,0.27317194215723944
z500,12,0.20189547507874245
