variable,mes_calendario,n_anos,media,mediana,sd,p10,q25,q75,p90
P_mm,1,40,113.76962499999999,106.85,47.97489839258491,50.922599999999996,75.61375,160.5135,177.3505
P_mm,2,40,133.548575,126.89500000000001,55.27968135455284,65.3408,98.98075,155.4175,198.5219
P_mm,3,41,190.65824390243904,182.95000000000002,50.397626130989785,124.299,172.47299999999998,218.124,228.757
P_mm,4,40,240.163775,241.1515,48.925424069012344,174.8663,204.27474999999998,272.66225,309.5346
P_mm,5,41,211.7871951219512,204.664,47.434835681289925,158.791,178.435,249.776,263.148
P_mm,6,41,124.22139024390242,117.58,43.515105214096664,75.896,88.271,168.307,184.656
P_mm,7,42,89.98995238095237,82.15549999999999,37.35731427644253,53.68320000000001,68.7525,108.331,134.81359999999998
P_mm,8,40,95.99002499999999,90.14,41.55271640754083,48.953300000000006,64.86675,118.7915,151.6257
P_mm,9,40,148.28609999999998,145.634,41.11978103790349,98.368,126.48675,175.2435,190.43970000000002
P_mm,10,42,255.03435714285717,258.5525,55.2532012187359,178.3551,218.82049999999998,279.20849999999996,312.2821
P_mm,11,39,249.5289230769231,239.668,56.570034256748656,187.3252,202.3805,280.3065,323.9168000000001
P_mm,12,39,166.4076923076923,170.12199999999999,44.280970658163646,105.384,140.015,189.145,227.79760000000002
Q_m3_s,1,40,101.01204193548388,87.04677419354839,54.82748738084497,43.71258064516129,57.81733064516129,137.41919354838709,181.4361290322581
Q_m3_s,2,40,87.761356773399,71.03248214285713,51.17166648981787,32.425107142857144,43.762068965517244,124.33992857142857,154.73850000000002
Q_m3_s,3,41,104.15618961447679,85.00948387096774,67.69500832956454,39.09290322580645,56.593548387096774,131.2741935483871,224.1709677419355
Q_m3_s,4,40,123.63646083333333,109.22,53.72910749717472,62.229816666666665,90.49,153.5767833333333,209.95945666666668
Q_m3_s,5,41,131.61716443745084,120.42903225806451,62.63042140866357,72.31612903225808,89.99354838709678,155.5677419354839,202.46451612903223
Q_m3_s,6,41,94.66584634146342,86.37666666666668,44.671551965512606,50.955799999999996,59.25666666666667,122.54333333333334,142.62
Q_m3_s,7,42,60.36092933947773,48.732258064516124,30.92997151455826,36.08838709677419,39.55367741935484,71.78459677419355,90.65161290322581
Q_m3_s,8,40,46.84709919354839,39.98306451612903,23.09268368341715,24.95,29.210483870967742,55.71685483870968,73.35130967741935
Q_m3_s,9,40,49.670833333333334,38.91499999999999,26.9215623535921,27.980666666666668,32.838825,54.311899999999994,92.51790000000003
Q_m3_s,10,42,93.78112596006144,79.81129032258065,52.64954147606412,41.6320935483871,60.269354838709674,120.3257258064516,177.34903225806448
Q_m3_s,11,39,157.00627008547008,130.72333333333333,89.83010484859278,82.416,94.105,187.527,269.84674666666666
Q_m3_s,12,39,137.6375574855252,121.36451612903227,74.1958698666979,72.05251612903227,99.32741935483872,155.1693548387097,237.02580645161294
R_mm,1,40,96.72230099492705,83.35010492673004,52.49909452016316,41.85621141216721,55.361966258995636,131.58332755372356,173.73096857918128
R_mm,2,40,76.58783441954247,61.43371769525846,44.89506796645596,28.043436162720447,39.200140140641146,107.53761996861137,133.82837032879425
R_mm,3,41,99.73292420729899,81.39933347395065,64.82016248803465,37.43272069469718,54.19015511995968,125.69929107425666,214.65096042814397
R_mm,4,40,114.56701421069002,101.20808382698351,49.787767950220356,57.66490113292268,83.8520372230703,142.31104158101522,194.55772102717373
R_mm,5,41,126.02769680617632,115.31469796474319,59.970656516348384,69.24503519603603,86.17173663569511,148.96115029726263,193.86633013846037
R_mm,6,41,87.72156117999606,80.04044058501569,41.39463629378365,47.217898533885794,54.90984881255832,113.55407390988815,132.15800142285653
R_mm,7,42,57.79754437233693,46.6627150819215,29.616449259647304,34.5557992127814,37.87392690521559,68.736075847547,86.80185471848534
R_mm,8,40,44.85761442018598,38.28507895423622,22.111992384380216,23.890432898730513,27.969984162677545,53.35069265941892,70.2362541836629
R_mm,9,40,46.027191574401456,36.060360576149634,24.946710670533903,25.928123581165384,30.429908014829167,50.327809265727396,85.7311790761443
R_mm,10,42,89.79846480626219,76.42189483016884,50.41364079289935,39.864077649355245,57.70985882260412,115.21577869218751,169.8174410747929
R_mm,11,39,145.48895572397245,121.13402378815883,83.24054918241252,76.37031163417572,87.20185614849188,173.77081428147534,250.05193331879497
R_mm,12,39,131.7924180943128,116.21045406282735,71.04494791235622,68.99261730522417,95.109220324683,148.57968175204402,226.9598847414727
