mes,dias_esperados,dias_validos_P,dias_faltantes_P,mes_retenido_P,dias_validos_Q,dias_faltantes_Q,mes_retenido_Q,dias_validos_Tmin,dias_faltantes_Tmin,mes_retenido_Tmin,dias_validos_Tmax,dias_faltantes_Tmax,mes_retenido_Tmax,P_Q_pareados
1990-02-01,28,0,28,False,0,28,False,0,28,False,0,28,False,False
1992-08-01,31,0,31,False,0,31,False,0,31,False,0,31,False,False
1992-09-01,30,0,30,False,0,30,False,0,30,False,0,30,False,False
1996-01-01,31,28,3,False,28,3,False,28,3,False,28,3,False,False
2004-02-01,29,27,2,False,27,2,False,27,2,False,27,2,False,False
2004-04-01,30,29,1,False,29,1,False,29,1,False,29,1,False,False
2004-08-01,31,25,6,False,25,6,False,25,6,False,25,6,False,False
2007-11-01,30,23,7,False,23,7,False,23,7,False,23,7,False,False
2007-12-01,31,0,31,False,0,31,False,0,31,False,0,31,False,False
2008-01-01,31,0,31,False,0,31,False,0,31,False,0,31,False,False
2008-11-01,30,29,1,False,29,1,False,29,1,False,29,1,False,False
2008-12-01,31,30,1,False,30,1,False,30,1,False,30,1,False,False
2011-04-01,30,29,1,False,29,1,False,29,1,False,29,1,False,False
2011-05-01,31,30,1,False,30,1,False,30,1,False,30,1,False,False
2011-11-01,30,7,23,False,7,23,False,7,23,False,7,23,False,False
2011-12-01,31,0,31,False,0,31,False,0,31,False,0,31,False,False
2015-09-01,30,27,3,False,27,3,False,27,3,False,27,3,False,False
2021-06-01,30,7,23,False,7,23,False,7,23,False,7,23,False,False
2022-03-01,31,30,1,False,30,1,False,30,1,False,30,1,False,False
