variable,tipo,mes,valor,P_mm,Q_m3_s,R_mm
P_mm,minimo,1982-08-01,24.892,24.892,29.203225806451613,27.963034330882063
P_mm,minimo,2001-08-01,30.124,30.124,29.212903225806453,27.97230077327604
P_mm,minimo,2014-07-01,30.968999999999998,30.968999999999998,58.99516129032258,56.489777240730874
P_mm,minimo,1997-07-01,36.104,36.104,37.225806451612904,35.64491507548647
P_mm,minimo,1986-07-01,36.16,36.16,48.84838709677419,46.77391239064919
P_mm,maximo,2022-10-01,407.574,407.574,204.27548387096775,195.60039039178605
P_mm,maximo,2010-11-01,396.033,396.033,508.76666666666665,471.44570086408146
P_mm,maximo,1986-10-01,387.11,387.11,117.34193548387097,112.3587028410655
P_mm,maximo,2018-11-01,362.473,362.473,202.68733333333333,187.81904983215298
P_mm,maximo,2015-03-01,359.334,359.334,64.45,61.712961936800866
Q_m3_s,minimo,1992-07-01,18.36774193548387,75.46,18.36774193548387,17.58770766376256
Q_m3_s,minimo,2019-09-01,20.328466666666667,141.576,20.328466666666667,18.837256532448638
Q_m3_s,minimo,2019-08-01,21.03651612903226,40.559,21.03651612903226,20.143145370890075
Q_m3_s,minimo,1998-02-01,21.335714285714285,125.22800000000001,21.335714285714285,18.452575620533462
Q_m3_s,minimo,1990-09-01,21.793333333333333,135.662,21.793333333333333,20.194666790600568
Q_m3_s,maximo,2010-11-01,508.76666666666665,396.033,508.76666666666665,471.44570086408146
Q_m3_s,maximo,2010-12-01,439.72258064516126,250.315,439.72258064516126,421.04860949738844
Q_m3_s,maximo,2008-05-01,344.1322580645161,284.308,344.1322580645161,329.5177803438451
Q_m3_s,maximo,1999-11-01,328.4566666666667,277.906,328.4566666666667,304.36247805833716
Q_m3_s,maximo,2022-11-01,296.5022,304.949,296.5022,274.7520555986544
R_mm,minimo,1992-07-01,17.58770766376256,75.46,18.36774193548387,17.58770766376256
R_mm,minimo,1998-02-01,18.452575620533462,125.22800000000001,21.335714285714285,18.452575620533462
R_mm,minimo,2019-09-01,18.837256532448638,141.576,20.328466666666667,18.837256532448638
R_mm,minimo,2019-08-01,20.143145370890075,40.559,21.03651612903226,20.143145370890075
R_mm,minimo,1990-09-01,20.194666790600568,135.662,21.793333333333333,20.194666790600568
R_mm,maximo,2010-11-01,471.44570086408146,396.033,508.76666666666665,471.44570086408146
R_mm,maximo,2010-12-01,421.04860949738844,250.315,439.72258064516126,421.04860949738844
R_mm,maximo,2008-05-01,329.5177803438451,284.308,344.1322580645161,329.5177803438451
R_mm,maximo,1999-11-01,304.36247805833716,277.906,328.4566666666667,304.36247805833716
R_mm,maximo,2017-05-01,280.4829795616315,296.356,292.92270967741933,280.4829795616315
