variable,inicio,fin,dias,valor,tipo
Precipitacion,1981-07-21,1981-07-27,7,0.0,"Racha seca, no error por si sola"
Precipitacion,1982-01-18,1982-01-25,8,0.0,"Racha seca, no error por si sola"
Precipitacion,1984-03-09,1984-03-16,8,0.0,"Racha seca, no error por si sola"
Precipitacion,1985-02-04,1985-02-10,7,0.0,"Racha seca, no error por si sola"
Precipitacion,1985-12-26,1986-01-02,8,0.0,"Racha seca, no error por si sola"
Precipitacion,1986-02-04,1986-02-10,7,0.0,"Racha seca, no error por si sola"
Precipitacion,1986-11-28,1986-12-05,8,0.0,"Racha seca, no error por si sola"
Precipitacion,1986-12-15,1986-12-21,7,0.0,"Racha seca, no error por si sola"
Precipitacion,1987-01-08,1987-01-18,11,0.0,"Racha seca, no error por si sola"
Precipitacion,1987-01-24,1987-01-30,7,0.0,"Racha seca, no error por si sola"
Precipitacion,1987-12-21,1987-12-28,8,0.0,"Racha seca, no error por si sola"
Precipitacion,1988-03-17,1988-03-28,12,0.0,"Racha seca, no error por si sola"
Precipitacion,1988-07-07,1988-07-14,8,0.0,"Racha seca, no error por si sola"
Precipitacion,1991-02-04,1991-02-10,7,0.0,"Racha seca, no error por si sola"
Precipitacion,1992-01-15,1992-01-23,9,0.0,"Racha seca, no error por si sola"
Precipitacion,1992-02-02,1992-02-08,7,0.0,"Racha seca, no error por si sola"
Precipitacion,1992-07-22,1992-07-31,10,0.0,"Racha seca, no error por si sola"
Precipitacion,1994-01-19,1994-01-28,10,0.0,"Racha seca, no error por si sola"
Precipitacion,1994-12-24,1995-01-01,9,0.0,"Racha seca, no error por si sola"
Precipitacion,1995-02-08,1995-02-19,12,0.0,"Racha seca, no error por si sola"
Precipitacion,1995-09-02,1995-09-09,8,0.0,"Racha seca, no error por si sola"
Precipitacion,1997-03-20,1997-03-28,9,0.0,"Racha seca, no error por si sola"
Precipitacion,1998-01-19,1998-01-27,9,0.0,"Racha seca, no error por si sola"
Precipitacion,1999-12-26,2000-01-02,8,0.0,"Racha seca, no error por si sola"
Precipitacion,2001-08-05,2001-08-12,8,0.0,"Racha seca, no error por si sola"
Precipitacion,2002-08-01,2002-08-07,7,0.0,"Racha seca, no error por si sola"
Precipitacion,2003-12-29,2004-01-04,7,0.0,"Racha seca, no error por si sola"
Precipitacion,2004-01-27,2004-02-09,14,0.0,"Racha seca, no error por si sola"
Precipitacion,2004-08-07,2004-08-13,7,0.0,"Racha seca, no error por si sola"
Precipitacion,2007-02-02,2007-02-08,7,0.0,"Racha seca, no error por si sola"
Precipitacion,2008-02-01,2008-02-08,8,0.0,"Racha seca, no error por si sola"
Precipitacion,2009-12-28,2010-01-10,14,0.0,"Racha seca, no error por si sola"
Precipitacion,2010-01-12,2010-01-21,10,0.0,"Racha seca, no error por si sola"
Precipitacion,2011-03-11,2011-03-17,7,0.0,"Racha seca, no error por si sola"
Precipitacion,2011-08-30,2011-09-05,7,0.0,"Racha seca, no error por si sola"
Precipitacion,2012-02-12,2012-02-24,13,0.0,"Racha seca, no error por si sola"
Precipitacion,2012-08-31,2012-09-06,7,0.0,"Racha seca, no error por si sola"
Precipitacion,2013-01-05,2013-01-11,7,0.0,"Racha seca, no error por si sola"
Precipitacion,2014-12-26,2015-01-08,14,0.0,"Racha seca, no error por si sola"
Precipitacion,2015-06-19,2015-06-25,7,0.0,"Racha seca, no error por si sola"
Precipitacion,2016-01-13,2016-01-22,10,0.0,"Racha seca, no error por si sola"
Precipitacion,2017-12-12,2017-12-20,9,0.0,"Racha seca, no error por si sola"
Precipitacion,2019-01-09,2019-01-15,7,0.0,"Racha seca, no error por si sola"
Precipitacion,2019-01-17,2019-01-26,10,0.0,"Racha seca, no error por si sola"
Precipitacion,2019-01-29,2019-02-05,8,0.0,"Racha seca, no error por si sola"
Precipitacion,2020-01-06,2020-01-14,9,0.0,"Racha seca, no error por si sola"
Precipitacion,2021-01-13,2021-01-19,7,0.0,"Racha seca, no error por si sola"
Precipitacion,2021-01-29,2021-02-04,7,0.0,"Racha seca, no error por si sola"
Precipitacion,2021-07-01,2021-07-07,7,0.0,"Racha seca, no error por si sola"
Caudal,1989-08-15,1989-08-21,7,33.6,Constancia para revisar con metadatos
Caudal,1993-07-28,1993-08-03,7,24.5,Constancia para revisar con metadatos
Caudal,1995-01-05,1995-01-12,8,33.6,Constancia para revisar con metadatos
Caudal,1995-01-21,1995-01-29,9,27.0,Constancia para revisar con metadatos
Caudal,1995-08-23,1995-08-31,9,33.6,Constancia para revisar con metadatos
Caudal,1998-02-22,1998-03-01,8,18.0,Constancia para revisar con metadatos
Caudal,2004-07-16,2004-07-26,11,28.6,Constancia para revisar con metadatos
Caudal,2016-01-22,2016-01-28,7,23.267,Constancia para revisar con metadatos
