,Q_estricto,Q_90pct_exploratorio,dias_validos,dias_esperados
1981-01-01,59.00967741935484,59.00967741935484,31,31
1981-02-01,52.02142857142858,52.02142857142858,28,28
1981-03-01,75.69032258064516,75.69032258064516,31,31
1981-04-01,125.74666666666667,125.74666666666667,30,30
1981-05-01,202.46451612903223,202.46451612903223,31,31
1981-06-01,142.62,142.62,30,30
1981-07-01,85.54516129032258,85.54516129032258,31,31
1981-08-01,47.92580645161291,47.92580645161291,31,31
1981-09-01,47.083333333333336,47.083333333333336,30,30
1981-10-01,66.24516129032257,66.24516129032257,31,31
1981-11-01,170.29,170.29,30,30
1981-12-01,121.36451612903227,121.36451612903227,31,31
1982-01-01,179.59677419354838,179.59677419354838,31,31
1982-02-01,119.71428571428571,119.71428571428571,28,28
1982-03-01,108.48709677419355,108.48709677419355,31,31
1982-04-01,148.8,148.8,30,30
1982-05-01,149.46129032258065,149.46129032258065,31,31
1982-06-01,77.21666666666667,77.21666666666667,30,30
1982-07-01,45.61612903225806,45.61612903225806,31,31
1982-08-01,29.203225806451613,29.203225806451613,31,31
1982-09-01,31.7,31.7,30,30
1982-10-01,66.38709677419355,66.38709677419355,31,31
1982-11-01,95.95,95.95,30,30
1982-12-01,87.09354838709677,87.09354838709677,31,31
1983-01-01,53.538709677419355,53.538709677419355,31,31
1983-02-01,38.57857142857143,38.57857142857143,28,28
1983-03-01,39.903225806451616,39.903225806451616,31,31
1983-04-01,121.33,121.33,30,30
1983-05-01,120.42903225806451,120.42903225806451,31,31
1983-06-01,92.3,92.3,30,30
1983-07-01,48.61612903225806,48.61612903225806,31,31
1983-08-01,31.938709677419357,31.938709677419357,31,31
1983-09-01,29.80666666666667,29.80666666666667,30,30
1983-10-01,41.59032258064516,41.59032258064516,31,31
1983-11-01,46.17333333333333,46.17333333333333,30,30
1983-12-01,98.76774193548388,98.76774193548388,31,31
1984-01-01,127.13225806451612,127.13225806451612,31,31
1984-02-01,106.63793103448276,106.63793103448276,29,29
1984-03-01,75.26774193548388,75.26774193548388,31,31
1984-04-01,105.35666666666665,105.35666666666665,30,30
1984-05-01,140.06129032258065,140.06129032258065,31,31
1984-06-01,123.75,123.75,30,30
1984-07-01,90.47741935483872,90.47741935483872,31,31
1984-08-01,69.79032258064517,69.79032258064517,31,31
1984-09-01,80.88666666666667,80.88666666666667,30,30
1984-10-01,161.6483870967742,161.6483870967742,31,31
1984-11-01,270.65333333333336,270.65333333333336,30,30
1984-12-01,130.51290322580647,130.51290322580647,31,31
1985-01-01,122.68387096774192,122.68387096774192,31,31
1985-02-01,69.36785714285715,69.36785714285715,28,28
1985-03-01,56.593548387096774,56.593548387096774,31,31
1985-04-01,90.81666666666666,90.81666666666666,30,30
1985-05-01,93.32903225806452,93.32903225806452,31,31
1985-06-01,59.25666666666667,59.25666666666667,30,30
1985-07-01,36.39032258064516,36.39032258064516,31,31
1985-08-01,43.76774193548387,43.76774193548387,31,31
1985-09-01,47.913333333333334,47.913333333333334,30,30
1985-10-01,127.04193548387097,127.04193548387097,31,31
1985-11-01,128.91333333333333,128.91333333333333,30,30
1985-12-01,101.14838709677419,101.14838709677419,31,31
1986-01-01,91.83870967741936,91.83870967741936,31,31
1986-02-01,130.93571428571428,130.93571428571428,28,28
1986-03-01,128.49032258064514,128.49032258064514,31,31
1986-04-01,117.46000000000001,117.46000000000001,30,30
1986-05-01,97.2258064516129,97.2258064516129,31,31
1986-06-01,81.87666666666668,81.87666666666668,30,30
1986-07-01,48.84838709677419,48.84838709677419,31,31
1986-08-01,34.86774193548387,34.86774193548387,31,31
1986-09-01,33.60666666666667,33.60666666666667,30,30
1986-10-01,117.34193548387097,117.34193548387097,31,31
1986-11-01,107.22666666666667,107.22666666666667,30,30
1986-12-01,60.28709677419355,60.28709677419355,31,31
1987-01-01,44.358064516129026,44.358064516129026,31,31
1987-02-01,31.182142857142857,31.182142857142857,28,28
1987-03-01,42.00645161290323,42.00645161290323,31,31
1987-04-01,51.65,51.65,30,30
1987-05-01,89.99354838709678,89.99354838709678,31,31
1987-06-01,46.263333333333335,46.263333333333335,30,30
1987-07-01,35.5258064516129,35.5258064516129,31,31
1987-08-01,37.26451612903226,37.26451612903226,31,31
1987-09-01,35.49333333333333,35.49333333333333,30,30
1987-10-01,91.29677419354839,91.29677419354839,31,31
1987-11-01,130.72333333333333,130.72333333333333,30,30
1987-12-01,116.31612903225808,116.31612903225808,31,31
1988-01-01,51.21935483870968,51.21935483870968,31,31
1988-02-01,44.05862068965517,44.05862068965517,29,29
1988-03-01,56.751612903225805,56.751612903225805,31,31
1988-04-01,83.79333333333334,83.79333333333334,30,30
1988-05-01,76.9483870967742,76.9483870967742,31,31
1988-06-01,91.13666666666667,91.13666666666667,30,30
1988-07-01,87.41612903225807,87.41612903225807,31,31
1988-08-01,71.52580645161291,71.52580645161291,31,31
1988-09-01,120.36666666666666,120.36666666666666,30,30
1988-10-01,154.90645161290323,154.90645161290323,31,31
1988-11-01,267.0466666666667,267.0466666666667,30,30
1988-12-01,241.03870967741935,241.03870967741935,31,31
1989-01-01,133.88064516129032,133.88064516129032,31,31
1989-02-01,109.46785714285714,109.46785714285714,28,28
1989-03-01,112.29354838709678,112.29354838709678,31,31
1989-04-01,73.08,73.08,30,30
1989-05-01,93.84516129032258,93.84516129032258,31,31
1989-06-01,61.14333333333333,61.14333333333333,30,30
1989-07-01,46.29677419354839,46.29677419354839,31,31
1989-08-01,36.49677419354839,36.49677419354839,31,31
1989-09-01,49.156666666666666,49.156666666666666,30,30
1989-10-01,67.71290322580644,67.71290322580644,31,31
1989-11-01,116.58,116.58,30,30
1989-12-01,97.8967741935484,97.8967741935484,31,31
1990-01-01,73.06451612903226,73.06451612903226,31,31
1990-02-01,,,0,28
1990-03-01,79.48064516129033,79.48064516129033,31,31
1990-04-01,108.42,108.42,30,30
1990-05-01,101.75806451612904,101.75806451612904,31,31
1990-06-01,55.34,55.34,30,30
1990-07-01,37.483870967741936,37.483870967741936,31,31
1990-08-01,23.32903225806452,23.32903225806452,31,31
1990-09-01,21.793333333333333,21.793333333333333,30,30
1990-10-01,80.29677419354839,80.29677419354839,31,31
1990-11-01,78.68333333333334,78.68333333333334,30,30
1990-12-01,113.6258064516129,113.6258064516129,31,31
1991-01-01,71.3258064516129,71.3258064516129,31,31
1991-02-01,35.90714285714286,35.90714285714286,28,28
1991-03-01,101.05806451612904,101.05806451612904,31,31
1991-04-01,102.28333333333333,102.28333333333333,30,30
1991-05-01,92.91935483870968,92.91935483870968,31,31
1991-06-01,56.93666666666666,56.93666666666666,30,30
1991-07-01,38.49677419354839,38.49677419354839,31,31
1991-08-01,31.967741935483872,31.967741935483872,31,31
1991-09-01,28.216666666666665,28.216666666666665,30,30
1991-10-01,42.65161290322581,42.65161290322581,31,31
1991-11-01,92.26,92.26,30,30
1991-12-01,104.97741935483872,104.97741935483872,31,31
1992-01-01,52.86774193548387,52.86774193548387,31,31
1992-02-01,42.87241379310345,42.87241379310345,29,29
1992-03-01,29.516129032258064,29.516129032258064,31,31
1992-04-01,32.02333333333333,32.02333333333333,30,30
1992-05-01,28.161290322580644,28.161290322580644,31,31
1992-06-01,28.38,28.38,30,30
1992-07-01,18.36774193548387,18.36774193548387,31,31
1992-08-01,,,0,31
1992-09-01,,,0,30
1992-10-01,28.16774193548387,28.16774193548387,31,31
1992-11-01,81.25333333333333,81.25333333333333,30,30
1992-12-01,108.16774193548386,108.16774193548386,31,31
1993-01-01,83.57096774193548,83.57096774193548,31,31
1993-02-01,62.30357142857143,62.30357142857143,28,28
1993-03-01,59.670967741935485,59.670967741935485,31,31
1993-04-01,110.02,110.02,30,30
1993-05-01,148.6483870967742,148.6483870967742,31,31
1993-06-01,73.90666666666667,73.90666666666667,30,30
1993-07-01,40.725806451612904,40.725806451612904,31,31
1993-08-01,24.983870967741936,24.983870967741936,31,31
1993-09-01,37.083333333333336,37.083333333333336,30,30
1993-10-01,41.561290322580646,41.561290322580646,31,31
1993-11-01,137.36333333333332,137.36333333333332,30,30
1993-12-01,156.0258064516129,156.0258064516129,31,31
1994-01-01,94.19677419354838,94.19677419354838,31,31
1994-02-01,92.66071428571429,92.66071428571429,28,28
1994-03-01,119.48709677419355,119.48709677419355,31,31
1994-04-01,157.55333333333334,157.55333333333334,30,30
1994-05-01,106.8967741935484,106.8967741935484,31,31
1994-06-01,57.9,57.9,30,30
1994-07-01,37.88709677419355,37.88709677419355,31,31
1994-08-01,27.929032258064513,27.929032258064513,31,31
1994-09-01,24.71333333333333,24.71333333333333,30,30
1994-10-01,88.96451612903226,88.96451612903226,31,31
1994-11-01,117.57333333333332,117.57333333333332,30,30
1994-12-01,69.48709677419355,69.48709677419355,31,31
1995-01-01,32.877419354838715,32.877419354838715,31,31
1995-02-01,25.792857142857144,25.792857142857144,28,28
1995-03-01,34.00645161290323,34.00645161290323,31,31
1995-04-01,89.51,89.51,30,30
1995-05-01,106.63548387096773,106.63548387096773,31,31
1995-06-01,65.28666666666666,65.28666666666666,30,30
1995-07-01,45.44516129032258,45.44516129032258,31,31
1995-08-01,46.4483870967742,46.4483870967742,31,31
1995-09-01,32.10666666666667,32.10666666666667,30,30
1995-10-01,61.725806451612904,61.725806451612904,31,31
1995-11-01,87.62333333333332,87.62333333333332,30,30
1995-12-01,132.31935483870967,132.31935483870967,31,31
1996-01-01,,119.62857142857142,28,31
1996-02-01,113.65172413793104,113.65172413793104,29,29
1996-03-01,243.88709677419354,243.88709677419354,31,31
1996-04-01,133.34666666666666,133.34666666666666,30,30
1996-05-01,146.7774193548387,146.7774193548387,31,31
1996-06-01,131.20333333333332,131.20333333333332,30,30
1996-07-01,90.67096774193548,90.67096774193548,31,31
1996-08-01,49.693548387096776,49.693548387096776,31,31
1996-09-01,38.473333333333336,38.473333333333336,30,30
1996-10-01,85.22258064516129,85.22258064516129,31,31
1996-11-01,82.70666666666666,82.70666666666666,30,30
1996-12-01,89.30967741935484,89.30967741935484,31,31
1997-01-01,179.1451612903226,179.1451612903226,31,31
1997-02-01,124.83214285714287,124.83214285714287,28,28
1997-03-01,100.42258064516129,100.42258064516129,31,31
1997-04-01,99.47,99.47,30,30
1997-05-01,72.31612903225808,72.31612903225808,31,31
1997-06-01,86.37666666666668,86.37666666666668,30,30
1997-07-01,37.225806451612904,37.225806451612904,31,31
1997-08-01,24.64516129032258,24.64516129032258,31,31
1997-09-01,25.85666666666667,25.85666666666667,30,30
1997-10-01,29.18064516129032,29.18064516129032,31,31
1997-11-01,90.82,90.82,30,30
1997-12-01,37.63548387096775,37.63548387096775,31,31
1998-01-01,22.29032258064516,22.29032258064516,31,31
1998-02-01,21.335714285714285,21.335714285714285,28,28
1998-03-01,34.25806451612903,34.25806451612903,31,31
1998-04-01,70.83333333333333,70.83333333333333,30,30
1998-05-01,106.65806451612903,106.65806451612903,31,31
1998-06-01,54.440000000000005,54.440000000000005,30,30
1998-07-01,36.05483870967742,36.05483870967742,31,31
1998-08-01,27.4741935483871,27.4741935483871,31,31
1998-09-01,38.776666666666664,38.776666666666664,30,30
1998-10-01,81.88387096774194,81.88387096774194,31,31
1998-11-01,172.36666666666667,172.36666666666667,30,30
1998-12-01,154.31290322580645,154.31290322580645,31,31
1999-01-01,174.2064516129032,174.2064516129032,31,31
1999-02-01,231.78928571428574,231.78928571428574,28,28
1999-03-01,226.2064516129032,226.2064516129032,31,31
1999-04-01,174.01333333333332,174.01333333333332,30,30
1999-05-01,147.93870967741935,147.93870967741935,31,31
1999-06-01,122.54333333333334,122.54333333333334,30,30
1999-07-01,82.1258064516129,82.1258064516129,31,31
1999-08-01,64.05806451612904,64.05806451612904,31,31
1999-09-01,112.37333333333332,112.37333333333332,30,30
1999-10-01,179.09354838709677,179.09354838709677,31,31
1999-11-01,328.4566666666667,328.4566666666667,30,30
1999-12-01,261.2451612903226,261.2451612903226,31,31
2000-01-01,199.25806451612902,199.25806451612902,31,31
2000-02-01,184.4,184.4,29,29
2000-03-01,178.7741935483871,178.7741935483871,31,31
2000-04-01,137.93333333333334,137.93333333333334,30,30
2000-05-01,180.4774193548387,180.4774193548387,31,31
2000-06-01,141.61333333333332,141.61333333333332,30,30
2000-07-01,83.23225806451612,83.23225806451612,31,31
2000-08-01,54.42903225806452,54.42903225806452,31,31
2000-09-01,90.96666666666667,90.96666666666667,30,30
2000-10-01,79.3258064516129,79.3258064516129,31,31
2000-11-01,205.93666666666664,205.93666666666664,30,30
2000-12-01,99.88709677419355,99.88709677419355,31,31
2001-01-01,77.67096774193548,77.67096774193548,31,31
2001-02-01,60.93214285714286,60.93214285714286,28,28
2001-03-01,89.09677419354838,89.09677419354838,31,31
2001-04-01,62.343333333333334,62.343333333333334,30,30
2001-05-01,73.76774193548388,73.76774193548388,31,31
2001-06-01,63.35666666666667,63.35666666666667,30,30
2001-07-01,40.92903225806452,40.92903225806452,31,31
2001-08-01,29.212903225806453,29.212903225806453,31,31
2001-09-01,39.05333333333333,39.05333333333333,30,30
2001-10-01,55.599999999999994,55.599999999999994,31,31
2001-11-01,88.80333333333333,88.80333333333333,30,30
2001-12-01,144.91935483870967,144.91935483870967,31,31
2002-01-01,70.09677419354838,70.09677419354838,31,31
2002-02-01,41.13928571428572,41.13928571428572,28,28
2002-03-01,45.983870967741936,45.983870967741936,31,31
2002-04-01,136.76000000000002,136.76000000000002,30,30
2002-05-01,85.37096774193549,85.37096774193549,31,31
2002-06-01,88.88333333333334,88.88333333333334,30,30
2002-07-01,50.26129032258064,50.26129032258064,31,31
2002-08-01,33.170967741935485,33.170967741935485,31,31
2002-09-01,37.44666666666667,37.44666666666667,30,30
2002-10-01,59.78387096774193,59.78387096774193,31,31
2002-11-01,118.53999999999999,118.53999999999999,30,30
2002-12-01,73.06774193548387,73.06774193548387,31,31
2003-01-01,37.903225806451616,37.903225806451616,31,31
2003-02-01,34.04642857142857,34.04642857142857,28,28
2003-03-01,57.24193548387097,57.24193548387097,31,31
2003-04-01,105.82666666666665,105.82666666666665,30,30
2003-05-01,67.79032258064517,67.79032258064517,31,31
2003-06-01,92.76666666666667,92.76666666666667,30,30
2003-07-01,47.13225806451613,47.13225806451613,31,31
2003-08-01,33.75806451612903,33.75806451612903,31,31
2003-09-01,33.21,33.21,30,30
2003-10-01,93.72258064516129,93.72258064516129,31,31
2003-11-01,111.06333333333333,111.06333333333333,30,30
2003-12-01,107.33870967741936,107.33870967741936,31,31
2004-01-01,88.56451612903226,88.56451612903226,31,31
2004-02-01,,52.214814814814815,27,29
2004-03-01,42.08387096774193,42.08387096774193,31,31
2004-04-01,,70.39310344827585,29,30
2004-05-01,88.26129032258065,88.26129032258065,31,31
2004-06-01,46.54666666666667,46.54666666666667,30,30
2004-07-01,32.69032258064516,32.69032258064516,31,31
2004-08-01,,,25,31
2004-09-01,44.166666666666664,44.166666666666664,30,30
2004-10-01,80.56774193548387,80.56774193548387,31,31
2004-11-01,147.37333333333333,147.37333333333333,30,30
2004-12-01,111.25161290322582,111.25161290322582,31,31
2005-01-01,85.52903225806452,85.52903225806452,31,31
2005-02-01,70.05714285714285,70.05714285714285,28,28
2005-03-01,71.96774193548387,71.96774193548387,31,31
2005-04-01,62.50666666666667,62.50666666666667,30,30
2005-05-01,117.52580645161291,117.52580645161291,31,31
2005-06-01,73.21333333333334,73.21333333333334,30,30
2005-07-01,41.75483870967742,41.75483870967742,31,31
2005-08-01,27.63225806451613,27.63225806451613,31,31
2005-09-01,29.113333333333333,29.113333333333333,30,30
2005-10-01,137.55483870967743,137.55483870967743,31,31
2005-11-01,225.55,225.55,30,30
2005-12-01,236.0225806451613,236.0225806451613,31,31
2006-01-01,206.07096774193548,206.07096774193548,31,31
2006-02-01,103.825,103.825,28,28
2006-03-01,137.74548387096772,137.74548387096772,31,31
2006-04-01,193.97333333333333,193.97333333333333,30,30
2006-05-01,214.67419354838708,214.67419354838708,31,31
2006-06-01,177.43533333333335,177.43533333333335,30,30
2006-07-01,66.98967741935483,66.98967741935483,31,31
2006-08-01,45.20193548387097,45.20193548387097,31,31
2006-09-01,34.52733333333333,34.52733333333333,30,30
2006-10-01,67.48774193548387,67.48774193548387,31,31
2006-11-01,163.33533333333332,163.33533333333332,30,30
2006-12-01,189.95709677419356,189.95709677419356,31,31
2007-01-01,93.52290322580646,93.52290322580646,31,31
2007-02-01,61.43357142857143,61.43357142857143,28,28
2007-03-01,79.62935483870969,79.62935483870969,31,31
2007-04-01,180.22033333333331,180.22033333333331,30,30
2007-05-01,206.06451612903226,206.06451612903226,31,31
2007-06-01,138.33533333333332,138.33533333333332,30,30
2007-07-01,72.20870967741935,72.20870967741935,31,31
2007-08-01,59.58032258064516,59.58032258064516,31,31
2007-09-01,43.544333333333334,43.544333333333334,30,30
2007-10-01,183.53516129032258,183.53516129032258,31,31
2007-11-01,,,23,30
2007-12-01,,,0,31
2008-01-01,,,0,31
2008-02-01,180.69551724137932,180.69551724137932,29,29
2008-03-01,224.1709677419355,224.1709677419355,31,31
2008-04-01,227.78333333333333,227.78333333333333,30,30
2008-05-01,344.1322580645161,344.1322580645161,31,31
2008-06-01,221.66666666666666,221.66666666666666,30,30
2008-07-01,123.9358064516129,123.9358064516129,31,31
2008-08-01,102.0425806451613,102.0425806451613,31,31
2008-09-01,106.479,106.479,30,30
2008-10-01,116.47774193548386,116.47774193548386,31,31
2008-11-01,,414.1551724137931,29,30
2008-12-01,,396.61333333333334,30,31
2009-01-01,197.99032258064514,197.99032258064514,31,31
2009-02-01,153.82857142857142,153.82857142857142,28,28
2009-03-01,157.14354838709676,157.14354838709676,31,31
2009-04-01,218.37333333333333,218.37333333333333,30,30
2009-05-01,194.62,194.62,31,31
2009-06-01,116.291,116.291,30,30
2009-07-01,70.51225806451613,70.51225806451613,31,31
2009-08-01,42.70161290322581,42.70161290322581,31,31
2009-09-01,32.347,32.347,30,30
2009-10-01,53.869677419354836,53.869677419354836,31,31
2009-11-01,113.13266666666667,113.13266666666667,30,30
2009-12-01,72.69387096774194,72.69387096774194,31,31
2010-01-01,46.19064516129033,46.19064516129033,31,31
2010-02-01,32.56321428571429,32.56321428571429,28,28
2010-03-01,32.17161290322581,32.17161290322581,31,31
2010-04-01,92.41033333333333,92.41033333333333,30,30
2010-05-01,122.07387096774194,122.07387096774194,31,31
2010-06-01,116.86966666666666,116.86966666666666,30,30
2010-07-01,180.9609677419355,180.9609677419355,31,31
2010-08-01,119.7683870967742,119.7683870967742,31,31
2010-09-01,114.47233333333334,114.47233333333334,30,30
2010-10-01,216.17419354838708,216.17419354838708,31,31
2010-11-01,508.76666666666665,508.76666666666665,30,30
2010-12-01,439.72258064516126,439.72258064516126,31,31
2011-01-01,149.08193548387098,149.08193548387098,31,31
2011-02-01,162.92785714285714,162.92785714285714,28,28
2011-03-01,270.31935483870967,270.31935483870967,31,31
2011-04-01,,429.5241379310345,29,30
2011-05-01,,252.13,30,31
2011-06-01,175.15666666666667,175.15666666666667,30,30
2011-07-01,111.54096774193549,111.54096774193549,31,31
2011-08-01,72.71,72.71,31,31
2011-09-01,65.66799999999999,65.66799999999999,30,30
2011-10-01,240.41064516129032,240.41064516129032,31,31
2011-11-01,,,7,30
2011-12-01,,,0,31
2012-01-01,217.76129032258066,217.76129032258066,31,31
2012-02-01,141.32413793103447,141.32413793103447,29,29
2012-03-01,131.2741935483871,131.2741935483871,31,31
2012-04-01,213.2866666666667,213.2866666666667,30,30
2012-05-01,170.86451612903227,170.86451612903227,31,31
2012-06-01,80.17,80.17,30,30
2012-07-01,61.13709677419355,61.13709677419355,31,31
2012-08-01,52.16129032258065,52.16129032258065,31,31
2012-09-01,34.733,34.733,30,30
2012-10-01,78.57322580645162,78.57322580645162,31,31
2012-11-01,88.42333333333333,88.42333333333333,30,30
2012-12-01,137.57096774193548,137.57096774193548,31,31
2013-01-01,59.784838709677416,59.784838709677416,31,31
2013-02-01,99.3875,99.3875,28,28
2013-03-01,95.91451612903225,95.91451612903225,31,31
2013-04-01,91.98166666666665,91.98166666666665,30,30
2013-05-01,155.5677419354839,155.5677419354839,31,31
2013-06-01,89.46833333333333,89.46833333333333,30,30
2013-07-01,56.898387096774194,56.898387096774194,31,31
2013-08-01,49.75645161290323,49.75645161290323,31,31
2013-09-01,43.71,43.71,30,30
2013-10-01,65.0516129032258,65.0516129032258,31,31
2013-11-01,164.10666666666665,164.10666666666665,30,30
2013-12-01,249.11290322580646,249.11290322580646,31,31
2014-01-01,114.92903225806452,114.92903225806452,31,31
2014-02-01,93.84107142857144,93.84107142857144,28,28
2014-03-01,181.34677419354838,181.34677419354838,31,31
2014-04-01,98.565,98.565,30,30
2014-05-01,163.51612903225808,163.51612903225808,31,31
2014-06-01,80.83500000000001,80.83500000000001,30,30
2014-07-01,58.99516129032258,58.99516129032258,31,31
2014-08-01,36.190000000000005,36.190000000000005,31,31
2014-09-01,41.21033333333333,41.21033333333333,30,30
2014-10-01,84.26612903225806,84.26612903225806,31,31
2014-11-01,137.725,137.725,30,30
2014-12-01,128.5016129032258,128.5016129032258,31,31
2015-01-01,59.791935483870965,59.791935483870965,31,31
2015-02-01,59.4125,59.4125,28,28
2015-03-01,64.45,64.45,31,31
2015-04-01,92.77,92.77,30,30
2015-05-01,54.16451612903226,54.16451612903226,31,31
2015-06-01,34.732,34.732,30,30
2015-07-01,29.54741935483871,29.54741935483871,31,31
2015-08-01,23.969354838709677,23.969354838709677,31,31
2015-09-01,,20.904074074074074,27,30
2015-10-01,37.086129032258064,37.086129032258064,31,31
2015-11-01,62.43833333333334,62.43833333333334,30,30
2015-12-01,29.698709677419355,29.698709677419355,31,31
2016-01-01,28.764290322580646,28.764290322580646,31,31
2016-02-01,25.744,25.744,29,29
2016-03-01,39.09290322580645,39.09290322580645,31,31
2016-04-01,60.25946666666667,60.25946666666667,30,30
2016-05-01,87.72587096774194,87.72587096774194,31,31
2016-06-01,51.044200000000004,51.044200000000004,30,30
2016-07-01,39.16296774193548,39.16296774193548,31,31
2016-08-01,27.54174193548387,27.54174193548387,31,31
2016-09-01,33.002766666666666,33.002766666666666,30,30
2016-10-01,65.4863870967742,65.4863870967742,31,31
2016-11-01,120.72043333333333,120.72043333333333,30,30
2016-12-01,124.10351612903226,124.10351612903226,31,31
2017-01-01,161.06845161290323,161.06845161290323,31,31
2017-02-01,72.00782142857143,72.00782142857143,28,28
2017-03-01,149.33938709677417,149.33938709677417,31,31
2017-04-01,152.25126666666665,152.25126666666665,30,30
2017-05-01,292.92270967741933,292.92270967741933,31,31
2017-06-01,120.25976666666666,120.25976666666666,30,30
2017-07-01,57.24148387096775,57.24148387096775,31,31
2017-08-01,47.96983870967742,47.96983870967742,31,31
2017-09-01,40.390433333333334,40.390433333333334,30,30
2017-10-01,66.8808064516129,66.8808064516129,31,31
2017-11-01,231.24266666666665,231.24266666666665,30,30
2017-12-01,172.57754838709675,172.57754838709675,31,31
2018-01-01,148.03483870967742,148.03483870967742,31,31
2018-02-01,125.83046428571427,125.83046428571427,28,28
2018-03-01,85.00948387096774,85.00948387096774,31,31
2018-04-01,209.58976666666666,209.58976666666666,30,30
2018-05-01,177.21432258064516,177.21432258064516,31,31
2018-06-01,93.12166666666667,93.12166666666667,30,30
2018-07-01,47.92490322580645,47.92490322580645,31,31
2018-08-01,34.905419354838706,34.905419354838706,31,31
2018-09-01,50.52653333333333,50.52653333333333,30,30
2018-10-01,121.32032258064515,121.32032258064515,31,31
2018-11-01,202.68733333333333,202.68733333333333,30,30
2018-12-01,204.411935483871,204.411935483871,31,31
2019-01-01,54.24029032258065,54.24029032258065,31,31
2019-02-01,55.00582142857143,55.00582142857143,28,28
2019-03-01,94.76990322580646,94.76990322580646,31,31
2019-04-01,186.14856666666668,186.14856666666668,30,30
2019-05-01,132.8004193548387,132.8004193548387,31,31
2019-06-01,127.05306666666667,127.05306666666667,30,30
2019-07-01,49.96338709677419,49.96338709677419,31,31
2019-08-01,21.03651612903226,21.03651612903226,31,31
2019-09-01,20.328466666666667,20.328466666666667,30,30
2019-10-01,54.01241935483871,54.01241935483871,31,31
2019-11-01,133.49460000000002,133.49460000000002,30,30
2019-12-01,102.59725806451613,102.59725806451613,31,31
2020-01-01,80.76616129032259,80.76616129032259,31,31
2020-02-01,48.78706896551724,48.78706896551724,29,29
2020-03-01,44.3806129032258,44.3806129032258,31,31
2020-04-01,61.20816666666667,61.20816666666667,30,30
2020-05-01,43.50574193548387,43.50574193548387,31,31
2020-06-01,50.955799999999996,50.955799999999996,30,30
2020-07-01,48.322806451612905,48.322806451612905,31,31
2020-08-01,59.697935483870964,59.697935483870964,31,31
2020-09-01,68.44546666666666,68.44546666666666,30,30
2020-10-01,42.00803225806452,42.00803225806452,31,31
2020-11-01,131.0942,131.0942,30,30
2020-12-01,126.11322580645161,126.11322580645161,31,31
2021-01-01,101.43512903225806,101.43512903225806,31,31
2021-02-01,125.97932142857142,125.97932142857142,28,28
2021-03-01,275.01987096774195,275.01987096774195,31,31
2021-04-01,116.61963333333333,116.61963333333333,30,30
2021-05-01,151.809935483871,151.809935483871,31,31
2021-06-01,,,7,30
2021-07-01,58.91083870967742,58.91083870967742,31,31
2021-08-01,79.12309677419354,79.12309677419354,31,31
2021-09-01,74.15386666666667,74.15386666666667,30,30
2021-10-01,122.41738709677419,122.41738709677419,31,31
2021-11-01,269.6451,269.6451,30,30
2021-12-01,146.87048387096772,146.87048387096772,31,31
2022-01-01,115.22283870967742,115.22283870967742,31,31
2022-02-01,124.17585714285714,124.17585714285714,28,28
2022-03-01,,223.13206666666665,30,31
2022-04-01,249.1409,249.1409,30,30
2022-05-01,148.98570967741935,148.98570967741935,31,31
2022-06-01,193.64853333333335,193.64853333333335,30,30
2022-07-01,115.69006451612904,115.69006451612904,31,31
2022-08-01,98.01458064516129,98.01458064516129,31,31
2022-09-01,73.93113333333332,73.93113333333332,30,30
2022-10-01,204.27548387096775,204.27548387096775,31,31
2022-11-01,296.5022,296.5022,30,30
2022-12-01,189.91367741935483,189.91367741935483,31,31
