key,region,month,r_area_mean,sign_agree_pct,by_area_pct,candidate_area_pct
CHIRPS_sst_l0,Niño 3.4,1,-0.5714443539839984,100.0,0.0,0.0
CHIRPS_sst_l0,Atlántico tropical norte,1,-0.29825950972257576,78.49393649291004,0.0,0.0
CHIRPS_sst_l0,Caribe,1,-0.34415509482116413,89.38643668491203,0.0,0.0
CHIRPS_sst_l0,Niño 3.4,2,-0.4068491209530977,100.0,0.0,0.0
CHIRPS_sst_l0,Atlántico tropical norte,2,-0.19502834006274933,40.544327093291315,0.0,0.0
CHIRPS_sst_l0,Caribe,2,-0.24334654631520164,100.0,0.0,0.0
CHIRPS_sst_l0,Niño 3.4,3,-0.0464088486388647,33.843808816063074,0.0,0.0
CHIRPS_sst_l0,Atlántico tropical norte,3,-0.341122458443351,100.0,0.0,0.0
CHIRPS_sst_l0,Caribe,3,-0.09962589686511698,72.13077658079922,0.0,0.0
CHIRPS_sst_l0,Niño 3.4,4,-0.04620020061579697,47.696997752489224,0.0,0.0
CHIRPS_sst_l0,Atlántico tropical norte,4,0.04537375510677637,63.321160519911714,0.0,0.0
CHIRPS_sst_l0,Caribe,4,0.09068481479745992,33.33936208455513,0.0,0.0
CHIRPS_sst_l0,Niño 3.4,5,0.047954054390258086,39.22983124159718,0.0,0.0
CHIRPS_sst_l0,Atlántico tropical norte,5,0.11595057104304822,60.46144140188876,0.0,0.0
CHIRPS_sst_l0,Caribe,5,-0.12166333085164027,32.613346495767665,0.0,0.0
CHIRPS_sst_l0,Niño 3.4,6,-0.49809086965564253,100.0,0.0,0.0
CHIRPS_sst_l0,Atlántico tropical norte,6,0.21433860952725217,30.54328403193637,0.0,0.0
CHIRPS_sst_l0,Caribe,6,0.024818292667507055,17.877555976407354,0.0,0.0
CHIRPS_sst_l0,Niño 3.4,7,-0.4051814700049427,94.62195053958892,0.0,0.0
CHIRPS_sst_l0,Atlántico tropical norte,7,0.35138086344177294,80.94378292786175,0.0,0.0
CHIRPS_sst_l0,Caribe,7,0.4765880026234587,96.953205236554,0.0,0.0
CHIRPS_sst_l0,Niño 3.4,8,-0.4196055509813408,100.0,0.0,0.0
CHIRPS_sst_l0,Atlántico tropical norte,8,0.2095832259899925,71.81319895038921,0.0,0.0
CHIRPS_sst_l0,Caribe,8,0.3360099156218664,98.47143385143602,0.0,0.0
CHIRPS_sst_l0,Niño 3.4,9,-0.32750730105730963,98.46341443988254,0.0,0.0
CHIRPS_sst_l0,Atlántico tropical norte,9,-0.16023697124976494,79.67978650878416,0.0,0.0
CHIRPS_sst_l0,Caribe,9,0.07258909310280519,46.27799037415284,0.0,0.0
CHIRPS_sst_l0,Niño 3.4,10,-0.26896126033600454,100.0,0.0,0.0
CHIRPS_sst_l0,Atlántico tropical norte,10,0.06501178664317629,36.499142198333686,0.0,0.0
CHIRPS_sst_l0,Caribe,10,0.04331430295589891,64.47344588962275,0.0,0.0
CHIRPS_sst_l0,Niño 3.4,11,-0.4642264860753607,100.0,0.0,0.0
CHIRPS_sst_l0,Atlántico tropical norte,11,0.04716442318442011,55.934425197198735,0.0,0.0
CHIRPS_sst_l0,Caribe,11,-0.16554910530377148,60.82474151551543,0.0,0.0
CHIRPS_sst_l0,Niño 3.4,12,-0.4182396815901052,100.0,0.0,0.0
CHIRPS_sst_l0,Atlántico tropical norte,12,0.3080722339026197,96.14509989039577,0.0,0.0
CHIRPS_sst_l0,Caribe,12,-0.13638245013622152,87.95533893081891,0.0,0.0
Q_sst_l0,Niño 3.4,1,-0.7646204229167083,100.0,0.0,0.0
Q_sst_l0,Atlántico tropical norte,1,-0.17836351033674416,62.86090976585882,0.0,0.0
Q_sst_l0,Caribe,1,-0.44009956670062794,87.86820807003002,0.0,0.0
Q_sst_l0,Niño 3.4,2,-0.8297894444298335,100.0,64.61632260455666,64.61632260455666
Q_sst_l0,Atlántico tropical norte,2,-0.37980468837533704,100.0,0.0,0.0
Q_sst_l0,Caribe,2,-0.5953978064102828,100.0,0.0,0.0
Q_sst_l0,Niño 3.4,3,-0.744222160158978,100.0,1.5365855601174514,1.5365855601174514
Q_sst_l0,Atlántico tropical norte,3,-0.3420753751484033,100.0,0.0,0.0
Q_sst_l0,Caribe,3,-0.515165616512668,100.0,0.0,0.0
Q_sst_l0,Niño 3.4,4,-0.6057639375344248,100.0,0.0,0.0
Q_sst_l0,Atlántico tropical norte,4,-0.37710642562000046,100.0,0.0,0.0
Q_sst_l0,Caribe,4,-0.4609029187798281,100.0,0.0,0.0
Q_sst_l0,Niño 3.4,5,-0.26716396185004887,74.6050665058495,0.0,0.0
Q_sst_l0,Atlántico tropical norte,5,0.022856366904296783,27.413502591751147,0.0,0.0
Q_sst_l0,Caribe,5,-0.19671536516961988,50.86965578635797,0.0,0.0
Q_sst_l0,Niño 3.4,6,-0.4566522995774694,100.0,0.0,0.0
Q_sst_l0,Atlántico tropical norte,6,0.07962145897497587,19.60025226643799,0.0,0.0
Q_sst_l0,Caribe,6,-0.15727969345991968,65.52009846272757,0.0,0.0
Q_sst_l0,Niño 3.4,7,-0.5095822920712806,100.0,0.0,0.0
Q_sst_l0,Atlántico tropical norte,7,0.24702519162591588,27.81697956046201,0.0,0.0
Q_sst_l0,Caribe,7,0.12595682511273376,16.183999883372785,0.0,0.0
Q_sst_l0,Niño 3.4,8,-0.5362933955308468,100.0,0.0,0.0
Q_sst_l0,Atlántico tropical norte,8,0.14716677979263953,22.47282261122771,0.0,0.0
Q_sst_l0,Caribe,8,0.07406248578873162,11.878402660272428,0.0,0.0
Q_sst_l0,Niño 3.4,9,-0.5641218074760741,100.0,0.0,0.0
Q_sst_l0,Atlántico tropical norte,9,-0.02040839789615496,54.57395531828653,0.0,0.0
Q_sst_l0,Caribe,9,0.0008643250993429836,91.02717772424118,0.0,0.0
Q_sst_l0,Niño 3.4,10,-0.5651593543609988,100.0,0.0,0.0
Q_sst_l0,Atlántico tropical norte,10,-0.12098303527765154,83.01916851193948,0.0,0.0
Q_sst_l0,Caribe,10,-0.24501675072211207,48.862329395707384,0.0,0.0
Q_sst_l0,Niño 3.4,11,-0.614474393057322,100.0,0.0,0.0
Q_sst_l0,Atlántico tropical norte,11,0.050183196201009195,28.913745103375057,0.0,0.0
Q_sst_l0,Caribe,11,-0.25832479208684794,35.508985595965854,0.0,0.0
Q_sst_l0,Niño 3.4,12,-0.5738119457403441,100.0,0.0,0.0
Q_sst_l0,Atlántico tropical norte,12,0.267374541360239,72.82441901717047,0.0,0.0
Q_sst_l0,Caribe,12,-0.4915519683720753,78.8478169692289,0.0,0.0
Q_sst_l1,Niño 3.4,1,-0.77566168367318,100.0,0.0,0.0
Q_sst_l1,Atlántico tropical norte,1,0.09993693999698382,71.95366465585032,0.0,0.0
Q_sst_l1,Caribe,1,-0.32829573728544875,90.9655867584135,0.0,0.0
Q_sst_l1,Niño 3.4,2,-0.8422873485810476,100.0,72.30863029686435,72.30863029686435
Q_sst_l1,Atlántico tropical norte,2,-0.2587017216854308,26.747429053011178,0.0,0.0
Q_sst_l1,Caribe,2,-0.3901905265535307,87.85602080864598,0.0,0.0
Q_sst_l1,Niño 3.4,3,-0.7617974992407668,100.0,23.070357038397454,23.070357038397454
Q_sst_l1,Atlántico tropical norte,3,-0.3008368458851948,94.7192216452761,0.0,0.0
Q_sst_l1,Caribe,3,-0.4871843712198307,100.0,0.0,0.0
Q_sst_l1,Niño 3.4,4,-0.6407018970252573,100.0,0.0,0.0
Q_sst_l1,Atlántico tropical norte,4,-0.40076828765350575,100.0,0.0,0.0
Q_sst_l1,Caribe,4,-0.5186428908115043,100.0,0.0,0.0
Q_sst_l1,Niño 3.4,5,-0.44561041662973994,96.92213893390488,0.0,0.0
Q_sst_l1,Atlántico tropical norte,5,-0.05836774892073533,63.98481418755683,0.0,0.0
Q_sst_l1,Caribe,5,-0.362252878398029,98.471433851436,0.0,0.0
Q_sst_l1,Niño 3.4,6,-0.5628713397355365,100.0,0.0,0.0
Q_sst_l1,Atlántico tropical norte,6,0.04483447610822686,33.96224423302757,0.0,0.0
Q_sst_l1,Caribe,6,-0.23976469868346698,58.47530486390289,0.0,0.0
Q_sst_l1,Niño 3.4,7,-0.5538414890199755,100.0,0.0,0.0
Q_sst_l1,Atlántico tropical norte,7,0.3150000446996996,17.613050766169845,0.0,0.0
Q_sst_l1,Caribe,7,0.03597921911154058,13.501933447659088,0.0,0.0
Q_sst_l1,Niño 3.4,8,-0.5682640126621339,100.0,0.0,0.0
Q_sst_l1,Atlántico tropical norte,8,0.25065907156213346,20.72245539590952,0.0,0.0
Q_sst_l1,Caribe,8,0.08982206034924933,20.57726084554942,0.0,0.0
Q_sst_l1,Niño 3.4,9,-0.5691228501080309,100.0,0.0,0.0
Q_sst_l1,Atlántico tropical norte,9,0.040613791800041384,25.48445863808453,0.0,0.0
Q_sst_l1,Caribe,9,0.09473168682009937,16.201638316801155,0.0,0.0
Q_sst_l1,Niño 3.4,10,-0.5870280548566496,100.0,0.0,0.0
Q_sst_l1,Atlántico tropical norte,10,-0.04471761630113055,80.13683378936625,0.0,0.0
Q_sst_l1,Caribe,10,0.0004051199704787489,58.62164408453001,0.0,0.0
Q_sst_l1,Niño 3.4,11,-0.6358041003912834,100.0,0.0,0.0
Q_sst_l1,Atlántico tropical norte,11,-0.09863912072128203,71.62730298358055,0.0,0.0
Q_sst_l1,Caribe,11,-0.12690512764928438,71.51876791651301,0.0,0.0
Q_sst_l1,Niño 3.4,12,-0.5733745541237516,100.0,0.0,0.0
Q_sst_l1,Atlántico tropical norte,12,0.16260334648531954,46.054769980412,0.0,0.0
Q_sst_l1,Caribe,12,-0.24039291017483128,44.40211169393773,0.0,0.0
IMERG_sst_l0,Niño 3.4,1,-0.6488429078720163,100.0,0.0,0.0
IMERG_sst_l0,Atlántico tropical norte,1,-0.23157919806743504,76.4559960123271,0.0,0.0
IMERG_sst_l0,Caribe,1,-0.3997677442168848,90.89247803840999,0.0,0.0
IMERG_sst_l0,Niño 3.4,2,-0.6086557709378175,100.0,0.0,0.0
IMERG_sst_l0,Atlántico tropical norte,2,-0.2560398015909965,44.234435454205325,0.0,0.0
IMERG_sst_l0,Caribe,2,-0.36703474219691806,100.0,0.0,0.0
IMERG_sst_l0,Niño 3.4,3,-0.4143909383995907,100.0,0.0,0.0
IMERG_sst_l0,Atlántico tropical norte,3,-0.3419475588052247,100.0,0.0,0.0
IMERG_sst_l0,Caribe,3,-0.3454811023921039,100.0,0.0,0.0
IMERG_sst_l0,Niño 3.4,4,-0.11786535231856593,55.39071237139432,0.0,0.0
IMERG_sst_l0,Atlántico tropical norte,4,0.012355358495883245,62.89621633545285,0.0,0.0
IMERG_sst_l0,Caribe,4,0.21914830143419234,52.845954096700545,0.0,0.0
IMERG_sst_l0,Niño 3.4,5,-0.21154805228615425,59.23076934509055,0.0,0.0
IMERG_sst_l0,Atlántico tropical norte,5,0.23808292860497687,88.02951338811702,0.0,0.0
IMERG_sst_l0,Caribe,5,-0.06422218510982303,70.20521812283745,0.0,0.0
IMERG_sst_l0,Niño 3.4,6,-0.564012042707494,100.0,0.0,0.0
IMERG_sst_l0,Atlántico tropical norte,6,0.08425870940235437,24.525978435216473,0.0,0.0
IMERG_sst_l0,Caribe,6,-0.07890100795445884,26.75724404252304,0.0,0.0
IMERG_sst_l0,Niño 3.4,7,-0.442320269039448,74.630861493884,0.0,0.0
IMERG_sst_l0,Atlántico tropical norte,7,0.24273625119425532,51.72695176350823,0.0,0.0
IMERG_sst_l0,Caribe,7,0.38240539806494817,29.434336503616183,0.0,0.0
IMERG_sst_l0,Niño 3.4,8,-0.36394146766500574,100.0,0.0,0.0
IMERG_sst_l0,Atlántico tropical norte,8,0.10201362587689128,58.77363159328651,0.0,0.0
IMERG_sst_l0,Caribe,8,0.14867497534183924,89.7201887939395,0.0,0.0
IMERG_sst_l0,Niño 3.4,9,-0.44902856904102334,100.0,0.0,0.0
IMERG_sst_l0,Atlántico tropical norte,9,-0.18267694458915681,94.84293289676852,0.0,0.0
IMERG_sst_l0,Caribe,9,0.03353386544581737,44.47832375778069,0.0,0.0
IMERG_sst_l0,Niño 3.4,10,-0.26015588985573485,100.0,0.0,0.0
IMERG_sst_l0,Atlántico tropical norte,10,-0.035178139685928776,48.8739768602651,0.0,0.0
IMERG_sst_l0,Caribe,10,-0.11041926344752602,41.57639765280775,0.0,0.0
IMERG_sst_l0,Niño 3.4,11,-0.5724559405759367,100.0,0.0,0.0
IMERG_sst_l0,Atlántico tropical norte,11,0.18622248151332707,83.51493488282722,0.0,0.0
IMERG_sst_l0,Caribe,11,-0.24008865545346453,48.7941025871197,0.0,0.0
IMERG_sst_l0,Niño 3.4,12,-0.5760493085953089,100.0,0.0,0.0
IMERG_sst_l0,Atlántico tropical norte,12,0.2978903009364331,92.03054168396805,0.0,0.0
IMERG_sst_l0,Caribe,12,-0.26287253051124804,91.02349311713779,0.0,0.0
