mes_calendario,I,Q,R,n
1,151.88107090537324,107.92396774193548,103.340693767674,24
2,179.34014733454902,96.26955398193759,84.008139454238,24
3,232.77178798897077,116.97461962365593,112.006986010961,24
4,276.1462483602881,138.90427971014492,128.7148506210503,23
5,268.2134930227225,147.01803225806452,140.77452643545845,24
6,182.60031683996715,106.26693194444444,98.47164032475449,24
7,166.22851191351143,66.56494193548387,63.73808732334951,25
8,171.54195455314277,51.75443951612903,49.55655168222395,24
9,204.00390515776465,54.274027777777775,50.292715189171986,24
10,286.9574543008156,103.47461419354839,99.08029367186354,25
11,274.69853665534333,182.79111515151516,169.38233386817745,22
12,210.18116187204325,159.17684310850439,152.41698153569052,22
