mes,archivo,bytes,sha256
1998-01,3B-MO.MS.MRG.3IMERG.19980101-S000000-E235959.01.V07B.HDF5,17385976,7b5e676fa285108c7162262bad7e480d5a55532a83a20c8a6f036bb697407046
1998-02,GPM_3IMERGM_07\3B-MO.MS.MRG.3IMERG.19980201-S000000-E235959.02.V07B.HDF5,17889158,7a10fa49e7be65abc9ce5cfc2e9440718eac02f4e48f5c3dc150bff759dad01e
1998-03,GPM_3IMERGM_07\3B-MO.MS.MRG.3IMERG.19980301-S000000-E235959.03.V07B.HDF5,18220060,b6d90ff0dedabc7ced0b810e68e269c61491408f6e758e6691187b7ca240757f
1998-04,GPM_3IMERGM_07\3B-MO.MS.MRG.3IMERG.19980401-S000000-E235959.04.V07B.HDF5,18566051,e0568c4b76f943bf54ffed6e6e5d5a889d787182f8d9ea30c9ad282ef435a942
1998-05,GPM_3IMERGM_07\3B-MO.MS.MRG.3IMERG.19980501-S000000-E235959.05.V07B.HDF5,18968323,c76d689f9e7b68731c182fb144341c39a1c9ddd2b6d8e4de8247150e849f7b90
1998-06,GPM_3IMERGM_07\3B-MO.MS.MRG.3IMERG.19980601-S000000-E235959.06.V07B.HDF5,18762770,e3ce217e5498631443ff04ef25a26d936df5d1d5b118361f898c9af1619c2a7d
1998-07,GPM_3IMERGM_07\3B-MO.MS.MRG.3IMERG.19980701-S000000-E235959.07.V07B.HDF5,18675078,563d8648434bd503e4a7bd247d0ae11970874308bfee4cf3cbf52bc0475ed6b1
1998-08,GPM_3IMERGM_07\3B-MO.MS.MRG.3IMERG.19980801-S000000-E235959.08.V07B.HDF5,18480319,35ad5fccc9f1094a4be8b8b43c94d2fbaad0483f4b00c180096ec98194ffe180
1998-09,GPM_3IMERGM_07\3B-MO.MS.MRG.3IMERG.19980901-S000000-E235959.09.V07B.HDF5,18484679,90e64950b3a1bde4f49c9ffc16e535d7c32aa2541ab4ae961f3d4d751f628e4d
1998-10,GPM_3IMERGM_07\3B-MO.MS.MRG.3IMERG.19981001-S000000-E235959.10.V07B.HDF5,17606992,54d067424d53e7c84a424039c9f2b2c28274e6daf4b074a518783e110e54c70d
1998-11,GPM_3IMERGM_07\3B-MO.MS.MRG.3IMERG.19981101-S000000-E235959.11.V07B.HDF5,17699337,4dee254764d84d79ead4b4145a757d03d185f32821d0c5d7c3d327d01fb14a89
1998-12,GPM_3IMERGM_07\3B-MO.MS.MRG.3IMERG.19981201-S000000-E235959.12.V07B.HDF5,17406095,7705cd0cd4edc34dbfa70284a049d4db4cdb5675e61e1c459c62111b4e1b9b27
1999-01,GPM_3IMERGM_07\3B-MO.MS.MRG.3IMERG.19990101-S000000-E235959.01.V07B.HDF5,17166808,61a1db094a86e25829c00b41b8b9fec8ecdd300fc8548e9795ee4428ab2994fc
1999-02,GPM_3IMERGM_07\3B-MO.MS.MRG.3IMERG.19990201-S000000-E235959.02.V07B.HDF5,17728508,d26c7b81ade1849405af8d8175ac0a6efc16d1d37d3cafd075900c8d49e35b18
1999-03,GPM_3IMERGM_07\3B-MO.MS.MRG.3IMERG.19990301-S000000-E235959.03.V07B.HDF5,17994049,9ddee508e0db7bdc2eacf0d040720677f69f66b7750b59a8c862512e0b6203d9
1999-04,GPM_3IMERGM_07\3B-MO.MS.MRG.3IMERG.19990401-S000000-E235959.04.V07B.HDF5,18141192,243f9a31f653bdaf2f8da0b0fdec715ade03b5bd16014611315cbe81100e7bab
1999-05,GPM_3IMERGM_07\3B-MO.MS.MRG.3IMERG.19990501-S000000-E235959.05.V07B.HDF5,18822422,ba75b42a5f723109971165878968aae8c3a2116cbe10a3c935421451281b7780
1999-06,GPM_3IMERGM_07\3B-MO.MS.MRG.3IMERG.19990601-S000000-E235959.06.V07B.HDF5,18589069,e49c9ca7017671d51e16c4d246777b20ea6a1e9427601bfe49dd23a017d7e157
1999-07,GPM_3IMERGM_07\3B-MO.MS.MRG.3IMERG.19990701-S000000-E235959.07.V07B.HDF5,18391604,badea6fba5cdec28d4c36d919114e1e7117735a874120500c25aeddba22736a9
1999-08,GPM_3IMERGM_07\3B-MO.MS.MRG.3IMERG.19990801-S000000-E235959.08.V07B.HDF5,18490858,844b3f3cd8b0d7ebcad0b2940a24b97d45e93b6c6cdc6052af3bf8e7ccf972c8
1999-09,GPM_3IMERGM_07\3B-MO.MS.MRG.3IMERG.19990901-S000000-E235959.09.V07B.HDF5,18558051,b3ac30af5214a5bd364b2d49f9a8c12d0568bd81ed542a7a0d354466c81008eb
1999-10,GPM_3IMERGM_07\3B-MO.MS.MRG.3IMERG.19991001-S000000-E235959.10.V07B.HDF5,17899640,41fb616f8e386ad7fb9046e3acd94994a9090eb52e61651c343240c2c9784f22
1999-11,GPM_3IMERGM_07\3B-MO.MS.MRG.3IMERG.19991101-S000000-E235959.11.V07B.HDF5,17656803,021cc973930f24464c467a5da0ee9fa306549ddea1d2603f1611e7a38521724d
1999-12,GPM_3IMERGM_07\3B-MO.MS.MRG.3IMERG.19991201-S000000-E235959.12.V07B.HDF5,17502385,51aa829a13ad7c1c143931a4709658f75735db7e0ee931791fc699124bfd08f5
2000-01,GPM_3IMERGM_07\3B-MO.MS.MRG.3IMERG.20000101-S000000-E235959.01.V07B.HDF5,17577337,b149a5b06ddca11f31933ca96638dbc11ff866449cc7d10e978a450174451e1f
2000-02,GPM_3IMERGM_07\3B-MO.MS.MRG.3IMERG.20000201-S000000-E235959.02.V07B.HDF5,18063691,1bef350246d88590b9f29573536e008fbcfe6e9d5f2d71c0aad3c9ef96fc0dd5
2000-03,GPM_3IMERGM_07\3B-MO.MS.MRG.3IMERG.20000301-S000000-E235959.03.V07B.HDF5,18254514,4505037ce88d6cc931c3cf7d62d39e185384c49c2048960e46a3b70bee4ac76c
2000-04,GPM_3IMERGM_07\3B-MO.MS.MRG.3IMERG.20000401-S000000-E235959.04.V07B.HDF5,18375101,ce3721b43d6eaaf08e51f56f6b96913e8e0a91039a7a36ccf2c3b6d8bceafc04
2000-05,GPM_3IMERGM_07\3B-MO.MS.MRG.3IMERG.20000501-S000000-E235959.05.V07B.HDF5,18999312,116f330a9fdb82e99748e0c7d0ec6d9b873bd5a282d922493c033921941be74d
2000-06,GPM_3IMERGM_07\3B-MO.MS.MRG.3IMERG.20000601-S000000-E235959.06.V07B.HDF5,18887286,1571dbebbb10480641fd5951633ee1433afdf1025a2b7e8778ae37de409b6aa7
2000-07,GPM_3IMERGM_07\3B-MO.MS.MRG.3IMERG.20000701-S000000-E235959.07.V07B.HDF5,18831581,e7caa72c34e4a4000e0b5b56909242c40441762d0251ad5fac5f6d12ada3ed79
2000-08,GPM_3IMERGM_07\3B-MO.MS.MRG.3IMERG.20000801-S000000-E235959.08.V07B.HDF5,18588319,205d0b6a0e2eea3211b91fc48382f53decec5e2ddb1466210be7f9070777a831
2000-09,GPM_3IMERGM_07\3B-MO.MS.MRG.3IMERG.20000901-S000000-E235959.09.V07B.HDF5,18718852,2d1ba6fdf0f349acdb78a699dfe1ca446eff65f1b7f1dd1d5943f2409a973495
2000-10,GPM_3IMERGM_07\3B-MO.MS.MRG.3IMERG.20001001-S000000-E235959.10.V07B.HDF5,18803201,56839f6ab947a4cc66747cef0f9597d7416a5667a2ba21d797810454232dbe3f
2000-11,GPM_3IMERGM_07\3B-MO.MS.MRG.3IMERG.20001101-S000000-E235959.11.V07B.HDF5,18824915,7013c76c821f2f57a9e8d76b0198328bc7d59ee0fde2b2abc48d0ffda74b49c9
2000-12,GPM_3IMERGM_07\3B-MO.MS.MRG.3IMERG.20001201-S000000-E235959.12.V07B.HDF5,18325889,25dfae635e3a732fc4a51b34beb0df050356c18a8992f40c0aea3cc8ad3af324
2001-01,GPM_3IMERGM_07\3B-MO.MS.MRG.3IMERG.20010101-S000000-E235959.01.V07B.HDF5,17660059,68d2f167e83c2c3a2df5386186e615dd42d214649feb5424805a25cf337e3a6b
2001-02,GPM_3IMERGM_07\3B-MO.MS.MRG.3IMERG.20010201-S000000-E235959.02.V07B.HDF5,18131201,81612b61fa6f32ee5c613d530c44c7964366752447532cb7fd3a5be36a291ee4
2001-03,GPM_3IMERGM_07\3B-MO.MS.MRG.3IMERG.20010301-S000000-E235959.03.V07B.HDF5,18354831,200114d859f2508b9d0efb7952d04eaaf9563b7d640edcf16c5f79170f70d54d
2001-04,GPM_3IMERGM_07\3B-MO.MS.MRG.3IMERG.20010401-S000000-E235959.04.V07B.HDF5,18847436,a3fe56e8d7387d8133bac107d22747979243c4bdb8ac14cf83bd60d6cd3e6545
2001-05,GPM_3IMERGM_07\3B-MO.MS.MRG.3IMERG.20010501-S000000-E235959.05.V07B.HDF5,19307257,280edaf5c603fc04273a65c5e5ab58107a1ce07466ad096fa87cb359552a9798
2001-06,GPM_3IMERGM_07\3B-MO.MS.MRG.3IMERG.20010601-S000000-E235959.06.V07B.HDF5,19067697,1de71edc22b2fcf57c31b360fb434f400c75244f1bfb1fa7d9e38f4ab0978656
2001-07,GPM_3IMERGM_07\3B-MO.MS.MRG.3IMERG.20010701-S000000-E235959.07.V07B.HDF5,18946658,2b4f2d042600a4e16657515c158720a8f297038fc281f97d528349ce3e17d0dc
2001-08,GPM_3IMERGM_07\3B-MO.MS.MRG.3IMERG.20010801-S000000-E235959.08.V07B.HDF5,18859667,986494367ed9d0e4fee88c4a2649c900076f723bd9d4dcfd8d52777b54721b9e
2001-09,GPM_3IMERGM_07\3B-MO.MS.MRG.3IMERG.20010901-S000000-E235959.09.V07B.HDF5,18870031,67e0150b66300c0faca01c15759cf93605308e28262ac18114d25f6a97425b5d
2001-10,GPM_3IMERGM_07\3B-MO.MS.MRG.3IMERG.20011001-S000000-E235959.10.V07B.HDF5,18425440,223c990af495e6cf87449169bf6a3f1d7b24eb65932f9d92cfa0853f40f4ca95
2001-11,GPM_3IMERGM_07\3B-MO.MS.MRG.3IMERG.20011101-S000000-E235959.11.V07B.HDF5,18661456,7522283ae959a924b4d96e98665b62f43147c4fb165095459776921f4945d64f
2001-12,GPM_3IMERGM_07\3B-MO.MS.MRG.3IMERG.20011201-S000000-E235959.12.V07B.HDF5,18635252,4e8120f750a5c381ad7dc501ea7c613b8437829f3334c53b1154cccbb2f041e5
2002-01,GPM_3IMERGM_07\3B-MO.MS.MRG.3IMERG.20020101-S000000-E235959.01.V07B.HDF5,17919426,83b3370c6f3b376724a86366923c3638a6c1bc32b0ac345ce01a9ca8c462520d
2002-02,GPM_3IMERGM_07\3B-MO.MS.MRG.3IMERG.20020201-S000000-E235959.02.V07B.HDF5,18044561,b57bdfa94df742bf2b79e0d5a4ac4789c51ff49559a852c651c9e599bbcb39a4
2002-03,GPM_3IMERGM_07\3B-MO.MS.MRG.3IMERG.20020301-S000000-E235959.03.V07B.HDF5,18735932,896c182fccab8d801900407e7fc2b5e080eefe635a3bdf765c0678e8d2516341
2002-04,GPM_3IMERGM_07\3B-MO.MS.MRG.3IMERG.20020401-S000000-E235959.04.V07B.HDF5,18723954,91aa5919b66aee282f36e4c546c1ee27c63a0772337c2bed6c53c84efc9bd942
2002-05,GPM_3IMERGM_07\3B-MO.MS.MRG.3IMERG.20020501-S000000-E235959.05.V07B.HDF5,19170321,fc4ca6514827d765cc5b246441dcd57ded63a42f08978cee269c9a85a565f437
2002-06,GPM_3IMERGM_07\3B-MO.MS.MRG.3IMERG.20020601-S000000-E235959.06.V07B.HDF5,18946879,febc205e5f20697adc6f78b118da2980615b4836738f76e6d84159de006b8e14
2002-07,GPM_3IMERGM_07\3B-MO.MS.MRG.3IMERG.20020701-S000000-E235959.07.V07B.HDF5,18850792,a340d8b9fc2c547027dfddb5a1132ac417805d8fae144a9068b536fce78e7b95
2002-08,GPM_3IMERGM_07\3B-MO.MS.MRG.3IMERG.20020801-S000000-E235959.08.V07B.HDF5,18953243,b7d621fc7e283064bc1fbd849a8b2ec7a61016e622dc6560fc2cb36777bad9e8
2002-09,GPM_3IMERGM_07\3B-MO.MS.MRG.3IMERG.20020901-S000000-E235959.09.V07B.HDF5,19112197,accd8420677bb39b68a54373f70f1c35c46d18776c363bfa55c24f8187135707
2002-10,GPM_3IMERGM_07\3B-MO.MS.MRG.3IMERG.20021001-S000000-E235959.10.V07B.HDF5,18863530,9d926718f5d9ffe6356b8d137df5b2cc78f699ac6117b01114eab126b683bacc
2002-11,GPM_3IMERGM_07\3B-MO.MS.MRG.3IMERG.20021101-S000000-E235959.11.V07B.HDF5,18727198,0531d0deb7a0233706eae3e63bccbaff6f4ef25e486c0a0fe762da36415bf16d
2002-12,GPM_3IMERGM_07\3B-MO.MS.MRG.3IMERG.20021201-S000000-E235959.12.V07B.HDF5,18513859,992a742a23cb113124aeb953620a03dbac2566fd6955bb85fccae09a1e8bbb77
2003-01,GPM_3IMERGM_07\3B-MO.MS.MRG.3IMERG.20030101-S000000-E235959.01.V07B.HDF5,17644542,1a81e18ae4eb8598fe62878a9040093d96864b7978ac82aba6f2f44706f32403
2003-02,GPM_3IMERGM_07\3B-MO.MS.MRG.3IMERG.20030201-S000000-E235959.02.V07B.HDF5,18141553,14e86328cd233003a77afde7bcfddbbcb62b35e3555517c2301598b3dec203b5
2003-03,GPM_3IMERGM_07\3B-MO.MS.MRG.3IMERG.20030301-S000000-E235959.03.V07B.HDF5,18462884,4af8f5f82bf69c5779698eb02bdab93688e525e2ddf57baaaee20aad01799f71
2003-04,GPM_3IMERGM_07\3B-MO.MS.MRG.3IMERG.20030401-S000000-E235959.04.V07B.HDF5,18824914,a8884233a420ffb58870646cd40f40597652d9ba509890f5dad2a93c8a452581
2003-05,GPM_3IMERGM_07\3B-MO.MS.MRG.3IMERG.20030501-S000000-E235959.05.V07B.HDF5,18955683,965780b1e6526fd566cc94880b553b15f2cbeda411b3a5efd4dc0c14b308e42a
2003-06,GPM_3IMERGM_07\3B-MO.MS.MRG.3IMERG.20030601-S000000-E235959.06.V07B.HDF5,19180627,e6ae2d48538ac4e720da9e5672df55c9ba8ad5b2e870da521b2cab12585997c8
2003-07,GPM_3IMERGM_07\3B-MO.MS.MRG.3IMERG.20030701-S000000-E235959.07.V07B.HDF5,18883618,d0b92d3e2ec146c7240e89052e70276ebed81323076ed974a59740141a3f6c07
2003-08,GPM_3IMERGM_07\3B-MO.MS.MRG.3IMERG.20030801-S000000-E235959.08.V07B.HDF5,18996784,489a5830c607cf6dd674894e140ab4cc668129fe3bb3a136e56f48f024de6d96
2003-09,GPM_3IMERGM_07\3B-MO.MS.MRG.3IMERG.20030901-S000000-E235959.09.V07B.HDF5,18997256,057635c785259ad93df2a68f77e37f4938477f938d36363a796b7bbd34a6dc45
2003-10,GPM_3IMERGM_07\3B-MO.MS.MRG.3IMERG.20031001-S000000-E235959.10.V07B.HDF5,18701520,7f58ebce745c853ad10d9ecb7a164343e9010f51ecf1c9c2d95b85d70afec101
2003-11,GPM_3IMERGM_07\3B-MO.MS.MRG.3IMERG.20031101-S000000-E235959.11.V07B.HDF5,18556720,6313a3240491bdde102f8cf824baf3af72ad61575be3ed2b8b3be4b973140dfa
2003-12,GPM_3IMERGM_07\3B-MO.MS.MRG.3IMERG.20031201-S000000-E235959.12.V07B.HDF5,18199025,2fdb90fca8fcca5816db24de7cb1a2175e1f066e4e4f7e21292a1a308576574a
2004-01,GPM_3IMERGM_07\3B-MO.MS.MRG.3IMERG.20040101-S000000-E235959.01.V07B.HDF5,17783010,82741a03ea94a76fc7488d908bf87e533a741075e7cba3ecc08355c8dd68f510
2004-02,GPM_3IMERGM_07\3B-MO.MS.MRG.3IMERG.20040201-S000000-E235959.02.V07B.HDF5,17943909,ef4781c0961842d16d08e77f540bc3f4bd49b52a15c20d9ce9e08e23421fc266
2004-03,GPM_3IMERGM_07\3B-MO.MS.MRG.3IMERG.20040301-S000000-E235959.03.V07B.HDF5,18458199,7c55b87421787c9c4716d8353d622ac637730ed62ae82e5c01d4bd5dcdcb79ff
2004-04,GPM_3IMERGM_07\3B-MO.MS.MRG.3IMERG.20040401-S000000-E235959.04.V07B.HDF5,18837930,00ac2aeaafa926111874e04fd7036b608817902a0b6f1218e7738db7f177e048
2004-05,GPM_3IMERGM_07\3B-MO.MS.MRG.3IMERG.20040501-S000000-E235959.05.V07B.HDF5,18895968,b7345a6dd25124cc8b3352a2297e19c8d4e2bff3dbd88c463b59231451076909
2004-06,GPM_3IMERGM_07\3B-MO.MS.MRG.3IMERG.20040601-S000000-E235959.06.V07B.HDF5,18985408,560bfa4394725d831b1a3708eb9a9e840a454240bd8d421cd29d828ede8461db
2004-07,GPM_3IMERGM_07\3B-MO.MS.MRG.3IMERG.20040701-S000000-E235959.07.V07B.HDF5,19079578,c1ed5de8c0449555127aab544816b798a38ed32637e199b4dcf8a764258b4690
2004-08,GPM_3IMERGM_07\3B-MO.MS.MRG.3IMERG.20040801-S000000-E235959.08.V07B.HDF5,18980339,6768f928701296fbe9e751238b84aa4bd86eb578661ba83f5575ed8d41e81419
2004-09,GPM_3IMERGM_07\3B-MO.MS.MRG.3IMERG.20040901-S000000-E235959.09.V07B.HDF5,19090441,129d46add74ddce0b1c221577f449c06d129109c9074aa9f23ea80358f1a4323
2004-10,GPM_3IMERGM_07\3B-MO.MS.MRG.3IMERG.20041001-S000000-E235959.10.V07B.HDF5,18688924,9bb8907c8aea31953830fd92331d582bd475fee8db6ab21edf838d2e6606b8c5
2004-11,GPM_3IMERGM_07\3B-MO.MS.MRG.3IMERG.20041101-S000000-E235959.11.V07B.HDF5,18425326,8f638bbc2abf675e22baa08dc49e7d9248459dcab3e3a93585daed49d173ceb1
2004-12,GPM_3IMERGM_07\3B-MO.MS.MRG.3IMERG.20041201-S000000-E235959.12.V07B.HDF5,18084110,1703fe2432ee8b88c04099b620c00c4ffc511701f39510feba9df1884c4ed72f
2005-01,GPM_3IMERGM_07\3B-MO.MS.MRG.3IMERG.20050101-S000000-E235959.01.V07B.HDF5,18028945,bac3b9bc5ee8cc3eb1e5fe844778d54fd86e2b722813055b37f3872e6e4c73d5
2005-02,GPM_3IMERGM_07\3B-MO.MS.MRG.3IMERG.20050201-S000000-E235959.02.V07B.HDF5,18706618,fe0aa14ac528459d485ca5a8685f2d4e4019992b976379ca2880a3422bc85e24
2005-03,GPM_3IMERGM_07\3B-MO.MS.MRG.3IMERG.20050301-S000000-E235959.03.V07B.HDF5,18870125,ddc2aa593acf426ba0314a2deea1ab67292936deae7dbfa7a2450a528bc76e38
2005-04,GPM_3IMERGM_07\3B-MO.MS.MRG.3IMERG.20050401-S000000-E235959.04.V07B.HDF5,18937100,7cc4510027369ac01919d8e3eb37dba1b38f5947e8d66fff37092ae4d78e415f
2005-05,GPM_3IMERGM_07\3B-MO.MS.MRG.3IMERG.20050501-S000000-E235959.05.V07B.HDF5,19223538,18968b856e22a83a783807cdc7f6dcf55fed8399bc4ba7abfca0bcea583373fd
2005-06,GPM_3IMERGM_07\3B-MO.MS.MRG.3IMERG.20050601-S000000-E235959.06.V07B.HDF5,19297239,f5bf5b041a941de0274e86851f3d3a32265c9dc314b8626e728ae1e4896ca92c
2005-07,GPM_3IMERGM_07\3B-MO.MS.MRG.3IMERG.20050701-S000000-E235959.07.V07B.HDF5,18919255,6bdc0ab9dcc8844adcd997f3ad48b21491c2bc03f8aab30ef75167c68c877e0d
2005-08,GPM_3IMERGM_07\3B-MO.MS.MRG.3IMERG.20050801-S000000-E235959.08.V07B.HDF5,18895129,02fb3b1fde299ec18d4855a7cbfa3a291bbf1536da508a158db04f7291b507e6
2005-09,GPM_3IMERGM_07\3B-MO.MS.MRG.3IMERG.20050901-S000000-E235959.09.V07B.HDF5,18958777,a11525d4772209293adcff54209d0e83d405ce593e89a6767e567088673fc126
2005-10,GPM_3IMERGM_07\3B-MO.MS.MRG.3IMERG.20051001-S000000-E235959.10.V07B.HDF5,18659588,2010f5adf42e99ceec0c968399360944e13ed2c06ba5e68f65984ed4b21c6529
2005-11,GPM_3IMERGM_07\3B-MO.MS.MRG.3IMERG.20051101-S000000-E235959.11.V07B.HDF5,18941510,378adc0ff8210c10354f694301f2536444cea73ca557838240ebc71cdc93daf8
2005-12,GPM_3IMERGM_07\3B-MO.MS.MRG.3IMERG.20051201-S000000-E235959.12.V07B.HDF5,18525166,6566b1594efc9163cc4952767df58d9396cd2db206c4baa1f6540b04077661c3
2006-01,GPM_3IMERGM_07\3B-MO.MS.MRG.3IMERG.20060101-S000000-E235959.01.V07B.HDF5,18068892,6d09d3ebb900f3baa7ae57618c08e2f7dac8a8602445b22dd671e14fdb201f17
2006-02,GPM_3IMERGM_07\3B-MO.MS.MRG.3IMERG.20060201-S000000-E235959.02.V07B.HDF5,18677612,b001069dca853080bc41ed60322017255dd42055f65b107d477800c152fda3d4
2006-03,GPM_3IMERGM_07\3B-MO.MS.MRG.3IMERG.20060301-S000000-E235959.03.V07B.HDF5,18561389,88abefca1a1e89f27a8a2565f02e77f558f1f43ec8b6bb30256449e5320b8e63
2006-04,GPM_3IMERGM_07\3B-MO.MS.MRG.3IMERG.20060401-S000000-E235959.04.V07B.HDF5,18907817,c4e42725c533a6503553629a81ffa82492f3ad875277fda85853807c87fe5c8d
2006-05,GPM_3IMERGM_07\3B-MO.MS.MRG.3IMERG.20060501-S000000-E235959.05.V07B.HDF5,19444038,71f17acfe5b273b847a769974d9aef720d567d6a51ec7d2249d0569d4c1bcf9c
2006-06,GPM_3IMERGM_07\3B-MO.MS.MRG.3IMERG.20060601-S000000-E235959.06.V07B.HDF5,19432255,72b12babffc6e71f964d4a129a4d8ddcacf70f6c1882bcaeccdc9b1da3af3af1
2006-07,GPM_3IMERGM_07\3B-MO.MS.MRG.3IMERG.20060701-S000000-E235959.07.V07B.HDF5,19387913,4d0f3077dee49a696e93ee5151bd08dc3d5cae2c70915b7280491d2760118a38
2006-08,GPM_3IMERGM_07\3B-MO.MS.MRG.3IMERG.20060801-S000000-E235959.08.V07B.HDF5,19182969,fbaf70099fa69473e53b57ad882dab149afd0e5ac7216ec3e7a7f07962f8b580
2006-09,GPM_3IMERGM_07\3B-MO.MS.MRG.3IMERG.20060901-S000000-E235959.09.V07B.HDF5,19399272,318bed1c30e74541fb9d835c73feaaa673744d292e69b8650f11739a347f31ef
2006-10,GPM_3IMERGM_07\3B-MO.MS.MRG.3IMERG.20061001-S000000-E235959.10.V07B.HDF5,19337981,a09d004c64d87a1acadb246c9a0d8614698c439563e13a942697f6a057b7d425
2006-11,GPM_3IMERGM_07\3B-MO.MS.MRG.3IMERG.20061101-S000000-E235959.11.V07B.HDF5,19305785,6032e94abeb7766ec3d8b8ecd7bfd2f14fa74600cd44dc0cc0558cb15c4c0f89
2006-12,GPM_3IMERGM_07\3B-MO.MS.MRG.3IMERG.20061201-S000000-E235959.12.V07B.HDF5,18599003,18b316871433d0f08e8bef8730a8b27aaa78e708bdfb48ad3a737ab596d6ee5d
2007-01,GPM_3IMERGM_07\3B-MO.MS.MRG.3IMERG.20070101-S000000-E235959.01.V07B.HDF5,17748441,f8095eb471c65bb9f3a2fa5e9d522c6aa091f6a41fcee30340b865882cdde1f2
2007-02,GPM_3IMERGM_07\3B-MO.MS.MRG.3IMERG.20070201-S000000-E235959.02.V07B.HDF5,18378333,fe2f401c2e5a47d3ae2e223366b3418f07450dc97ee4ca7463804444c88809c1
2007-03,GPM_3IMERGM_07\3B-MO.MS.MRG.3IMERG.20070301-S000000-E235959.03.V07B.HDF5,19005064,47812fd906e9649072bdb1d0868ac8a551ba1e776ce129433ac7034f69a1b138
2007-04,GPM_3IMERGM_07\3B-MO.MS.MRG.3IMERG.20070401-S000000-E235959.04.V07B.HDF5,18894866,188e9a75ad83534c2391eca6100e2da57ee3e9bab3ed13e0a6cc646d1f53891f
2007-05,GPM_3IMERGM_07\3B-MO.MS.MRG.3IMERG.20070501-S000000-E235959.05.V07B.HDF5,19111813,03eef918ea933f9191f17df24f593461651e0412ca3b9e1889e4dcab69e92bc6
2007-06,GPM_3IMERGM_07\3B-MO.MS.MRG.3IMERG.20070601-S000000-E235959.06.V07B.HDF5,19539223,40cf1c89339571ecbe3ec7f125ea25a7a2dbec653a4bd1a4daf62b09dc5d71d5
2007-07,GPM_3IMERGM_07\3B-MO.MS.MRG.3IMERG.20070701-S000000-E235959.07.V07B.HDF5,19082574,ff3d207ae97394efa31a10280cbf5cd13bc9482cc07dafbbd87ef3bc3c93f6be
2007-08,GPM_3IMERGM_07\3B-MO.MS.MRG.3IMERG.20070801-S000000-E235959.08.V07B.HDF5,19032428,67bd28430ed50f9830fdd5320bfd24fbef1684f85683030c6835cc085478aace
2007-09,GPM_3IMERGM_07\3B-MO.MS.MRG.3IMERG.20070901-S000000-E235959.09.V07B.HDF5,19018808,c6fca1d5cb428f4d3946340615098c0bbfe84721e9ba8c0abe1d7d866b467e91
2007-10,GPM_3IMERGM_07\3B-MO.MS.MRG.3IMERG.20071001-S000000-E235959.10.V07B.HDF5,18807505,5e49d816f888f178e6f6e0328fa98081c27eabaf7d8ae1ebd97512594b265f18
2007-11,GPM_3IMERGM_07\3B-MO.MS.MRG.3IMERG.20071101-S000000-E235959.11.V07B.HDF5,18902189,9f66f052aade23ecf45cc745b11ff2bdbf8421a7eb6b0a760950bd00b3d99d18
2007-12,GPM_3IMERGM_07\3B-MO.MS.MRG.3IMERG.20071201-S000000-E235959.12.V07B.HDF5,18821241,5a2204dce5884c8f6ad148d3da130ae57fa4916f6107933969f42a82e4bdd613
2008-01,GPM_3IMERGM_07\3B-MO.MS.MRG.3IMERG.20080101-S000000-E235959.01.V07B.HDF5,17693235,503d8348614473fa69eed3d624bc184b3b54cb61bcc92de597be390eeeabe8fb
2008-02,GPM_3IMERGM_07\3B-MO.MS.MRG.3IMERG.20080201-S000000-E235959.02.V07B.HDF5,18350631,3131fe21cf38d9b04eda699666a46e9ba4d7b76253e34e04725a705d58b6891f
2008-03,GPM_3IMERGM_07\3B-MO.MS.MRG.3IMERG.20080301-S000000-E235959.03.V07B.HDF5,18265402,3bdb00044d70636ac027e69ca203004454e30d63bb00e1d1a60916da4b729b23
2008-04,GPM_3IMERGM_07\3B-MO.MS.MRG.3IMERG.20080401-S000000-E235959.04.V07B.HDF5,18937161,8793315a8d42749c850ebb640b73ea27415e54a21e1e0c45ceab3dda6b3d65a7
2008-05,GPM_3IMERGM_07\3B-MO.MS.MRG.3IMERG.20080501-S000000-E235959.05.V07B.HDF5,19249388,5d581555438cb907ece2ff46cd54f2a72f86af91b2333edc0df76f84ece0d3af
2008-06,GPM_3IMERGM_07\3B-MO.MS.MRG.3IMERG.20080601-S000000-E235959.06.V07B.HDF5,19289823,f30c795cd63967047a0520d2895a8ba18080cac3645968eff07eed42395b6193
2008-07,GPM_3IMERGM_07\3B-MO.MS.MRG.3IMERG.20080701-S000000-E235959.07.V07B.HDF5,19218053,45ee39c8fdeaf5073902da6d1f4ccce9e12dd218690b859af9ba35d2622f0be0
2008-08,GPM_3IMERGM_07\3B-MO.MS.MRG.3IMERG.20080801-S000000-E235959.08.V07B.HDF5,19054943,8f59283fbe75b6eb9dd60282a6a289d09356221730eb0cf3266f3d7e83b12c76
2008-09,GPM_3IMERGM_07\3B-MO.MS.MRG.3IMERG.20080901-S000000-E235959.09.V07B.HDF5,19370066,c07cbfb06e905678572c7b3027143c7c8608538808adbe72dad7c8b99871fe57
2008-10,GPM_3IMERGM_07\3B-MO.MS.MRG.3IMERG.20081001-S000000-E235959.10.V07B.HDF5,18983487,5dbab09ebc66e83c85fb12888dfa87cc576706dcfc3776aadc36337c71e64c89
2008-11,GPM_3IMERGM_07\3B-MO.MS.MRG.3IMERG.20081101-S000000-E235959.11.V07B.HDF5,19052463,9c1facef303ea5d968604f769b32f24ec9f4899aa2389a3445919ec70760bcb0
2008-12,GPM_3IMERGM_07\3B-MO.MS.MRG.3IMERG.20081201-S000000-E235959.12.V07B.HDF5,18465369,72b4ae3479cbbe8d32188cdd89898043b628e1db31d22c2d906c2820b4248796
2009-01,GPM_3IMERGM_07\3B-MO.MS.MRG.3IMERG.20090101-S000000-E235959.01.V07B.HDF5,17911371,dd293698553034b0c01b72341f4cf44faa8803bd3f497c464f11aea505e827b7
2009-02,GPM_3IMERGM_07\3B-MO.MS.MRG.3IMERG.20090201-S000000-E235959.02.V07B.HDF5,18066075,d16c17bb5ec1d53da9259513f5f27d8bd6b0633a325a737eafcb98909870b233
2009-03,GPM_3IMERGM_07\3B-MO.MS.MRG.3IMERG.20090301-S000000-E235959.03.V07B.HDF5,18431894,f1793507ba3a23675636924365e9a3098606442c6033e09e04086634eb25745d
2009-04,GPM_3IMERGM_07\3B-MO.MS.MRG.3IMERG.20090401-S000000-E235959.04.V07B.HDF5,18770768,2c706708f3e260bbd1a7f08cb18fc2b385af63e048b5141669223521c641841f
2009-05,GPM_3IMERGM_07\3B-MO.MS.MRG.3IMERG.20090501-S000000-E235959.05.V07B.HDF5,19241546,2ea331fca9382b6186a2cad09841c8f15c7a357ad89bf226e4c7fb0b7b06d2ce
2009-06,GPM_3IMERGM_07\3B-MO.MS.MRG.3IMERG.20090601-S000000-E235959.06.V07B.HDF5,19434113,3cb6894b5bc61874f835aaa055919edf8334c6340853fa40b92922cfd9b77db1
2009-07,GPM_3IMERGM_07\3B-MO.MS.MRG.3IMERG.20090701-S000000-E235959.07.V07B.HDF5,19270299,17df2b2662ee5f3af2a6fd53cb8e1299e8afcb504d78898851ee5b8ed80476b6
2009-08,GPM_3IMERGM_07\3B-MO.MS.MRG.3IMERG.20090801-S000000-E235959.08.V07B.HDF5,18884744,9b070862a183097c3bf93ba9c059f00f54a2ca4aa4a75de0fcf6ed958ae73716
2009-09,GPM_3IMERGM_07\3B-MO.MS.MRG.3IMERG.20090901-S000000-E235959.09.V07B.HDF5,19345638,4677c37846946fdd995bad0fc1bba2c462f5379d15af1229078f4634d054496c
2009-10,GPM_3IMERGM_07\3B-MO.MS.MRG.3IMERG.20091001-S000000-E235959.10.V07B.HDF5,19251173,6dec11754ea775bdad767476b7defcbe78a57ae6494be32cc70ec4fd342cddfc
2009-11,GPM_3IMERGM_07\3B-MO.MS.MRG.3IMERG.20091101-S000000-E235959.11.V07B.HDF5,19319606,6e0db8484c7f6a55faedfe11134abd4ae8f2bb2b8a8de062981dcd3cd275c3b9
2009-12,GPM_3IMERGM_07\3B-MO.MS.MRG.3IMERG.20091201-S000000-E235959.12.V07B.HDF5,18809870,38bcd24ac50967d94fd4e48689b6e6fa8f0381be8d45360f9c59edc10104712a
2010-01,GPM_3IMERGM_07\3B-MO.MS.MRG.3IMERG.20100101-S000000-E235959.01.V07B.HDF5,17865117,59d477ca483062e697e5d6e2c4a4947399ef3a1c008df16ed5494a52fb03007b
2010-02,GPM_3IMERGM_07\3B-MO.MS.MRG.3IMERG.20100201-S000000-E235959.02.V07B.HDF5,18622008,271ca862caedd04f54bceff608e5918f37e141d7c2412a42f23cdd1c8f44c57c
2010-03,GPM_3IMERGM_07\3B-MO.MS.MRG.3IMERG.20100301-S000000-E235959.03.V07B.HDF5,18657414,45eb7a69c4e61f2d805c9b3229711a9c7c2becd5a74387fdf426807d3262ad02
2010-04,GPM_3IMERGM_07\3B-MO.MS.MRG.3IMERG.20100401-S000000-E235959.04.V07B.HDF5,19074960,a593af99e6aca862f150179deb3a1a266d71ae51c19d777ff8c26fad22c30a39
2010-05,GPM_3IMERGM_07\3B-MO.MS.MRG.3IMERG.20100501-S000000-E235959.05.V07B.HDF5,19388705,38080137c19461fdadbca91f8b70d4caafcefce3d5f453fac7101d602b38d988
2010-06,GPM_3IMERGM_07\3B-MO.MS.MRG.3IMERG.20100601-S000000-E235959.06.V07B.HDF5,19232739,05d53f3c7df80b5a715d15b06d44dabf06203aba311622a0a75e703079fd711f
2010-07,GPM_3IMERGM_07\3B-MO.MS.MRG.3IMERG.20100701-S000000-E235959.07.V07B.HDF5,19074543,137178b59cb41d957116c55b535699a2e1cc64a04db71706e37065b433fc0e52
2010-08,GPM_3IMERGM_07\3B-MO.MS.MRG.3IMERG.20100801-S000000-E235959.08.V07B.HDF5,19020290,c3bc4a7feb81ed23b317595fcfdde18e21731cc824c2f3fafd2dc5467c8966a7
2010-09,GPM_3IMERGM_07\3B-MO.MS.MRG.3IMERG.20100901-S000000-E235959.09.V07B.HDF5,19333926,3151d9ac53d8a9c4a83232406381b22b4e2b5c6df3bdfa8dbc1f87beb7e7a149
2010-10,GPM_3IMERGM_07\3B-MO.MS.MRG.3IMERG.20101001-S000000-E235959.10.V07B.HDF5,19150133,6358e5a6144cfc857a0ff88f96aca525fbc422bceaff214b151fbac6b94b71d7
2010-11,GPM_3IMERGM_07\3B-MO.MS.MRG.3IMERG.20101101-S000000-E235959.11.V07B.HDF5,19215224,9e652ad626d623a43d7190aedb8a4a9a1f5a449f9e2aa7d0def9ece4ea6854b1
2010-12,GPM_3IMERGM_07\3B-MO.MS.MRG.3IMERG.20101201-S000000-E235959.12.V07B.HDF5,18763604,7405d87ff40d308a6cdb03eb864273f8648205719076300754ca71cfda3cc292
2011-01,GPM_3IMERGM_07\3B-MO.MS.MRG.3IMERG.20110101-S000000-E235959.01.V07B.HDF5,17733762,f909cd3e8aeb5127b7c704d2ead9de5a2fbb0a90f5c00fa2c8b69d6db69d4654
2011-02,GPM_3IMERGM_07\3B-MO.MS.MRG.3IMERG.20110201-S000000-E235959.02.V07B.HDF5,18327322,879540223293fe06152462521c6bcd8c7b81b328508648fbdb99ce44890df8b6
2011-03,GPM_3IMERGM_07\3B-MO.MS.MRG.3IMERG.20110301-S000000-E235959.03.V07B.HDF5,18732787,0f765dd14b950a89254ff6780ad7ccefb918a0e9d0d6a568698b9a62990bc34f
2011-04,GPM_3IMERGM_07\3B-MO.MS.MRG.3IMERG.20110401-S000000-E235959.04.V07B.HDF5,18814142,98fd27dad744b4c922fefc9da433cc7cb3f426928b4471fde09b835892c0e9fb
2011-05,GPM_3IMERGM_07\3B-MO.MS.MRG.3IMERG.20110501-S000000-E235959.05.V07B.HDF5,19385943,ea1a294a2210c28e5d73147939c6b6b564e20afd8674ceb3292321f79afabe11
2011-06,GPM_3IMERGM_07\3B-MO.MS.MRG.3IMERG.20110601-S000000-E235959.06.V07B.HDF5,19251461,3051fc77573aceaf61c620d883f2d15ceab465c48dbadd86fd78c99ff4729d70
2011-07,GPM_3IMERGM_07\3B-MO.MS.MRG.3IMERG.20110701-S000000-E235959.07.V07B.HDF5,19032980,65c18370fe8ea2e05bdc4370d33164a2814e7606b36b079308d487342aa723a0
2011-08,GPM_3IMERGM_07\3B-MO.MS.MRG.3IMERG.20110801-S000000-E235959.08.V07B.HDF5,18968957,3602d685a118d73b4754c24adb630dc051eca2701e0a8c2c675702e8bd3668b7
2011-09,GPM_3IMERGM_07\3B-MO.MS.MRG.3IMERG.20110901-S000000-E235959.09.V07B.HDF5,19062599,aeca4790467b98dba8ec04d4e18e327980c9cd00254966d503466d5824f5ced4
2011-10,GPM_3IMERGM_07\3B-MO.MS.MRG.3IMERG.20111001-S000000-E235959.10.V07B.HDF5,19162102,59d7d2bef9385f83c93efca4443654a607ff1a31f4d88de0f8174d8d41f81f9d
2011-11,GPM_3IMERGM_07\3B-MO.MS.MRG.3IMERG.20111101-S000000-E235959.11.V07B.HDF5,18997407,c4bc8452995ebd4de4636a7976318830792fc9d74b0309ff54bbd821fb8a86e5
2011-12,GPM_3IMERGM_07\3B-MO.MS.MRG.3IMERG.20111201-S000000-E235959.12.V07B.HDF5,18471539,6371ac0641586e8aab5c29853dfdf8354c4ab5fefaaaa872e7067511d1bfb0d0
2012-01,GPM_3IMERGM_07\3B-MO.MS.MRG.3IMERG.20120101-S000000-E235959.01.V07B.HDF5,17728634,37d50a55c97cb2ebb681fbb024fc70d288aa5c9ee4c334a754587505581e217b
2012-02,GPM_3IMERGM_07\3B-MO.MS.MRG.3IMERG.20120201-S000000-E235959.02.V07B.HDF5,18578224,98a50ee81e3190993d70f63e1f6579f9036fc92107fe25d2d44296a5a253079a
2012-03,GPM_3IMERGM_07\3B-MO.MS.MRG.3IMERG.20120301-S000000-E235959.03.V07B.HDF5,18597962,cc0009bde16777a412dcb07ccbbbf9ea5e709d0f05e5ba09aaeee2a4a13a7fa0
2012-04,GPM_3IMERGM_07\3B-MO.MS.MRG.3IMERG.20120401-S000000-E235959.04.V07B.HDF5,18804434,5346c985a5fe99fb5428fef2b29be2386d44e2d011b20533de0e808b21be8b8f
2012-05,GPM_3IMERGM_07\3B-MO.MS.MRG.3IMERG.20120501-S000000-E235959.05.V07B.HDF5,19105741,c8986bbea0074c5a367e12e8cd20c9d0dca5beb5d8411520aa5d462479b8187e
2012-06,GPM_3IMERGM_07\3B-MO.MS.MRG.3IMERG.20120601-S000000-E235959.06.V07B.HDF5,19226162,741790265c9df28535d95e78dde16ba36e2c286af64a51467d1bace0e245f834
2012-07,GPM_3IMERGM_07\3B-MO.MS.MRG.3IMERG.20120701-S000000-E235959.07.V07B.HDF5,18953282,e5bd113d1576a7c339bce18eca0dc455219909f0b0bb6c5381df99a62d003fba
2012-08,GPM_3IMERGM_07\3B-MO.MS.MRG.3IMERG.20120801-S000000-E235959.08.V07B.HDF5,18939005,65170266b21fb34c20d8eed68e5c3005272866e4e1c91c7fb57463ca23de0afa
2012-09,GPM_3IMERGM_07\3B-MO.MS.MRG.3IMERG.20120901-S000000-E235959.09.V07B.HDF5,19169061,da4c0640583ad74d0203c0f83ffafaaf8e9ede4c1baf555cc0dab5d788127941
2012-10,GPM_3IMERGM_07\3B-MO.MS.MRG.3IMERG.20121001-S000000-E235959.10.V07B.HDF5,19098774,cb8d5b43bfc71d6ceab80780fa55912896df41dcc1c4d493a55ec12b9af61973
2012-11,GPM_3IMERGM_07\3B-MO.MS.MRG.3IMERG.20121101-S000000-E235959.11.V07B.HDF5,19236396,ce37d85d1cd502dbfd04c5a1679234e44cc6c8b081312359efc5904175479274
2012-12,GPM_3IMERGM_07\3B-MO.MS.MRG.3IMERG.20121201-S000000-E235959.12.V07B.HDF5,18509838,9244b1428de1033e7afc2441e2d992aa068004db38f66e4020a0848d0fb1a894
2013-01,GPM_3IMERGM_07\3B-MO.MS.MRG.3IMERG.20130101-S000000-E235959.01.V07B.HDF5,17571009,3ee6c2fa35bbbd841d5a6056392b14467a1aa9f624164bd3d2c128e9600299ef
2013-02,GPM_3IMERGM_07\3B-MO.MS.MRG.3IMERG.20130201-S000000-E235959.02.V07B.HDF5,18004760,a6fc6a3653d4666eca9b414d1aed09218f7f7d429155ae69ee9c230ebeef2f15
2013-03,GPM_3IMERGM_07\3B-MO.MS.MRG.3IMERG.20130301-S000000-E235959.03.V07B.HDF5,18815726,23fab77ee8874522c9d326ac602c4ff1d22c39448947ee61d40e084c9f0890f5
2013-04,GPM_3IMERGM_07\3B-MO.MS.MRG.3IMERG.20130401-S000000-E235959.04.V07B.HDF5,18897752,cc4afc367d5bd9dd7ba2aff8b801d69952ec1668c9acda096b7714aa415573c6
2013-05,GPM_3IMERGM_07\3B-MO.MS.MRG.3IMERG.20130501-S000000-E235959.05.V07B.HDF5,19070344,f94eb98507c3949ae67f6fdf617f0d367722e423ffa2c23d6569f9185efaa0a1
2013-06,GPM_3IMERGM_07\3B-MO.MS.MRG.3IMERG.20130601-S000000-E235959.06.V07B.HDF5,19137991,5ceeaa9c621fec90193dc7aa261a756ef5e82e2fde3d699de5b91804ab63f25f
2013-07,GPM_3IMERGM_07\3B-MO.MS.MRG.3IMERG.20130701-S000000-E235959.07.V07B.HDF5,19019068,d74ff3150959eb772031d73ff7dd67d95a3a5ce8f5a9e3c7252db18d9cada84e
2013-08,GPM_3IMERGM_07\3B-MO.MS.MRG.3IMERG.20130801-S000000-E235959.08.V07B.HDF5,18969453,21e90a68d6d019add8fa7d133711f87f7d6bde291c939b90afcdbd8bb99db57c
2013-09,GPM_3IMERGM_07\3B-MO.MS.MRG.3IMERG.20130901-S000000-E235959.09.V07B.HDF5,19246660,00a13e022e1069f07cd689c9c90e3d6080634626d19429821f741dd8eaac580e
2013-10,GPM_3IMERGM_07\3B-MO.MS.MRG.3IMERG.20131001-S000000-E235959.10.V07B.HDF5,18967700,c11285b5ab6b9b8df5ac49732e845ad1e67829525b73731c3de56b711018a79a
2013-11,GPM_3IMERGM_07\3B-MO.MS.MRG.3IMERG.20131101-S000000-E235959.11.V07B.HDF5,18924044,7aad7e335aa569d7862e74ffc1fa3821d096b17f7d0335cc89b64594422d11a7
2013-12,GPM_3IMERGM_07\3B-MO.MS.MRG.3IMERG.20131201-S000000-E235959.12.V07B.HDF5,18526208,42c180c6a72897ae14997cb5ec4a606de62fb43114a91463a98b2501e3ebbb2a
2014-01,GPM_3IMERGM_07\3B-MO.MS.MRG.3IMERG.20140101-S000000-E235959.01.V07B.HDF5,17510822,9b15776187afcefefb6432b45657fb5986f03b1c97650c36bbf82ada5e583ce4
2014-02,GPM_3IMERGM_07\3B-MO.MS.MRG.3IMERG.20140201-S000000-E235959.02.V07B.HDF5,18363387,39fb5dcc40e1489552362caa9e14126b8bac55390aee5c3b3ccad87ff94b7dba
2014-03,GPM_3IMERGM_07\3B-MO.MS.MRG.3IMERG.20140301-S000000-E235959.03.V07B.HDF5,18846821,24815bc86c60cf5090c23bb5b317897143015b63e05d22ab832e8f0dc1aac55b
2014-04,GPM_3IMERGM_07\3B-MO.MS.MRG.3IMERG.20140401-S000000-E235959.04.V07B.HDF5,18838939,6be539348a27ae9a86064522decaab9ef5106e30fe2419ef374c50ddc4c82d2c
2014-05,GPM_3IMERGM_07\3B-MO.MS.MRG.3IMERG.20140501-S000000-E235959.05.V07B.HDF5,19276297,b4e734fbf5138572024478a6e71b604bb28d65451031407e7d55a5f6f714e04e
2014-06,GPM_3IMERGM_07\3B-MO.MS.MRG.3IMERG.20140601-S000000-E235959.06.V07B.HDF5,19077657,e35a5790ad2e1af8ebceb0d173dfad7f28d6a161b97c4ddbaf098f8828ab0bfe
2014-07,GPM_3IMERGM_07\3B-MO.MS.MRG.3IMERG.20140701-S000000-E235959.07.V07B.HDF5,19045124,d542c3054dd7a19552c93ed664e2510583039d7652a7c4c71545f2ac931bd8ed
2014-08,GPM_3IMERGM_07\3B-MO.MS.MRG.3IMERG.20140801-S000000-E235959.08.V07B.HDF5,19079483,b31087c85d91640464f2ec56d318c2a4b82e72f533d4e2cf375adfdfa66fe198
2014-09,GPM_3IMERGM_07\3B-MO.MS.MRG.3IMERG.20140901-S000000-E235959.09.V07B.HDF5,19127383,f2ce84b9c04ad7b5fe5a294a590c8632b7112c7c6b6ed7e435952354a887e970
2014-10,GPM_3IMERGM_07\3B-MO.MS.MRG.3IMERG.20141001-S000000-E235959.10.V07B.HDF5,19131039,849ae1dba64d8b6ddf02d007708c7ff75d0827fbf5ee098cc4f1faee0aa5095d
2014-11,GPM_3IMERGM_07\3B-MO.MS.MRG.3IMERG.20141101-S000000-E235959.11.V07B.HDF5,18669958,2db365eda9d3954182e7320a0138ef5c65daf13c40ffe54af2d31cbae2677459
2014-12,GPM_3IMERGM_07\3B-MO.MS.MRG.3IMERG.20141201-S000000-E235959.12.V07B.HDF5,18303383,d73927033542c9ca65ce5730d482bf0743261478792f6ae93c55033c2de03d99
2015-01,GPM_3IMERGM_07\3B-MO.MS.MRG.3IMERG.20150101-S000000-E235959.01.V07B.HDF5,18194042,47b369fd5b61c0e810661814103ec0ccf13b888a70b39dbe1114e8b5eef0550b
2015-02,GPM_3IMERGM_07\3B-MO.MS.MRG.3IMERG.20150201-S000000-E235959.02.V07B.HDF5,18248910,cfba822f978b9a6f06352d0118cc1251278b187917f1a7d30385cc5a0e6e68d7
2015-03,GPM_3IMERGM_07\3B-MO.MS.MRG.3IMERG.20150301-S000000-E235959.03.V07B.HDF5,18473022,f3d210f1d186e1a5c4cdde986548dde722bcf2abed656a6a4a8f23a4d8885b9f
2015-04,GPM_3IMERGM_07\3B-MO.MS.MRG.3IMERG.20150401-S000000-E235959.04.V07B.HDF5,18882363,6ca0788d8a45f6fb740e0b5177352f1a94c30c004176b39991cf7f2fcec959bf
2015-05,GPM_3IMERGM_07\3B-MO.MS.MRG.3IMERG.20150501-S000000-E235959.05.V07B.HDF5,19364680,8b1f6afc628a68bd5d81ea1ff73bcf209a36ed39a8e9a0fe67701fbdc1892a29
2015-06,GPM_3IMERGM_07\3B-MO.MS.MRG.3IMERG.20150601-S000000-E235959.06.V07B.HDF5,19370196,6b18bff72501f8ec63aa31f93cf0b4e37f2f6c8a15b4aa1dd829924c4851bdb7
2015-07,GPM_3IMERGM_07\3B-MO.MS.MRG.3IMERG.20150701-S000000-E235959.07.V07B.HDF5,19253426,05d89506393744197451d8e5f6f2d4c947f2b93eaaea177bb9557fa3c76f4d2f
2015-08,GPM_3IMERGM_07\3B-MO.MS.MRG.3IMERG.20150801-S000000-E235959.08.V07B.HDF5,19439766,49f5372a418dc8427b7b1c6488408497c4d939dfb310c6f8f6a2aa18a174b489
2015-09,GPM_3IMERGM_07\3B-MO.MS.MRG.3IMERG.20150901-S000000-E235959.09.V07B.HDF5,19367594,fd103e03ab1558d0bf1c9fd18285a68a4dc1129b31048b66beb8148f207d71d6
2015-10,GPM_3IMERGM_07\3B-MO.MS.MRG.3IMERG.20151001-S000000-E235959.10.V07B.HDF5,19085634,e2200ce98f33cc721c0d166d192a8c48de350d18ebaf85e1d4e87d034a2f3a24
2015-11,GPM_3IMERGM_07\3B-MO.MS.MRG.3IMERG.20151101-S000000-E235959.11.V07B.HDF5,18646024,7956ed324d5c01f414cde0cd75ee13bc10752112e785507b6df6f7aa5837e4a3
2015-12,GPM_3IMERGM_07\3B-MO.MS.MRG.3IMERG.20151201-S000000-E235959.12.V07B.HDF5,18667200,139991b9b9d7ba2139e7a3c9c39f273f6e237a6331a69135d9ff1deaed035215
2016-01,GPM_3IMERGM_07\3B-MO.MS.MRG.3IMERG.20160101-S000000-E235959.01.V07B.HDF5,18878181,2790fb697627c0d28aeb5d1e7c245c0108060af1cfaed86c5e8255d0a62f8717
2016-02,GPM_3IMERGM_07\3B-MO.MS.MRG.3IMERG.20160201-S000000-E235959.02.V07B.HDF5,18411377,2c06c53a5ffbd5a12590a8ce1cbb8f7b3b33585cb0c7b8e99100bd6388450570
2016-03,GPM_3IMERGM_07\3B-MO.MS.MRG.3IMERG.20160301-S000000-E235959.03.V07B.HDF5,18451112,e9f91cbeb7b67018a3c011b6aa6600f7792141f6d778c9fa45027ac64ed5bb3c
2016-04,GPM_3IMERGM_07\3B-MO.MS.MRG.3IMERG.20160401-S000000-E235959.04.V07B.HDF5,19013023,861e2168fda3daa305ad58eaf6534b569896ddbbf7073d02ccfefa10f710f457
2016-05,GPM_3IMERGM_07\3B-MO.MS.MRG.3IMERG.20160501-S000000-E235959.05.V07B.HDF5,19573535,eb8d4d2be2eedfabca7d50752fd73173e6f821bfbc45db1143a65cba64cf37cc
2016-06,GPM_3IMERGM_07\3B-MO.MS.MRG.3IMERG.20160601-S000000-E235959.06.V07B.HDF5,19362444,6fa36bdea98e40f8792ebe48ba75ec147eeefcf83545938565748304faddb968
2016-07,GPM_3IMERGM_07\3B-MO.MS.MRG.3IMERG.20160701-S000000-E235959.07.V07B.HDF5,19164031,8c4fd27a3721053580e3f839179efd623eb9f7551cbd4fb74140c1b5064cf2f6
2016-08,GPM_3IMERGM_07\3B-MO.MS.MRG.3IMERG.20160801-S000000-E235959.08.V07B.HDF5,19154259,ab87be6c2c5f4d088b00e4efe42b355e755928e7832ae0b9cb3ba7a81d88edd8
2016-09,GPM_3IMERGM_07\3B-MO.MS.MRG.3IMERG.20160901-S000000-E235959.09.V07B.HDF5,19286620,a45ce211b66b67d9c98a2d7ca4f6917e0afe7533a092ae96875623b3a63e3a3f
2016-10,GPM_3IMERGM_07\3B-MO.MS.MRG.3IMERG.20161001-S000000-E235959.10.V07B.HDF5,19257334,2602f51da80c7aad4b5f239c0bbaa5ed700056f4fc620e66570e3b08dba64e46
2016-11,GPM_3IMERGM_07\3B-MO.MS.MRG.3IMERG.20161101-S000000-E235959.11.V07B.HDF5,18883074,9f787e36ccd68fca6f8aeca8e6b3cc4a0a9cca4f0df20189daa9cde5ca6a6eae
2016-12,GPM_3IMERGM_07\3B-MO.MS.MRG.3IMERG.20161201-S000000-E235959.12.V07B.HDF5,18493755,e2afcb73bd8f88d0c69b4e36703bfce31e5a1d742a6bc0705edd9a9de1bfca33
2017-01,GPM_3IMERGM_07\3B-MO.MS.MRG.3IMERG.20170101-S000000-E235959.01.V07B.HDF5,18336381,a573db3edd8e636c554693c643ced6dfb28a65de91e78339342973bdddd05be2
2017-02,GPM_3IMERGM_07\3B-MO.MS.MRG.3IMERG.20170201-S000000-E235959.02.V07B.HDF5,18391024,1d6af7a6efb5ddfb61fba2504a2805d0c9a014e3b12de5978821c0ae420939e4
2017-03,GPM_3IMERGM_07\3B-MO.MS.MRG.3IMERG.20170301-S000000-E235959.03.V07B.HDF5,18552592,0ab376b53e98c5888fc970a40d06e65ed2b3ed85ee35591fb97f1a38e66c3bec
2017-04,GPM_3IMERGM_07\3B-MO.MS.MRG.3IMERG.20170401-S000000-E235959.04.V07B.HDF5,18754846,c107025325aef0a234aef44f1574b761413ab08a865bd86f62df50985e2d9ed4
2017-05,GPM_3IMERGM_07\3B-MO.MS.MRG.3IMERG.20170501-S000000-E235959.05.V07B.HDF5,19374687,f4ba7e0922bf10600edc15aa22a0626b0c94ba47a506b93eecb4f608524482b8
2017-06,GPM_3IMERGM_07\3B-MO.MS.MRG.3IMERG.20170601-S000000-E235959.06.V07B.HDF5,19250389,ee47be614be1cf887b1d0d8213f26125699a77b4b8b147233764d6ad9420ba6e
2017-07,GPM_3IMERGM_07\3B-MO.MS.MRG.3IMERG.20170701-S000000-E235959.07.V07B.HDF5,19090398,6ea6cc9338db028ac7ef4d6cdb77eaf469d8f05da8cda970ac1fbb21e6576f81
2017-08,GPM_3IMERGM_07\3B-MO.MS.MRG.3IMERG.20170801-S000000-E235959.08.V07B.HDF5,18954643,a484fde24ebdb4bef055ac8fd2c97adb48f51576fde07daaac0d5ebd114ef985
2017-09,GPM_3IMERGM_07\3B-MO.MS.MRG.3IMERG.20170901-S000000-E235959.09.V07B.HDF5,19072303,1e3fafcc7d643f6c7132cd34e6ca7e601a0647887577d69ba66b65dd43f677c7
2017-10,GPM_3IMERGM_07\3B-MO.MS.MRG.3IMERG.20171001-S000000-E235959.10.V07B.HDF5,18881095,c8d3441d4bd1c6e8f200e767c4015f30bce20509d75f57ef482426e084766659
2017-11,GPM_3IMERGM_07\3B-MO.MS.MRG.3IMERG.20171101-S000000-E235959.11.V07B.HDF5,18764027,bd043f1fd42d9f61acffe74bca94127399fd940b713a18beda086ae15163108e
2017-12,GPM_3IMERGM_07\3B-MO.MS.MRG.3IMERG.20171201-S000000-E235959.12.V07B.HDF5,18401451,2b1ba4efaa0377dc593fe0b6885aee6d3dffbc99f49d220b0c129ada0048a52e
2018-01,GPM_3IMERGM_07\3B-MO.MS.MRG.3IMERG.20180101-S000000-E235959.01.V07B.HDF5,17900990,34660aec60839dd121fdbbdf87b2dc9874bd505636666d15a3a8584cce09dccf
2018-02,GPM_3IMERGM_07\3B-MO.MS.MRG.3IMERG.20180201-S000000-E235959.02.V07B.HDF5,18345097,1f5cb7e9d4c9459c110f0e0055f61b7932a7c0727deaf5415cef12246a368c67
2018-03,GPM_3IMERGM_07\3B-MO.MS.MRG.3IMERG.20180301-S000000-E235959.03.V07B.HDF5,17976778,5c1e950aef9703695a66c0a691edd68b3074dba7c06789ed889f2cec6e943fa9
2018-04,GPM_3IMERGM_07\3B-MO.MS.MRG.3IMERG.20180401-S000000-E235959.04.V07B.HDF5,18736252,3a7edfdc375dacadc91facd746ed04371f425fc4566f5901684dc86da2abe016
2018-05,GPM_3IMERGM_07\3B-MO.MS.MRG.3IMERG.20180501-S000000-E235959.05.V07B.HDF5,19194559,c7c7c5339facc76cf6c55486d5dc6294c549b3a3a1385b3edee343a7f576d228
2018-06,GPM_3IMERGM_07\3B-MO.MS.MRG.3IMERG.20180601-S000000-E235959.06.V07B.HDF5,19062256,598283c1e624cff2b4fe15dc729583131f7242cd069e4dc9f79bfcc479a9b193
2018-07,GPM_3IMERGM_07\3B-MO.MS.MRG.3IMERG.20180701-S000000-E235959.07.V07B.HDF5,18969567,e34c4b02ebe73fe7f4fa715fabe9a09b1d3a59aba3f8c31fa9e8354715596a68
2018-08,GPM_3IMERGM_07\3B-MO.MS.MRG.3IMERG.20180801-S000000-E235959.08.V07B.HDF5,18948346,9443a9fd811371d50a670061583f55603bcdfdd5574ee09d960c17f06370c2aa
2018-09,GPM_3IMERGM_07\3B-MO.MS.MRG.3IMERG.20180901-S000000-E235959.09.V07B.HDF5,19137352,7530b6175074df70d22394926b095c27b522fa6b8ec1ad59c7a98621ca07f382
2018-10,GPM_3IMERGM_07\3B-MO.MS.MRG.3IMERG.20181001-S000000-E235959.10.V07B.HDF5,19148448,f3b674b4eb172c2fc66146a26f12f6fc0d800953cc75320996554ff4f004027f
2018-11,GPM_3IMERGM_07\3B-MO.MS.MRG.3IMERG.20181101-S000000-E235959.11.V07B.HDF5,18405086,27c4f8f9b420e1ed85931aac64b587cceb44bb16b3115d5335744d6ecabf66aa
2018-12,GPM_3IMERGM_07\3B-MO.MS.MRG.3IMERG.20181201-S000000-E235959.12.V07B.HDF5,18100637,bf7b9c41ce39fa29f85c645b9ed6c79f45a5bd3392f60d27ada3cf5dcdff19c4
2019-01,GPM_3IMERGM_07\3B-MO.MS.MRG.3IMERG.20190101-S000000-E235959.01.V07B.HDF5,17800660,23aa8279631faff10a314993132893835d1a8bd5886cee8e1812de0f7707d9c6
2019-02,GPM_3IMERGM_07\3B-MO.MS.MRG.3IMERG.20190201-S000000-E235959.02.V07B.HDF5,17968693,6baab607f719ea91454679fcc395f8242c9c492eaf5bafbf4c57e4f914190156
2019-03,GPM_3IMERGM_07\3B-MO.MS.MRG.3IMERG.20190301-S000000-E235959.03.V07B.HDF5,18301841,d43cf5a068611ee3a0a195fb9c93240d23427b6c84b86e2043ff410475b1f78b
2019-04,GPM_3IMERGM_07\3B-MO.MS.MRG.3IMERG.20190401-S000000-E235959.04.V07B.HDF5,18913935,5e85914133a9fd8d6297d1386cdde0ee24de7d495ad55ed8f9f35c3a8d7cce4d
2019-05,GPM_3IMERGM_07\3B-MO.MS.MRG.3IMERG.20190501-S000000-E235959.05.V07B.HDF5,19240810,fb63b42c3659e73c7aa0e3c2b8c2dc97d2c32e22d6a34806f929003da09e069a
2019-06,GPM_3IMERGM_07\3B-MO.MS.MRG.3IMERG.20190601-S000000-E235959.06.V07B.HDF5,19099561,6dc52d59b97e7ef3c9ffbb4bbe4b427cc187358277a29cac7e7d736aee23fb45
2019-07,GPM_3IMERGM_07\3B-MO.MS.MRG.3IMERG.20190701-S000000-E235959.07.V07B.HDF5,18952719,623b1a39e37735ced4d52f5b8ce9bad240c8dd4f823a7ff2a95f170bb31924d3
2019-08,GPM_3IMERGM_07\3B-MO.MS.MRG.3IMERG.20190801-S000000-E235959.08.V07B.HDF5,18821353,7146d344b90fe80b665b3ae3911db2a02cda2250123522dc7408aac88f8308a4
2019-09,GPM_3IMERGM_07\3B-MO.MS.MRG.3IMERG.20190901-S000000-E235959.09.V07B.HDF5,18994510,2a5fe3de73ad7bf8ab75aaeba279981c2af5878cd1bf00a5dacbedc827428a94
2019-10,GPM_3IMERGM_07\3B-MO.MS.MRG.3IMERG.20191001-S000000-E235959.10.V07B.HDF5,19063895,383cbb1c12dc3a4082530f045b2eb3adf3c2c4d4fc919050651530df3d2de256
2019-11,GPM_3IMERGM_07\3B-MO.MS.MRG.3IMERG.20191101-S000000-E235959.11.V07B.HDF5,18615017,83d1f2d410d68e7780cf64f47019871335b59fd8980d07a077059f8f050fecd4
2019-12,GPM_3IMERGM_07\3B-MO.MS.MRG.3IMERG.20191201-S000000-E235959.12.V07B.HDF5,18378289,7f898ffaf158acf7a882943edf3e1d03585c9d5d940ca131348696eaaa3fd512
2020-01,GPM_3IMERGM_07\3B-MO.MS.MRG.3IMERG.20200101-S000000-E235959.01.V07B.HDF5,17953168,67246ed8174a6db171d7c898e54b7231d972150c685c9a57658ef012c7a81539
2020-02,GPM_3IMERGM_07\3B-MO.MS.MRG.3IMERG.20200201-S000000-E235959.02.V07B.HDF5,17948734,de8a065d714aac369f4e49a1a0ad69cf7b6c85b382697405a0e99653a865dd0d
2020-03,GPM_3IMERGM_07\3B-MO.MS.MRG.3IMERG.20200301-S000000-E235959.03.V07B.HDF5,18230838,cd7e47a279cd85f1d7c2e99666e3db18ac51f23c10a7ff731002728ebd3dd2fb
2020-04,GPM_3IMERGM_07\3B-MO.MS.MRG.3IMERG.20200401-S000000-E235959.04.V07B.HDF5,18772405,a2f1b1ce83b98c55a1c80391c3bacf8dd4b68db5dade863aaa43ad93b4848272
2020-05,GPM_3IMERGM_07\3B-MO.MS.MRG.3IMERG.20200501-S000000-E235959.05.V07B.HDF5,19140199,8890f0d89ad4d4755fc9817ce740d60c3d34ae5f37c51d1e37d55e906f796682
2020-06,GPM_3IMERGM_07\3B-MO.MS.MRG.3IMERG.20200601-S000000-E235959.06.V07B.HDF5,19135045,238fd91efdfbc739250504dd3aabac3e5f953338f9619c7aa67312ad299a420c
2020-07,GPM_3IMERGM_07\3B-MO.MS.MRG.3IMERG.20200701-S000000-E235959.07.V07B.HDF5,18777387,047909d154919d118b4abc2715bbb025adb338774f546b5f972590d051e75887
2020-08,GPM_3IMERGM_07\3B-MO.MS.MRG.3IMERG.20200801-S000000-E235959.08.V07B.HDF5,18919038,e7bd1bf26b626ac7ba066ce61f22a12b15eafc4bc2422af553cb94ad7203bd6f
2020-09,GPM_3IMERGM_07\3B-MO.MS.MRG.3IMERG.20200901-S000000-E235959.09.V07B.HDF5,18827642,35daac0c1fc3fe8d470915760e410ca60a4b074a7e82cb34674b1fc6a28d08d4
2020-10,GPM_3IMERGM_07\3B-MO.MS.MRG.3IMERG.20201001-S000000-E235959.10.V07B.HDF5,18733879,fe6e0bc46901c4c6410aeaef9468fffc610f0746263d5d35aab42989a1daa185
2020-11,GPM_3IMERGM_07\3B-MO.MS.MRG.3IMERG.20201101-S000000-E235959.11.V07B.HDF5,18479229,f40d5341549e6f69c0157667061405e1803d0c8c19b31c6c7ee647764cc9af9f
2020-12,GPM_3IMERGM_07\3B-MO.MS.MRG.3IMERG.20201201-S000000-E235959.12.V07B.HDF5,18214478,dc08d6834cca5c1aa5e60e14064b84a47b45f6856f044e0b2be8622d857cb434
2021-01,GPM_3IMERGM_07\3B-MO.MS.MRG.3IMERG.20210101-S000000-E235959.01.V07B.HDF5,18135691,fd4932244b891beca7d87b61e290df182592d11227d037a4c02069bfd131bf5f
2021-02,GPM_3IMERGM_07\3B-MO.MS.MRG.3IMERG.20210201-S000000-E235959.02.V07B.HDF5,18139718,ae1b5f644cc781a6de8ce291c1a7105c59e7a6afca4df9d8f236d964311dfba5
2021-03,GPM_3IMERGM_07\3B-MO.MS.MRG.3IMERG.20210301-S000000-E235959.03.V07B.HDF5,17907310,1c18520573386b94e924065f1313b8670c19d3d62b7c3df9ac9c906365ebbbd4
2021-04,GPM_3IMERGM_07\3B-MO.MS.MRG.3IMERG.20210401-S000000-E235959.04.V07B.HDF5,18681649,49a10ea34b75c175a79ac48a730c10c86dda00c7191f0b188b6d4424830477b2
2021-05,GPM_3IMERGM_07\3B-MO.MS.MRG.3IMERG.20210501-S000000-E235959.05.V07B.HDF5,19146682,e740875f6623a403085330a17f2f5bcd4e7eab1e0e571327ffca95cfabe8ee99
2021-06,GPM_3IMERGM_07\3B-MO.MS.MRG.3IMERG.20210601-S000000-E235959.06.V07B.HDF5,18938510,ae7e54eddbca96e30b012774488de146ead4a7d2073028c4508666758efaa2c5
2021-07,GPM_3IMERGM_07\3B-MO.MS.MRG.3IMERG.20210701-S000000-E235959.07.V07B.HDF5,18903283,5bd557d95aefa9c15797475159d75c5e66a8ea247595048ccfd8b39e85fe8aeb
2021-08,GPM_3IMERGM_07\3B-MO.MS.MRG.3IMERG.20210801-S000000-E235959.08.V07B.HDF5,18871502,f0fdb8bc4a973517ad4581247b49c34f184c01dabe19db3e8c6587091f07ae57
2021-09,GPM_3IMERGM_07\3B-MO.MS.MRG.3IMERG.20210901-S000000-E235959.09.V07B.HDF5,19074941,6a6ca32858c643e637cdb1fb77c486256978a1070099d4aea73b17a16638eed9
2021-10,GPM_3IMERGM_07\3B-MO.MS.MRG.3IMERG.20211001-S000000-E235959.10.V07B.HDF5,18907066,7145b3080b7aad1f296c7d495265169148ef36ef8effbad2398d20b7cad11e8a
2021-11,GPM_3IMERGM_07\3B-MO.MS.MRG.3IMERG.20211101-S000000-E235959.11.V07B.HDF5,18340748,1dff29ae6c5e68588560a72ce22951f1bc206963b61e096d28a333e538d4cec1
2021-12,GPM_3IMERGM_07\3B-MO.MS.MRG.3IMERG.20211201-S000000-E235959.12.V07B.HDF5,18270911,6e9fd01a8df92044a16eb80116fbb1bd68e7fc94b02c78e0be5d09d5969e012e
2022-01,GPM_3IMERGM_07\3B-MO.MS.MRG.3IMERG.20220101-S000000-E235959.01.V07B.HDF5,18231035,1847c8df47049e3366751b9cc6da666064c3ea42de08d277e28480289b05c75d
2022-02,GPM_3IMERGM_07\3B-MO.MS.MRG.3IMERG.20220201-S000000-E235959.02.V07B.HDF5,18163914,6f76507ecf2c10adb5c3af46a78a5dfdfc0d4bc8f9010c5374968d46eeb3cc8b
2022-03,GPM_3IMERGM_07\3B-MO.MS.MRG.3IMERG.20220301-S000000-E235959.03.V07B.HDF5,18321546,4042b201e447febc9f36b7d28ad36a328ec522e09c2fad98fcea7da2068c8b39
2022-04,GPM_3IMERGM_07\3B-MO.MS.MRG.3IMERG.20220401-S000000-E235959.04.V07B.HDF5,18516985,97e1fda1cd54a537d80d2fa2ce510a09887111709c3b5522e7dace15ee673f6c
2022-05,GPM_3IMERGM_07\3B-MO.MS.MRG.3IMERG.20220501-S000000-E235959.05.V07B.HDF5,19054930,cf105e84bd1e5607aeda0aa3a07d0de8618eda795a12621743cb91091a289ddd
2022-06,GPM_3IMERGM_07\3B-MO.MS.MRG.3IMERG.20220601-S000000-E235959.06.V07B.HDF5,19094954,42fd3182087c36b6b5f19cdb78823ec8a444a6a76f3081046ae387af2431e1bc
2022-07,GPM_3IMERGM_07\3B-MO.MS.MRG.3IMERG.20220701-S000000-E235959.07.V07B.HDF5,18953444,41c21501b14b3630ed39c4fe1dfaa23887c48444a9d5b929d195ee3a80d72b45
2022-08,GPM_3IMERGM_07\3B-MO.MS.MRG.3IMERG.20220801-S000000-E235959.08.V07B.HDF5,19118279,13d58330573c5dad6ffd9b4b57187e316e39ab63d858a6030224bf5506b6111b
2022-09,GPM_3IMERGM_07\3B-MO.MS.MRG.3IMERG.20220901-S000000-E235959.09.V07B.HDF5,19115590,3ba4858a9386d9c84b66d0a940b3a9166204e3959bd53219076cacaa85229cd8
2022-10,GPM_3IMERGM_07\3B-MO.MS.MRG.3IMERG.20221001-S000000-E235959.10.V07B.HDF5,18768118,75ba1469bf0f3c0505b6707642cf242b88b326de8fda4708a188c6822b16a3d5
2022-11,GPM_3IMERGM_07\3B-MO.MS.MRG.3IMERG.20221101-S000000-E235959.11.V07B.HDF5,18379495,0e71e136ef10248ef89feea0f1a02ca11bdc91bb0917c6a5f8a7e299a0de196d
2022-12,GPM_3IMERGM_07\3B-MO.MS.MRG.3IMERG.20221201-S000000-E235959.12.V07B.HDF5,18429053,de3e9311b32721435c56ce5283884618019e48c97e6e02c3a449f2f492df6b77
