mes,P_mm,Q_m3_s
1981-01-01,50.94499999999999,59.00967741935484
1981-02-01,144.788,52.02142857142858
1981-03-01,226.073,75.69032258064516
1981-04-01,317.791,125.74666666666667
1981-05-01,315.117,202.46451612903223
1981-06-01,180.123,142.62
1981-07-01,86.78099999999999,85.54516129032258
1981-08-01,142.961,47.92580645161291
1981-09-01,101.39399999999999,47.083333333333336
1981-10-01,276.753,66.24516129032257
1981-11-01,306.079,170.29
1981-12-01,176.154,121.36451612903227
1982-01-01,177.22,179.59677419354838
1982-02-01,160.903,119.71428571428571
1982-03-01,176.076,108.48709677419355
1982-04-01,293.96,148.8
1982-05-01,256.856,149.46129032258065
1982-06-01,87.288,77.21666666666667
1982-07-01,53.492000000000004,45.61612903225806
1982-08-01,24.892,29.203225806451613
1982-09-01,168.272,31.7
1982-10-01,295.096,66.38709677419355
1982-11-01,242.552,95.95
1982-12-01,191.728,87.09354838709677
1983-01-01,60.531,53.538709677419355
1983-02-01,78.207,38.57857142857143
1983-03-01,201.974,39.903225806451616
1983-04-01,319.776,121.33
1983-05-01,238.745,120.42903225806451
1983-06-01,88.67999999999999,92.3
1983-07-01,67.152,48.61612903225806
1983-08-01,62.253,31.938709677419357
1983-09-01,99.036,29.80666666666667
1983-10-01,231.05,41.59032258064516
1983-11-01,209.144,46.17333333333333
1983-12-01,236.262,98.76774193548388
1984-01-01,190.868,127.13225806451612
1984-02-01,199.50199999999998,106.63793103448276
1984-03-01,162.651,75.26774193548388
1984-04-01,226.666,105.35666666666665
1984-05-01,232.24800000000002,140.06129032258065
1984-06-01,189.654,123.75
1984-07-01,127.898,90.47741935483872
1984-08-01,145.674,69.79032258064517
1984-09-01,210.858,80.88666666666667
1984-10-01,335.217,161.6483870967742
1984-11-01,253.705,270.65333333333336
1984-12-01,162.905,130.51290322580647
1985-01-01,136.573,122.68387096774192
1985-02-01,40.855,69.36785714285715
1985-03-01,163.552,56.593548387096774
1985-04-01,194.591,90.81666666666666
1985-05-01,166.69899999999998,93.32903225806452
1985-06-01,72.181,59.25666666666667
1985-07-01,84.386,36.39032258064516
1985-08-01,160.596,43.76774193548387
1985-09-01,176.238,47.913333333333334
1985-10-01,271.162,127.04193548387097
1985-11-01,187.425,128.91333333333333
1985-12-01,136.234,101.14838709677419
1986-01-01,160.393,91.83870967741936
1986-02-01,197.775,130.93571428571428
1986-03-01,182.392,128.49032258064514
1986-04-01,255.32999999999998,117.46000000000001
1986-05-01,218.058,97.2258064516129
1986-06-01,123.66,81.87666666666668
1986-07-01,36.16,48.84838709677419
1986-08-01,107.294,34.86774193548387
1986-09-01,151.41,33.60666666666667
1986-10-01,387.11,117.34193548387097
1986-11-01,201.666,107.22666666666667
1986-12-01,78.633,60.28709677419355
1987-01-01,84.263,44.358064516129026
1987-02-01,61.082,31.182142857142857
1987-03-01,185.973,42.00645161290323
1987-04-01,203.71,51.65
1987-05-01,212.256,89.99354838709678
1987-06-01,75.922,46.263333333333335
1987-07-01,142.847,35.5258064516129
1987-08-01,81.934,37.26451612903226
1987-09-01,188.827,35.49333333333333
1987-10-01,254.168,91.29677419354839
1987-11-01,216.547,130.72333333333333
1987-12-01,99.042,116.31612903225808
1988-01-01,70.58500000000001,51.21935483870968
1988-02-01,118.542,44.05862068965517
1988-03-01,89.383,56.751612903225805
1988-04-01,258.562,83.79333333333334
1988-05-01,169.616,76.9483870967742
1988-06-01,138.71,91.13666666666667
1988-07-01,104.971,87.41612903225807
1988-08-01,175.327,71.52580645161291
1988-09-01,176.654,120.36666666666666
1988-10-01,228.09199999999998,154.90645161290323
1988-11-01,347.587,267.0466666666667
1988-12-01,226.398,241.03870967741935
1989-01-01,162.691,133.88064516129032
1989-02-01,131.175,109.46785714285714
1989-03-01,208.924,112.29354838709678
1989-04-01,140.526,73.08
1989-05-01,178.435,93.84516129032258
1989-06-01,133.135,61.14333333333333
1989-07-01,82.622,46.29677419354839
1989-08-01,102.565,36.49677419354839
1989-09-01,172.245,49.156666666666666
1989-10-01,272.842,67.71290322580644
1989-11-01,191.60399999999998,116.58
1989-12-01,142.748,97.8967741935484
1990-01-01,99.674,73.06451612903226
1990-02-01,,
1990-03-01,171.641,79.48064516129033
1990-04-01,249.408,108.42
1990-05-01,122.575,101.75806451612904
1990-06-01,104.062,55.34
1990-07-01,98.054,37.483870967741936
1990-08-01,56.977999999999994,23.32903225806452
1990-09-01,135.662,21.793333333333333
1990-10-01,282.218,80.29677419354839
1990-11-01,181.458,78.68333333333334
1990-12-01,186.562,113.6258064516129
1991-01-01,84.555,71.3258064516129
1991-02-01,82.602,35.90714285714286
1991-03-01,224.017,101.05806451612904
1991-04-01,166.756,102.28333333333333
1991-05-01,185.86,92.91935483870968
1991-06-01,117.58,56.93666666666666
1991-07-01,97.776,38.49677419354839
1991-08-01,49.886,31.967741935483872
1991-09-01,162.362,28.216666666666665
1991-10-01,150.482,42.65161290322581
1991-11-01,207.975,92.26
1991-12-01,157.002,104.97741935483872
1992-01-01,90.05799999999999,52.86774193548387
1992-02-01,111.351,42.87241379310345
1992-03-01,120.986,29.516129032258064
1992-04-01,171.683,32.02333333333333
1992-05-01,159.558,28.161290322580644
1992-06-01,80.033,28.38
1992-07-01,75.46,18.36774193548387
1992-08-01,,
1992-09-01,,
1992-10-01,174.584,28.16774193548387
1992-11-01,260.565,81.25333333333333
1992-12-01,182.082,108.16774193548386
1993-01-01,131.054,83.57096774193548
1993-02-01,116.679,62.30357142857143
1993-03-01,206.101,59.670967741935485
1993-04-01,266.272,110.02
1993-05-01,254.65,148.6483870967742
1993-06-01,97.53,73.90666666666667
1993-07-01,76.515,40.725806451612904
1993-08-01,74.718,24.983870967741936
1993-09-01,204.954,37.083333333333336
1993-10-01,167.952,41.561290322580646
1993-11-01,309.602,137.36333333333332
1993-12-01,170.12199999999999,156.0258064516129
1994-01-01,160.875,94.19677419354838
1994-02-01,137.301,92.66071428571429
1994-03-01,246.239,119.48709677419355
1994-04-01,237.18900000000002,157.55333333333334
1994-05-01,204.664,106.8967741935484
1994-06-01,88.271,57.9
1994-07-01,69.15899999999999,37.88709677419355
1994-08-01,77.747,27.929032258064513
1994-09-01,122.827,24.71333333333333
1994-10-01,272.492,88.96451612903226
1994-11-01,297.405,117.57333333333332
1994-12-01,103.92,69.48709677419355
1995-01-01,43.699,32.877419354838715
1995-02-01,60.266,25.792857142857144
1995-03-01,172.47299999999998,34.00645161290323
1995-04-01,253.916,89.51
1995-05-01,193.271,106.63548387096773
1995-06-01,144.514,65.28666666666666
1995-07-01,145.528,45.44516129032258
1995-08-01,103.837,46.4483870967742
1995-09-01,127.104,32.10666666666667
1995-10-01,215.73,61.725806451612904
1995-11-01,186.926,87.62333333333332
1995-12-01,174.552,132.31935483870967
1996-01-01,,
1996-02-01,153.083,113.65172413793104
1996-03-01,221.514,243.88709677419354
1996-04-01,209.428,133.34666666666666
1996-05-01,281.147,146.7774193548387
1996-06-01,189.007,131.20333333333332
1996-07-01,90.85300000000001,90.67096774193548
1996-08-01,105.84,49.693548387096776
1996-09-01,131.538,38.473333333333336
1996-10-01,257.767,85.22258064516129
1996-11-01,188.433,82.70666666666666
1996-12-01,139.728,89.30967741935484
1997-01-01,197.573,179.1451612903226
1997-02-01,114.623,124.83214285714287
1997-03-01,176.566,100.42258064516129
1997-04-01,205.097,99.47
1997-05-01,184.50900000000001,72.31612903225808
1997-06-01,175.546,86.37666666666668
1997-07-01,36.104,37.225806451612904
1997-08-01,39.717,24.64516129032258
1997-09-01,154.664,25.85666666666667
1997-10-01,176.099,29.18064516129032
1997-11-01,264.493,90.82
1997-12-01,68.974,37.63548387096775
1998-01-01,50.721000000000004,22.29032258064516
1998-02-01,125.22800000000001,21.335714285714285
1998-03-01,199.909,34.25806451612903
1998-04-01,239.365,70.83333333333333
1998-05-01,249.776,106.65806451612903
1998-06-01,97.17999999999999,54.440000000000005
1998-07-01,121.511,36.05483870967742
1998-08-01,123.619,27.4741935483871
1998-09-01,179.281,38.776666666666664
1998-10-01,250.25300000000001,81.88387096774194
1998-11-01,239.117,172.36666666666667
1998-12-01,180.878,154.31290322580645
1999-01-01,163.458,174.2064516129032
1999-02-01,275.388,231.78928571428574
1999-03-01,193.692,226.2064516129032
1999-04-01,264.86,174.01333333333332
1999-05-01,157.781,147.93870967741935
1999-06-01,194.872,122.54333333333334
1999-07-01,59.153,82.1258064516129
1999-08-01,122.681,64.05806451612904
1999-09-01,262.241,112.37333333333332
1999-10-01,259.149,179.09354838709677
1999-11-01,277.906,328.4566666666667
1999-12-01,204.186,261.2451612903226
2000-01-01,159.224,199.25806451612902
2000-02-01,186.132,184.4
2000-03-01,196.739,178.7741935483871
2000-04-01,224.19400000000002,137.93333333333334
2000-05-01,262.675,180.4774193548387
2000-06-01,168.307,141.61333333333332
2000-07-01,89.245,83.23225806451612
2000-08-01,90.208,54.42903225806452
2000-09-01,224.154,90.96666666666667
2000-10-01,188.101,79.3258064516129
2000-11-01,220.339,205.93666666666664
2000-12-01,132.781,99.88709677419355
2001-01-01,98.242,77.67096774193548
2001-02-01,128.562,60.93214285714286
2001-03-01,177.183,89.09677419354838
2001-04-01,143.74699999999999,62.343333333333334
2001-05-01,195.589,73.76774193548388
2001-06-01,87.237,63.35666666666667
2001-07-01,101.807,40.92903225806452
2001-08-01,30.124,29.212903225806453
2001-09-01,181.975,39.05333333333333
2001-10-01,177.84799999999998,55.599999999999994
2001-11-01,193.668,88.80333333333333
2001-12-01,180.896,144.91935483870967
2002-01-01,66.462,70.09677419354838
2002-02-01,65.814,41.13928571428572
2002-03-01,182.95000000000002,45.983870967741936
2002-04-01,312.582,136.76000000000002
2002-05-01,168.773,85.37096774193549
2002-06-01,109.152,88.88333333333334
2002-07-01,79.658,50.26129032258064
2002-08-01,61.774,33.170967741935485
2002-09-01,151.375,37.44666666666667
2002-10-01,237.477,59.78387096774193
2002-11-01,169.497,118.53999999999999
2002-12-01,140.302,73.06774193548387
2003-01-01,54.709999999999994,37.903225806451616
2003-02-01,111.952,34.04642857142857
2003-03-01,181.479,57.24193548387097
2003-04-01,235.89,105.82666666666665
2003-05-01,158.791,67.79032258064517
2003-06-01,167.428,92.76666666666667
2003-07-01,68.617,47.13225806451613
2003-08-01,90.363,33.75806451612903
2003-09-01,133.772,33.21
2003-10-01,296.499,93.72258064516129
2003-11-01,202.026,111.06333333333333
2003-12-01,209.929,107.33870967741936
2004-01-01,116.267,88.56451612903226
2004-02-01,,
2004-03-01,95.114,42.08387096774193
2004-04-01,,
2004-05-01,232.165,88.26129032258065
2004-06-01,63.977999999999994,46.54666666666667
2004-07-01,114.335,32.69032258064516
2004-08-01,,
2004-09-01,186.131,44.166666666666664
2004-10-01,258.838,80.56774193548387
2004-11-01,270.653,147.37333333333333
2004-12-01,138.101,111.25161290322582
2005-01-01,116.333,85.52903225806452
2005-02-01,114.11999999999999,70.05714285714285
2005-03-01,154.275,71.96774193548387
2005-04-01,175.22,62.50666666666667
2005-05-01,209.769,117.52580645161291
2005-06-01,135.248,73.21333333333334
2005-07-01,81.689,41.75483870967742
2005-08-01,87.399,27.63225806451613
2005-09-01,124.635,29.113333333333333
2005-10-01,312.954,137.55483870967743
2005-11-01,254.326,225.55
2005-12-01,174.963,236.0225806451613
2006-01-01,160.324,206.07096774193548
2006-02-01,95.306,103.825
2006-03-01,228.757,137.74548387096772
2006-04-01,268.059,193.97333333333333
2006-05-01,239.208,214.67419354838708
2006-06-01,172.17499999999998,177.43533333333335
2006-07-01,74.08699999999999,66.98967741935483
2006-08-01,60.987,45.20193548387097
2006-09-01,98.523,34.52733333333333
2006-10-01,210.372,67.48774193548387
2006-11-01,238.727,163.33533333333332
2006-12-01,192.004,189.95709677419356
2007-01-01,84.63,93.52290322580646
2007-02-01,58.105,61.43357142857143
2007-03-01,208.03199999999998,79.62935483870969
2007-04-01,271.18399999999997,180.22033333333331
2007-05-01,262.324,206.06451612903226
2007-06-01,75.896,138.33533333333332
2007-07-01,109.45100000000001,72.20870967741935
2007-08-01,117.495,59.58032258064516
2007-09-01,108.623,43.544333333333334
2007-10-01,306.235,183.53516129032258
2007-11-01,,
2007-12-01,,
2008-01-01,,
2008-02-01,136.333,180.69551724137932
2008-03-01,181.289,224.1709677419355
2008-04-01,227.105,227.78333333333333
2008-05-01,284.308,344.1322580645161
2008-06-01,171.197,221.66666666666666
2008-07-01,127.327,123.9358064516129
2008-08-01,171.76,102.0425806451613
2008-09-01,138.428,106.479
2008-10-01,203.86,116.47774193548386
2008-11-01,,
2008-12-01,,
2009-01-01,166.846,197.99032258064514
2009-02-01,133.401,153.82857142857142
2009-03-01,219.603,157.14354838709676
2009-04-01,197.25,218.37333333333333
2009-05-01,186.333,194.62
2009-06-01,170.197,116.291
2009-07-01,55.403999999999996,70.51225806451613
2009-08-01,90.072,42.70161290322581
2009-09-01,75.679,32.347
2009-10-01,204.737,53.869677419354836
2009-11-01,179.075,113.13266666666667
2009-12-01,116.557,72.69387096774194
2010-01-01,48.772999999999996,46.19064516129033
2010-02-01,98.887,32.56321428571429
2010-03-01,124.299,32.17161290322581
2010-04-01,309.196,92.41033333333333
2010-05-01,204.487,122.07387096774194
2010-06-01,158.846,116.86966666666666
2010-07-01,235.14000000000001,180.9609677419355
2010-08-01,113.704,119.7683870967742
2010-09-01,174.912,114.47233333333334
2010-10-01,289.183,216.17419354838708
2010-11-01,396.033,508.76666666666665
2010-12-01,250.315,439.72258064516126
2011-01-01,76.164,149.08193548387098
2011-02-01,221.13899999999998,162.92785714285714
2011-03-01,180.217,270.31935483870967
2011-04-01,,
2011-05-01,,
2011-06-01,137.434,175.15666666666667
2011-07-01,137.622,111.54096774193549
2011-08-01,78.522,72.71
2011-09-01,132.001,65.66799999999999
2011-10-01,332.02,240.41064516129032
2011-11-01,,
2011-12-01,,
2012-01-01,198.444,217.76129032258066
2012-02-01,99.012,141.32413793103447
2012-03-01,174.37199999999999,131.2741935483871
2012-04-01,315.418,213.2866666666667
2012-05-01,179.4,170.86451612903227
2012-06-01,92.12400000000001,80.17
2012-07-01,75.306,61.13709677419355
2012-08-01,82.908,52.16129032258065
2012-09-01,75.858,34.733
2012-10-01,280.027,78.57322580645162
2012-11-01,209.334,88.42333333333333
2012-12-01,150.625,137.57096774193548
2013-01-01,50.501,59.784838709677416
2013-02-01,198.41299999999998,99.3875
2013-03-01,221.262,95.91451612903225
2013-04-01,195.618,91.98166666666665
2013-05-01,251.428,155.5677419354839
2013-06-01,92.412,89.46833333333333
2013-07-01,56.07,56.898387096774194
2013-08-01,112.787,49.75645161290323
2013-09-01,138.051,43.71
2013-10-01,240.899,65.0516129032258
2013-11-01,282.707,164.10666666666665
2013-12-01,233.39600000000002,249.11290322580646
2014-01-01,118.009,114.92903225806452
2014-02-01,173.211,93.84107142857144
2014-03-01,218.124,181.34677419354838
2014-04-01,204.463,98.565
2014-05-01,246.965,163.51612903225808
2014-06-01,77.191,80.83500000000001
2014-07-01,30.968999999999998,58.99516129032258
2014-08-01,53.333,36.190000000000005
2014-09-01,137.27,41.21033333333333
2014-10-01,262.573,84.26612903225806
2014-11-01,202.735,137.725
2014-12-01,149.433,128.5016129032258
2015-01-01,115.266,59.791935483870965
2015-02-01,122.874,59.4125
2015-03-01,359.334,64.45
2015-04-01,191.673,92.77
2015-05-01,122.873,54.16451612903226
2015-06-01,36.464999999999996,34.732
2015-07-01,72.995,29.54741935483871
2015-08-01,65.738,23.969354838709677
2015-09-01,,
2015-10-01,239.947,37.086129032258064
2015-11-01,239.668,62.43833333333334
2015-12-01,170.655,29.698709677419355
2016-01-01,73.963,28.764290322580646
2016-02-01,136.87699999999998,25.744
2016-03-01,173.209,39.09290322580645
2016-04-01,277.097,60.25946666666667
2016-05-01,201.26500000000001,87.72587096774194
2016-06-01,69.129,51.044200000000004
2016-07-01,90.042,39.16296774193548
2016-08-01,66.461,27.54174193548387
2016-09-01,149.69199999999998,33.002766666666666
2016-10-01,275.01,65.4863870967742
2016-11-01,345.396,120.72043333333333
2016-12-01,261.109,124.10351612903226
2017-01-01,176.378,161.06845161290323
2017-02-01,87.491,72.00782142857143
2017-03-01,316.73,149.33938709677417
2017-04-01,242.938,152.25126666666665
2017-05-01,296.356,292.92270967741933
2017-06-01,184.656,120.25976666666666
2017-07-01,47.836,57.24148387096775
2017-08-01,150.629,47.96983870967742
2017-09-01,159.416,40.390433333333334
2017-10-01,270.849,66.8808064516129
2017-11-01,318.547,231.24266666666665
2017-12-01,151.687,172.57754838709675
2018-01-01,178.525,148.03483870967742
2018-02-01,147.494,125.83046428571427
2018-03-01,162.53,85.00948387096774
2018-04-01,284.836,209.58976666666666
2018-05-01,242.129,177.21432258064516
2018-06-01,111.889,93.12166666666667
2018-07-01,75.458,47.92490322580645
2018-08-01,82.735,34.905419354838706
2018-09-01,168.469,50.52653333333333
2018-10-01,242.192,121.32032258064515
2018-11-01,362.473,202.68733333333333
2018-12-01,105.75,204.411935483871
2019-01-01,79.125,54.24029032258065
2019-02-01,168.416,55.00582142857143
2019-03-01,242.642,94.76990322580646
2019-04-01,307.061,186.14856666666668
2019-05-01,263.148,132.8004193548387
2019-06-01,108.964,127.05306666666667
2019-07-01,72.401,49.96338709677419
2019-08-01,40.559,21.03651612903226
2019-09-01,141.576,20.328466666666667
2019-10-01,274.846,54.01241935483871
2019-11-01,274.534,133.49460000000002
2019-12-01,161.092,102.59725806451613
2020-01-01,97.364,80.76616129032259
2020-02-01,99.04400000000001,48.78706896551724
2020-03-01,98.66199999999999,44.3806129032258
2020-04-01,207.071,61.20816666666667
2020-05-01,137.337,43.50574193548387
2020-06-01,134.802,50.955799999999996
2020-07-01,135.582,48.322806451612905
2020-08-01,196.955,59.697935483870964
2020-09-01,71.10600000000001,68.44546666666666
2020-10-01,182.919,42.00803225806452
2020-11-01,260.048,131.0942
2020-12-01,184.155,126.11322580645161
2021-01-01,85.473,101.43512903225806
2021-02-01,153.589,125.97932142857142
2021-03-01,190.05,275.01987096774195
2021-04-01,253.524,116.61963333333333
2021-05-01,171.625,151.809935483871
2021-06-01,,
2021-07-01,68.515,58.91083870967742
2021-08-01,142.65099999999998,79.12309677419354
2021-09-01,96.973,74.15386666666667
2021-10-01,258.267,122.41738709677419
2021-11-01,236.704,269.6451
2021-12-01,159.917,146.87048387096772
2022-01-01,114.026,115.22283870967742
2022-02-01,296.421,124.17585714285714
2022-03-01,,
2022-04-01,287.539,249.1409
2022-05-01,184.506,148.98570967741935
2022-06-01,190.402,193.64853333333335
2022-07-01,123.6,115.69006451612904
2022-08-01,93.918,98.01458064516129
2022-09-01,137.258,73.93113333333332
2022-10-01,407.574,204.27548387096775
2022-11-01,304.949,296.5022
2022-12-01,208.123,189.91367741935483
