gauge_id,lon_centro,lat_centro,area_interseccion_km2,peso_area
12027050,-76.65,8.250000000000004,51.329201125754935,0.050813250508547674
12027050,-76.65,8.349999999999998,55.57513911825458,0.05501650920193868
12027050,-76.65,8.450000000000006,6.219752308343962,0.006157232631980712
12027050,-76.55,7.849999999999997,0.809662174060598,0.000801523615710304
12027050,-76.55,8.05,5.550982052812994,0.005495184718090435
12027050,-76.55,8.149999999999995,69.51016052693112,0.06881145862938588
12027050,-76.55,8.250000000000004,118.1278978386704,0.11694050040285338
12027050,-76.55,8.349999999999998,121.82029783244515,0.12059578514811496
12027050,-76.55,8.450000000000006,22.027548177772555,0.021806131774855235
12027050,-76.45,7.849999999999997,14.190709027656913,0.014048066926847859
12027050,-76.45,7.9500000000000055,50.63928943690245,0.05013027367069375
12027050,-76.45,8.05,76.47900008257834,0.07571024883707725
12027050,-76.45,8.149999999999995,115.51182087201344,0.11435071970607799
12027050,-76.45,8.250000000000004,119.21897900683325,0.1180206142465734
12027050,-76.45,8.349999999999998,120.32455263817933,0.11911507487820489
12027050,-76.45,8.450000000000006,57.82968920493552,0.057248397012892825
12027050,-76.35000000000001,8.149999999999995,0.38880864035128615,0.00038490041552866945
12027050,-76.35000000000001,8.250000000000004,2.305586058165023,0.002282410779305329
12027050,-76.35000000000001,8.349999999999998,2.2930980859319585,0.0022700483336115444
12027050,-76.35000000000001,8.450000000000006,0.0016855040509328246,1.668561709413549e-06
21197010,-74.55,3.849999999999997,25.295921780002427,0.02685483871403124
21197010,-74.55,3.9500000000000055,14.936241061265793,0.015856719837396064
21197010,-74.55,4.05,1.0362447519305982,0.0011001056187387869
21197010,-74.45,3.7500000000000027,45.00979075801151,0.04778361831883309
21197010,-74.45,3.849999999999997,110.20761530673539,0.11699940250685324
21197010,-74.45,3.9500000000000055,122.64768343133437,0.1302061172485856
21197010,-74.45,4.05,42.60231422045756,0.04522777573337189
21197010,-74.35000000000001,3.7500000000000027,13.241194100935433,0.014057211872109482
21197010,-74.35000000000001,3.849999999999997,105.84762606501887,0.11237071931833346
21197010,-74.35000000000001,3.9500000000000055,122.80614216321469,0.13037434134907439
21197010,-74.35000000000001,4.05,101.5423181835824,0.1078000873494433
21197010,-74.35000000000001,4.149999999999994,33.352165682301994,0.03540756640344821
21197010,-74.25,3.849999999999997,3.0882381887478623,0.003278557673865793
21197010,-74.25,3.9500000000000055,58.20066470323892,0.06178740894472919
21197010,-74.25,4.05,75.29284246455896,0.07993292983318591
21197010,-74.25,4.149999999999994,66.2092580276375,0.07028954948435616
21197010,-74.25,4.250000000000003,0.6339794148596153,0.0006730497936442162
22027020,-76.15,3.05,0.18779513235358755,0.0002048563315074825
22027020,-76.15,3.149999999999994,0.6874786259390404,0.0007499361007638289
22027020,-76.05,2.9500000000000055,7.150402222754136,0.007800016697974748
22027020,-76.05,3.05,73.05623321743448,0.07969339643212967
22027020,-76.05,3.149999999999994,32.62232002266125,0.0355860597734913
22027020,-75.95,2.849999999999997,0.16546819953358918,0.00018050099548787185
22027020,-75.95,2.9500000000000055,81.61638229038384,0.08903123556706442
22027020,-75.95,3.05,122.92103577368641,0.1340884193222081
22027020,-75.95,3.149999999999994,19.350052207229453,0.02110800562278559
22027020,-75.85000000000001,2.849999999999997,22.066642181226573,0.02407139796053393
22027020,-75.85000000000001,2.9500000000000055,122.93197947225427,0.134100357256454
22027020,-75.85000000000001,3.05,122.92103577368641,0.1340884193222081
22027020,-75.85000000000001,3.149999999999994,20.886558760735102,0.02278410388978287
22027020,-75.75,2.849999999999997,0.7088452706763465,0.0007732439064702453
22027020,-75.75,2.9500000000000055,75.44206128378069,0.08229597712287427
22027020,-75.75,3.05,122.4737733725937,0.13360052310487394
22027020,-75.75,3.149999999999994,8.410667614168934,0.009174777276566206
22027020,-75.65,2.9500000000000055,1.4646190867910152,0.001597679819575551
22027020,-75.65,3.05,53.76453359441488,0.0586490447293653
22027020,-75.65,3.149999999999994,27.888387109104986,0.030422048767882622
23107020,-75.15,6.55,2.347722390590129,0.0009720141200365538
23107020,-75.15,6.649999999999994,3.710693871382647,0.001536317433685339
23107020,-75.05,6.55,18.65592026759117,0.007724004335034084
23107020,-75.05,6.649999999999994,80.64274510110113,0.0333880561138558
23107020,-75.05,6.750000000000003,40.78929163606504,0.016887757928899832
23107020,-75.05,6.849999999999997,19.55785322322505,0.008097426495897859
23107020,-74.95,6.55,56.122779436974426,0.02323619448665902
23107020,-74.95,6.649999999999994,122.28454715341282,0.05062877407133111
23107020,-74.95,6.750000000000003,122.26013994242382,0.05061866889287939
23107020,-74.95,6.849999999999997,28.80742575840625,0.011926974292747257
23107020,-74.85000000000001,6.55,40.571344858436746,0.016797522666792068
23107020,-74.85000000000001,6.649999999999994,122.28454715341282,0.05062877407133111
23107020,-74.85000000000001,6.750000000000003,122.26013994242382,0.05061866889287939
23107020,-74.85000000000001,6.849999999999997,92.1890401914257,0.038168502859556065
23107020,-74.85000000000001,6.9500000000000055,2.7762603019677883,0.001149439228941936
23107020,-74.75,6.4500000000000055,29.762009728961143,0.012322195253223202
23107020,-74.75,6.55,113.03655760030871,0.046799881667528555
23107020,-74.75,6.649999999999994,122.28454715341282,0.05062877407133111
23107020,-74.75,6.750000000000003,122.26013994242382,0.05061866889287939
23107020,-74.75,6.849999999999997,122.17420429090812,0.05058308944489074
23107020,-74.75,6.9500000000000055,45.299924592709544,0.018755269582634418
23107020,-74.65,6.4500000000000055,62.47110829951152,0.025864556901974475
23107020,-74.65,6.55,114.85490111805413,0.04755272007014787
23107020,-74.65,6.649999999999994,122.28454715341282,0.05062877407133111
23107020,-74.65,6.750000000000003,122.26013994242382,0.05061866889287939
23107020,-74.65,6.849999999999997,122.23536973314857,0.0506084134243162
23107020,-74.65,6.9500000000000055,64.72505633565203,0.026797746160524986
23107020,-74.55,6.55,6.129111764233667,0.0025376012095790273
23107020,-74.55,6.649999999999994,86.74793265778864,0.03591575212014557
23107020,-74.55,6.750000000000003,120.55490260667713,0.049912659198120435
23107020,-74.55,6.849999999999997,63.32226787656699,0.026216957650299022
23107020,-74.55,6.9500000000000055,11.402540135986555,0.004720928701317408
23107020,-74.45,6.649999999999994,3.3515047711760735,0.0013876044178009295
23107020,-74.45,6.750000000000003,75.22425953795296,0.031144671419948124
23107020,-74.45,6.849999999999997,9.675690426398232,0.004005970958601091
23147020,-73.95,6.55,0.002829815981252119,1.6047497781697662e-06
23147020,-73.95,6.649999999999994,3.388357773211982,0.001921491157356386
23147020,-73.95,6.750000000000003,26.464747921243692,0.015007795078301541
23147020,-73.95,6.849999999999997,0.05060500119814277,2.869740116849146e-05
23147020,-73.85000000000001,6.250000000000003,0.8301615274490043,0.00047077320074692626
23147020,-73.85000000000001,6.349999999999997,43.86505094304351,0.02487526794555304
23147020,-73.85000000000001,6.4500000000000055,10.82158288437787,0.006136771029707436
23147020,-73.85000000000001,6.55,66.33503224187402,0.037617685736557965
23147020,-73.85000000000001,6.649999999999994,112.38297035743685,0.0637308390177928
23147020,-73.85000000000001,6.750000000000003,56.512107420609965,0.03204723997883526
23147020,-73.85000000000001,6.849999999999997,0.4123655713198781,0.00023384685205135467
23147020,-73.75,6.05,0.3220999230608866,0.00018265844263546296
23147020,-73.75,6.149999999999994,10.510480284649326,0.005960349018096096
23147020,-73.75,6.250000000000003,104.18377566164745,0.05908118831385663
23147020,-73.75,6.349999999999997,122.35559023580741,0.06938617478648312
23147020,-73.75,6.4500000000000055,121.30618186866359,0.06879106971408953
23147020,-73.75,6.55,84.48684802935088,0.04791133117192055
23147020,-73.75,6.649999999999994,33.063586866820934,0.018749906015638012
23147020,-73.65,6.05,9.655463678295076,0.005475480843462587
23147020,-73.65,6.149999999999994,91.6128117206017,0.051952367312977574
23147020,-73.65,6.250000000000003,122.37854489704608,0.0693991920596114
23147020,-73.65,6.349999999999997,122.35559023580741,0.06938617478648312
23147020,-73.65,6.4500000000000055,122.33227235534191,0.06937295153671977
23147020,-73.65,6.55,53.45008103918123,0.03031080687191164
23147020,-73.55,6.149999999999994,0.13042956969196723,7.396481764773614e-05
23147020,-73.55,6.250000000000003,77.27605595885174,0.043822190022027925
23147020,-73.55,6.349999999999997,122.35559023580741,0.06938617478648312
23147020,-73.55,6.4500000000000055,122.33227235534191,0.06937295153671977
23147020,-73.55,6.55,35.322443667484066,0.02003087268407046
23147020,-73.45,6.250000000000003,0.7731939340614173,0.00043846766093187965
23147020,-73.45,6.349999999999997,20.390505139433767,0.01156317542061422
23147020,-73.45,6.4500000000000055,45.15714120882018,0.025607994589659053
23147020,-73.45,6.55,20.583368282241686,0.01167254546011099
24037290,-73.45,5.55,24.185485554112255,0.010346359556220259
24037290,-73.45,5.649999999999994,4.7741890444048085,0.002042360337660496
24037290,-73.35000000000001,5.4500000000000055,20.357808845659566,0.008708909714578043
24037290,-73.35000000000001,5.55,121.4917015872622,0.051973189659824844
24037290,-73.35000000000001,5.649999999999994,92.45242043777087,0.03955041471265324
24037290,-73.35000000000001,5.750000000000003,29.77944733101348,0.012739412189299687
24037290,-73.25,5.4500000000000055,40.75793880977119,0.017435924069120694
24037290,-73.25,5.55,120.77003329529906,0.05166446566864144
24037290,-73.25,5.649999999999994,122.5086423457117,0.05240822887831616
24037290,-73.25,5.750000000000003,117.45542752958563,0.05024650352095321
24037290,-73.25,5.849999999999997,15.411122159923504,0.006592756249389885
24037290,-73.15,5.4500000000000055,38.69628423811622,0.016553964538833704
24037290,-73.15,5.55,122.52905303270435,0.052416960408884064
24037290,-73.15,5.649999999999994,122.5086423457117,0.05240822887831616
24037290,-73.15,5.750000000000003,122.48786808552838,0.052399341814010986
24037290,-73.15,5.849999999999997,67.01868366314879,0.02867006315056691
24037290,-73.05,5.4500000000000055,52.22037257572159,0.022339462634287852
24037290,-73.05,5.55,122.52905303270435,0.052416960408884064
24037290,-73.05,5.649999999999994,122.5086423457117,0.05240822887831616
24037290,-73.05,5.750000000000003,122.48786808552838,0.052399341814010986
24037290,-73.05,5.849999999999997,118.29832622683516,0.05060708892130422
24037290,-73.05,5.9500000000000055,32.065498824891144,0.013717366949264025
24037290,-72.95,5.4500000000000055,28.294694158154705,0.012104246517547285
24037290,-72.95,5.55,122.52905303270435,0.052416960408884064
24037290,-72.95,5.649999999999994,122.5086423457117,0.05240822887831616
24037290,-72.95,5.750000000000003,117.82260507709405,0.05040357917357939
24037290,-72.95,5.849999999999997,51.96604481510122,0.022230663228519493
24037290,-72.95,5.9500000000000055,13.066648303751931,0.005589808864610795
24037290,-72.85000000000001,5.4500000000000055,10.73380416669888,0.004591836581748468
24037290,-72.85000000000001,5.55,62.53372025276096,0.02675143125307852
24037290,-72.85000000000001,5.649999999999994,46.013347661338514,0.019684146436689115
24037290,-72.85000000000001,5.750000000000003,8.8210271756129,0.0037735657036897176
26127040,-75.95,4.250000000000003,9.12620824387002,0.0032825932184813943
26127040,-75.95,4.349999999999997,28.50389022466776,0.01025252484400411
26127040,-75.95,4.4500000000000055,28.354335190866443,0.010198731600783334
26127040,-75.95,4.55,6.8958907915711105,0.002480373419377567
26127040,-75.95,4.649999999999994,0.5489130478317961,0.00019743777483478933
26127040,-75.85000000000001,4.05,2.1384104146266916,0.0007691618838632694
26127040,-75.85000000000001,4.149999999999994,76.66602497798598,0.027575896468251388
26127040,-75.85000000000001,4.250000000000003,113.03515120129492,0.040657457168218704
26127040,-75.85000000000001,4.349999999999997,122.74560624206448,0.04415019730885806
26127040,-75.85000000000001,4.4500000000000055,122.72956187115764,0.044144426331281586
26127040,-75.85000000000001,4.55,118.25888319638241,0.042536374103272885
26127040,-75.85000000000001,4.649999999999994,112.36751262411885,0.04041731517197324
26127040,-75.85000000000001,4.750000000000003,97.19273210937713,0.03495911936068508
26127040,-75.85000000000001,4.849999999999997,3.6549443674916606,0.0013146418834693613
26127040,-75.75,4.05,11.722028094199526,0.004216280069514463
26127040,-75.75,4.149999999999994,113.94618000248897,0.0409851438574469
26127040,-75.75,4.250000000000003,122.761286492486,0.04415583731644087
26127040,-75.75,4.349999999999997,122.74560624206448,0.04415019730885806
26127040,-75.75,4.4500000000000055,122.72956187115764,0.044144426331281586
26127040,-75.75,4.55,122.71315341678238,0.044138524397026015
26127040,-75.75,4.649999999999994,122.69638091682053,0.044132491519717
26127040,-75.75,4.750000000000003,122.67924440998745,0.044126327713280025
26127040,-75.75,4.849999999999997,16.77790405538516,0.0060348210999384274
26127040,-75.65,4.149999999999994,13.954208894481551,0.005019170093676671
26127040,-75.65,4.250000000000003,83.79613404964309,0.030140515536786816
26127040,-75.65,4.349999999999997,122.7143850795211,0.04413896741209268
26127040,-75.65,4.4500000000000055,122.72956187115764,0.044144426331281586
26127040,-75.65,4.55,122.71315341678238,0.044138524397026015
26127040,-75.65,4.649999999999994,122.69638091682053,0.044132491519717
26127040,-75.65,4.750000000000003,88.65512536182362,0.03188823940017086
26127040,-75.65,4.849999999999997,3.6047061304505768,0.0012965717614852074
26127040,-75.55,4.250000000000003,0.2356514075706713,8.476112880030595e-05
26127040,-75.55,4.349999999999997,9.631708750938115,0.003464415996583703
26127040,-75.55,4.4500000000000055,41.86195479364266,0.015057268609916595
26127040,-75.55,4.55,106.53163221409083,0.03831821542036568
26127040,-75.55,4.649999999999994,118.38857348450266,0.04258302222359957
26127040,-75.55,4.750000000000003,6.613334794397503,0.0023787412436285277
26127040,-75.45,4.55,8.493891389175872,0.0030551560437330886
26127040,-75.45,4.649999999999994,81.8901446513882,0.0294549528467823
26127040,-75.45,4.750000000000003,1.1046623208529727,0.00039733446205104277
26127040,-75.35000000000001,4.649999999999994,0.890600916013339,0.00032033901146649556
26127040,-75.35000000000001,4.750000000000003,2.6872866285976014,0.0009665864099775908
44037050,-75.75,1.55,1.3304710917181395,0.0008538898125074611
44037050,-75.75,1.6499999999999944,22.435633006876945,0.01439907907881616
44037050,-75.75,1.7500000000000029,41.43358128371274,0.026591868980913806
44037050,-75.75,1.8499999999999972,14.633980193233427,0.009392016618189874
44037050,-75.65,1.55,8.628865920274404,0.00553796376988555
44037050,-75.65,1.6499999999999944,122.04562355650414,0.07832828181290326
44037050,-75.65,1.7500000000000029,123.0348625618174,0.07896317054820166
44037050,-75.65,1.8499999999999972,113.98615855273013,0.0731557567548083
44037050,-75.65,1.9500000000000057,43.87452573344393,0.02815845514088101
44037050,-75.65,2.05,0.46055139093192854,0.00029557962085825394
44037050,-75.55,1.55,39.656481475124004,0.025451335051384163
44037050,-75.55,1.6499999999999944,122.61357884928599,0.07869279273049098
44037050,-75.55,1.7500000000000029,123.0348625618174,0.07896317054820166
44037050,-75.55,1.8499999999999972,123.02829489060736,0.07895895544907394
44037050,-75.55,1.9500000000000057,123.02136244721747,0.07895450624095265
44037050,-75.55,2.05,86.78772195285244,0.055699933720897744
44037050,-75.55,2.149999999999994,10.25870581062695,0.006583987007108316
44037050,-75.45,1.55,2.094747569960296,0.0013443987027587292
44037050,-75.45,1.6499999999999944,10.592017564506017,0.00679790485380034
44037050,-75.45,1.7500000000000029,37.92597002747872,0.024340701303105106
44037050,-75.45,1.8499999999999972,58.6594848418824,0.03764736928536778
44037050,-75.45,1.9500000000000057,112.52462522709749,0.0722177518442422
44037050,-75.45,2.05,123.01406524761295,0.07894982293408419
44037050,-75.45,2.149999999999994,67.5697352952839,0.04336592426668966
44037050,-75.35000000000001,1.9500000000000057,5.9521368663338885,0.0038200522089128657
44037050,-75.35000000000001,2.05,14.880366039455273,0.009550145844254588
44037050,-75.35000000000001,2.149999999999994,4.6513068152458095,0.0029851858707098658
