mes,P_CHIRPS_mm,P_IMERG_poligono_mm,Q_m3_s,Tmedia_ERA5_Land_C,Tmedia_estimada,diferencia_lluvia_mm,diferencia_temperatura_C,diferencia_lluvia_mm_sin_ciclo,diferencia_temperatura_C_sin_ciclo,Tmedia_ERA5_Land_C_sin_ciclo,Tmedia_estimada_sin_ciclo
1981-01-01,,,,15.56194314665794,18.041564516129032,,-2.479621369471092,,0.29082307166708166,-0.44652667999767637,-0.7619334677419332
1981-02-01,,,,15.677148670499548,18.148107142857143,,-2.4709584723575944,,0.3050600929708369,-0.5229057884010864,-0.8253210129310347
1981-03-01,,,,16.061732999510355,18.71654838709677,,-2.6548153875864138,,0.037212098124151716,-0.23332161033496135,-0.2805035405192804
1981-04-01,,,,16.307336790408556,18.4757,,-2.168363209591444,,0.21173784450197441,-0.052781866239154596,-0.27053624999999926
1981-05-01,,,,16.166009991565318,18.45177419354839,,-2.2857642019830706,,0.12559488385983375,-0.24075929458403067,-0.36262745869393953
1981-06-01,,,,16.073210948806548,18.33565,,-2.2624390511934536,,-0.011751928277841106,-0.23944064606906323,-0.2342796747967455
1981-07-01,,,,15.891943422999248,18.860419354838708,,-2.9684759318394605,,-0.1471784452745828,-0.2956999506509277,-0.148521505376344
1981-08-01,,,,16.103142966142514,18.490161290322582,,-2.387018324180069,,0.25761980119757366,-0.20903548644577796,-0.464219758064516
1981-09-01,,,,15.91426957390155,18.256733333333333,,-2.3424637594317836,,0.3171692306871128,-0.23440384941368464,-0.5305066666666676
1981-10-01,,,,15.844584584168048,17.756951612903226,,-1.9123670287351775,,0.35142825763107366,-0.11916851656247651,-0.47059677419354884
1981-11-01,,,,15.821258317620789,17.932399999999998,,-2.111141682379209,,0.21846809930471567,-0.05760170545056198,-0.2857495726495749
1981-12-01,,,,15.842366776441622,18.14990322580645,,-2.3075364493648287,,0.42108294336410657,-0.07383956416851234,-0.523480148883376
1982-01-01,,,,15.61316414910806,17.944870967741934,,-2.331706818633874,,0.4387376225042994,-0.3953056775475563,-0.8586270161290308
1982-02-01,,,,15.978509841070776,18.83219642857143,,-2.8536865875006523,,-0.07766802217222102,-0.22154461782985813,-0.14123172721674848
1982-03-01,,,,16.176626552668495,18.89467741935484,,-2.718050866686344,,-0.026023380975778387,-0.11842805717682126,-0.1023745082612102
1982-04-01,,,,16.329369449383762,18.534016666666663,,-2.2046472172829006,,0.17545383681051785,-0.030749207263948364,-0.21221958333333646
1982-05-01,,,,16.150283154499903,18.39519354838709,,-2.2449103938871886,,0.16644869195571577,-0.2564861316494458,-0.41920810385523666
1982-06-01,,,,16.42553815701899,18.680433333333333,,-2.254895176314342,,-0.00420805339872965,0.11288656214338033,0.11050365853658661
1982-07-01,,,,16.23458676329858,19.023145161290323,,-2.7885583979917428,,0.0327390885731349,0.04694338964840483,0.01420430107527082
1982-08-01,,,,16.667279981831143,19.389467741935484,,-2.7221877601043403,,-0.07754963472669774,0.35510152924285165,0.43508669354838503
1982-09-01,,,,16.239045925072332,18.72396666666667,,-2.484920741594337,,0.17471224852455958,0.09037250175709843,-0.0632733333333313
1982-10-01,,,,15.611869191669824,17.232193548387094,,-1.620324356717271,,0.6434709296489802,-0.3518839090607013,-0.9953548387096802
1982-11-01,,,,15.911957221615694,17.660166666666665,,-1.7482094450509713,,0.5814003366329534,0.03309719854434334,-0.5579829059829073
1982-12-01,,,,16.009193851170096,18.32558064516129,,-2.3163867939911924,,0.4122325987377429,0.09298751055996135,-0.34780272952853863
1983-01-01,,,,16.962938557610585,18.77390322580645,,-1.810964668195865,,0.9594797729423084,0.954468730954968,-0.029594758064515503
1983-02-01,,,,16.71572364808793,18.946285714285715,,-2.230562066197784,,0.5454564991306472,0.515669189187296,-0.02714244150246259
1983-03-01,,,,16.900573357183873,18.895725806451612,,-1.9951524492677386,,0.6968750364428269,0.6055187473385573,-0.10132612116443696
1983-04-01,,,,16.67560418936199,18.7942,,-2.118595810638009,,0.26150524345540926,0.3154855327142805,0.04796375000000097
1983-05-01,,,,16.90709624259597,19.34016129032258,,-2.433065047726611,,-0.02170596188370677,0.5003269564466208,0.5257596380802525
1983-06-01,,,,16.544550462271616,18.032216666666667,,-1.487666204395051,,0.7630209185205614,0.23189886739600496,-0.5377130081300798
1983-07-01,,,,16.46670799878723,18.690596774193548,,-2.2238887754063192,,0.5974087111585584,0.2790646251370532,-0.3183440860215043
1983-08-01,,,,16.500542007956085,18.52466129032258,,-2.0241192823664953,,0.6205188430111472,0.18836355536779337,-0.42971975806451823
1983-09-01,,,,16.047936151788406,18.12448333333333,,-2.0765471815449246,,0.5830858085739719,-0.10073727152682821,-0.6627566666666702
1983-10-01,,,,15.843200950089964,17.309758064516128,,-1.4665571144261644,,0.7972381719400867,-0.12055215064056135,-0.9177903225806467
1983-11-01,,,,15.758928671064552,17.55585,,-1.796921328935447,,0.5326884527484776,-0.11993135200679816,-0.6622995726495731
1983-12-01,,,,15.12148189797938,17.432967741935485,,-2.3114858439561043,,0.41713354877283093,-0.7947244426307538,-1.2404156327543419
1984-01-01,,,,14.842604815919572,17.436983870967744,,-2.5943790550481722,,0.17606538609000122,-1.165865010736045,-1.3665141129032214
1984-02-01,,,,15.052100921527083,17.316344827586207,,-2.2642439060591233,,0.511774659269308,-1.1479535373735512,-1.6570833282019706
1984-03-01,,,,15.692051432800326,17.938354838709675,,-2.246303405909348,,0.4457240798012174,-0.6030031770449895,-1.0586970889063743
1984-04-01,,,,15.715725798761298,17.754466666666666,,-2.038740867905368,,0.34136018618805064,-0.6443928578864124,-0.9917695833333333
1984-05-01,,,,15.551043539755426,17.437903225806455,,-1.8868596860510287,,0.5244993997918757,-0.8557257463939223,-1.376498426435873
1984-06-01,,,,15.611709180350772,17.28033333333333,,-1.6686241529825594,,0.5820629699330531,-0.7009424145248389,-1.2895963414634153
1984-07-01,,,,15.335486846144988,17.512000000000004,,-2.1765131538550158,,0.6447843327098619,-0.852156527505187,-1.496940860215048
1984-08-01,,,,15.814080692326854,17.870274193548386,,-2.056193501221532,,0.5884446241561103,-0.4980977602614374,-1.084106854838712
1984-09-01,,,,15.217725435480132,17.5213,,-2.3035745645198684,,0.356058425599028,-0.9309479878351024,-1.2659400000000005
1984-10-01,,,,15.41889698936177,17.223016129032256,,-1.8041191396704868,,0.4596761466957644,-0.5448561113687553,-1.0045322580645184
1984-11-01,,,,15.007619174979254,17.198333333333334,,-2.19071415835408,,0.13889562332984484,-0.8712408480920963,-1.0198162393162384
1984-12-01,,,,15.54231738530359,18.058790322580645,,-2.5164729372770545,,0.21214645545188082,-0.3738889553065441,-0.614593052109182
1985-01-01,,,,15.124921917452356,17.707370967741934,,-2.5824490502895774,,0.18799539084859607,-0.8835479092032603,-1.0961270161290315
1985-02-01,,,,15.465134568060025,17.729482142857144,,-2.264347574797119,,0.5116709905313122,-0.7349198908406098,-1.2439460129310334
1985-03-01,,,,16.074610895040735,19.042596774193548,,-2.9679858791528133,,-0.2759583934422478,-0.22044371480458125,0.04554484657749924
1985-04-01,,,,15.964759601224785,18.211133333333333,,-2.246373732108548,,0.13372732198487025,-0.3953590554229258,-0.5351029166666663
1985-05-01,,,,15.9962856046115,17.974870967741936,,-1.9785853631304349,,0.4327737227124695,-0.41048368153784764,-0.8395306845003923
1985-06-01,,,,16.066775631065582,17.862283333333334,,-1.7955077022677521,,0.4551794206478603,-0.24587596381002896,-0.7076463414634127
1985-07-01,,,,15.436947032227865,17.61124193548387,,-2.1742949032560066,,0.6470025833088711,-0.7506963414223105,-1.3976989247311806
1985-08-01,,,,15.512674881105056,17.43477419354839,,-1.9220993124433328,,0.7225388129343098,-0.7995035714832355,-1.5196068548387096
1985-09-01,,,,15.634429359447097,17.905966666666664,,-2.2715373072195675,,0.38809568289932894,-0.5142440638681371,-0.8812733333333362
1985-10-01,,,,15.561719295560806,17.630693548387097,,-2.0689742528262904,,0.19482103353996072,-0.40203380516971876,-0.5968548387096781
1985-11-01,,,,15.373539242892434,17.155700000000003,,-1.7821607571075688,,0.5474490245763559,-0.5053207801789164,-1.0624495726495695
1985-12-01,,,,15.393550705936434,17.611854838709675,,-2.218304132773241,,0.5103152599556942,-0.5226556346737006,-1.0615285359801518
1986-01-01,,,,15.565979064326768,17.794645161290322,,-2.228666096963554,,0.5417783441746193,-0.4424907623288483,-1.0088528225806428
1986-02-01,,,,15.322681592051026,17.692589285714284,,-2.369907693663258,,0.40611087166517335,-0.8773728668496084,-1.280838870073893
1986-03-01,,,,15.434704390647028,17.626499999999997,,-2.191795609352969,,0.5002318763575966,-0.8603502191982884,-1.3705519276160523
1986-04-01,,,,15.998875416082852,17.99656666666667,,-1.9976912505838182,,0.3824098035096002,-0.3612432405648587,-0.7496695833333291
1986-05-01,,,,16.34784557184753,18.20967741935484,,-1.861831847507311,,0.5495272383355934,-0.05892371430181953,-0.604724232887488
1986-06-01,,,,15.988625246608706,17.754633333333334,,-1.7660080867246286,,0.48467903619098385,-0.324026348266905,-0.8152963414634122
1986-07-01,,,,16.028354807726203,18.397129032258064,,-2.3687742245318617,,0.45252326203301596,-0.15928856592397267,-0.6118118279569877
1986-08-01,,,,16.170924784581132,18.336693548387096,,-2.165768763805964,,0.47886936157167836,-0.14125366800715966,-0.6176875000000024
1986-09-01,,,,16.255149330067127,18.4663,,-2.2111506699328736,,0.44848232018602285,0.10647590675189278,-0.3209400000000002
1986-10-01,,,,15.709282826972071,17.52198387096774,,-1.81270104399567,,0.45109424237058127,-0.25447027375845366,-0.7055645161290336
1986-11-01,,,,15.941650722805548,17.94111666666667,,-1.9994659438611215,,0.3301438378228032,0.06279069973419737,-0.2770329059829031
1986-12-01,,,,15.977380408625208,18.233919354838708,,-2.2565389462134995,,0.4720804465154358,0.06117406801507386,-0.43946401985111905
1987-01-01,,,,16.18979830669042,18.705096774193542,,-2.515298467503122,,0.2551459736350514,0.18132848003480362,-0.09840120967742294
1987-02-01,,,,16.85758342710369,19.22925,,-2.3716665728963093,,0.40435199243212194,0.6575289682030565,0.2558218442118232
1987-03-01,,,,16.544823546581824,18.64969354838709,,-2.104870001805267,,0.5871574839052984,0.24976893673650835,-0.3473583792289574
1987-04-01,,,,16.583078255626162,18.564633333333333,,-1.9815550777071707,,0.3985459763862478,0.22295959897845208,-0.18160291666666595
1987-05-01,,,,16.46571815564357,18.59411290322581,,-2.128394747582238,,0.28296433826066636,0.05894886949422329,-0.22028874901651818
1987-06-01,,,,16.88226794652303,18.77423333333333,,-1.891965386810302,,0.35872173610531055,0.5696163516474186,0.20430365853658472
1987-07-01,,,,16.5843436298328,18.96556451612903,,-2.38122088629623,,0.4400766002686476,0.3967002561826263,-0.043376344086020424
1987-08-01,,,,16.440803619107953,18.904580645161293,,-2.4637770260533394,,0.18086109932430317,0.1286251665196616,-0.04980040322580592
1987-09-01,,,,16.271585729528567,18.591316666666668,,-2.3197309371381003,,0.3399020529807961,0.12291230621333327,-0.195923333333333
1987-10-01,,,,16.15273451870752,18.224983870967744,,-2.0722493522602257,,0.1915459341060255,0.18898141797699353,-0.002564516129030636
1987-11-01,,,,16.343479455441184,18.4301,,-2.0866205445588157,,0.242989237125109,0.46461943236983316,0.2119504273504269
1987-12-01,,,,16.5637997831069,18.936370967741937,,-2.372571184635035,,0.35604820809390025,0.6475934424967669,0.2629875930521095
1988-01-01,,,,16.062524065480602,18.383596774193546,,-2.3210727087129435,,0.44937173242523,0.05405423882498539,-0.41990120967741973
1988-02-01,,,,16.43457250725794,18.94320689655172,,-2.508634389293782,,0.26738417603464937,0.23451804835730528,-0.030221259236455467
1988-03-01,,,,16.54096324100857,19.04674193548387,,-2.5057786944752998,,0.18624879123526572,0.24590863116325323,0.049690007867820185
1988-04-01,,,,16.30230738953236,18.28765,,-1.9853426104676402,,0.3947584436257783,-0.05781126711535123,-0.45858624999999975
1988-05-01,,,,16.379849426978637,18.40185483870968,,-2.022005411731044,,0.3893536741118604,-0.026919859170710936,-0.41254681353264644
1988-06-01,,,,15.91061821637726,17.605866666666667,,-1.695248450289407,,0.5554386726262055,-0.4020333784983503,-0.9640630081300792
1988-07-01,,,,15.816767444992024,18.153258064516127,,-2.3364906195241026,,0.484806867040775,-0.3708759286581511,-0.8556827956989252
1988-08-01,,,,15.836113259842818,18.160290322580646,,-2.324177062737828,,0.32046106263981455,-0.4760651927454731,-0.794090725806452
1988-09-01,,,,15.616875129484695,18.008516666666665,,-2.39164153718197,,0.2679914529369265,-0.5317982938305388,-0.7787233333333354
1988-10-01,,,,15.84186494018286,17.824774193548386,,-1.9829092533655253,,0.2808860330007259,-0.12188816054766427,-0.40277419354838884
1988-11-01,,,,15.578023209191484,17.78551666666667,,-2.207493457475186,,0.12211632420873864,-0.30083681387986694,-0.4326329059829028
1988-12-01,,,,15.078563480483012,17.471306451612904,,-2.3927429711298913,,0.33587642159904396,-0.8376428601271222,-1.2020769230769233
1989-01-01,,,,15.347980034002092,17.702161290322582,,-2.3541812563204907,,0.41626318481768276,-0.6604897926535251,-1.101336693548383
1989-02-01,,,,15.38482697977696,17.809464285714288,,-2.4246373059373276,,0.35138125939110365,-0.8152274791236742,-1.1639638700738892
1989-03-01,,,,15.44981022448576,17.342354838709674,,-1.8925446142239153,,0.7994828714866502,-0.8452443853595568,-1.6546970889063743
1989-04-01,,,,15.993242530487578,18.253466666666668,,-2.2602241361790902,,0.1198769179143282,-0.36687612616013254,-0.492769583333331
1989-05-01,,,,15.955612256325196,18.089774193548383,,-2.134161937223187,,0.27719714861971756,-0.4511570298241523,-0.724627458693945
1989-06-01,,,,15.774611890187316,17.7974,,-2.0227881098126836,,0.22789901310292882,-0.5380397046882948,-0.772529674796747
1989-07-01,,,,15.852796069925034,18.442306451612904,,-2.5895103816878695,,0.23178710487700815,-0.33484730372514093,-0.5666344086021482
1989-08-01,,,,15.879597792326422,18.13858064516129,,-2.258982852834869,,0.38565527254277354,-0.4325806602618698,-0.8158004032258077
1989-09-01,,,,15.801590209426251,18.0942,,-2.2926097905737493,,0.36702319954514717,-0.34708321388898256,-0.6930399999999999
1989-10-01,,,,15.71516867711938,17.73516129032258,,-2.0199926132032004,,0.2438026731630507,-0.2485844236111454,-0.4923870967741948
1989-11-01,,,,15.888250496020476,18.115616666666664,,-2.2273661706461887,,0.10224361103773605,0.009390472949124984,-0.10253290598290832
1989-12-01,,,,15.946515903777764,18.49625806451613,,-2.549742160738367,,0.17887723199056849,0.030309563167628895,-0.1771253101736967
1990-01-01,,,,16.02369839566211,18.16804838709677,,-2.1443499914346624,,0.626094449703511,0.015228569006492165,-0.635449596774194
1990-02-01,,,,16.222239329323088,,,,,,0.02218487042245343,
1990-03-01,,,,16.507644988946538,18.85772580645161,,-2.3500808175050736,,0.3419466682054919,0.21259037910122203,-0.1393261211644372
1990-04-01,,,,16.44545096022449,18.36015,,-1.9146990397755097,,0.46540201431790873,0.08533230357678079,-0.3860862499999982
1990-05-01,,,,16.45686540133744,18.68875806451613,,-2.231892663178691,,0.17946642266421353,0.050096115188090096,-0.12564358772619855
1990-06-01,,,,16.671077856476757,18.45125,,-1.7801721435232452,,0.4705149793923673,0.35842626160114577,-0.1186796747967449
1990-07-01,,,,16.039675712736766,18.581387096774197,,-2.5417113840374306,,0.2795861025274471,-0.14796766091340885,-0.42755376344085505
1990-08-01,,,,16.37456463907722,18.860822580645163,,-2.486257941567942,,0.15838018380970054,0.06238618648892924,-0.09355846774193566
1990-09-01,,,,16.248307234348545,18.5344,,-2.286092765651457,,0.3735402244674395,0.0996338110333106,-0.25283999999999907
1990-10-01,,,,16.01831526467072,17.86508064516129,,-1.8467653804905702,,0.417029905875681,0.05456216394019364,-0.36246774193548603
1990-11-01,,,,16.294947227780824,18.092133333333333,,-1.797186105552509,,0.5324236761314158,0.41608720470947347,-0.12601623931623962
1990-12-01,,,,15.926641776213556,18.05175806451613,,-2.125116288302573,,0.6035031044263621,0.010435435603421084,-0.6216253101736982
1991-01-01,,,,16.177971696524594,18.944629032258064,,-2.76665733573347,,0.003787105404703617,0.1695018698689772,0.14113104838709845
1991-02-01,,,,16.616934206524263,19.177982142857143,,-2.56104793633288,,0.2149706289955513,0.41687974762362856,0.20455398706896588
1991-03-01,,,,16.531091788949652,19.06096774193548,,-2.5298759529858295,,0.16215153272473604,0.2360371791043363,0.06391581431943294
1991-04-01,,,,16.26819544568974,18.713616666666667,,-2.4454212209769253,,-0.06532016688350684,-0.09192321095796885,-0.03261958333333226
1991-05-01,,,,16.498435506811916,18.741967741935483,,-2.243532235123567,,0.16782685071933745,0.09166622066256735,-0.0724339103068452
1991-06-01,,,,16.560850699837204,18.65333333333333,,-2.0924826334961253,,0.15820448941948717,0.2481991049615928,0.08340365853658227
1991-07-01,,,,16.122317011424286,18.53646774193548,,-2.4141507305111922,,0.40714675605368544,-0.06532636222588906,-0.4724731182795736
1991-08-01,,,,16.22132622989392,18.60785483870968,,-2.3865286088157625,,0.2581095165618801,-0.0908522226943731,-0.34652620967741754
1991-09-01,,,,16.239745312810783,18.871583333333334,,-2.631838020522551,,0.02779496959634553,0.09107188949554867,0.08434333333333299
1991-10-01,,,,15.667270833771113,17.70683870967742,,-2.0395678759063074,,0.22422741045994377,-0.29648226695941204,-0.5207096774193545
1991-11-01,,,,15.655024110189345,17.48616666666667,,-1.8311425564773245,,0.49846722520660025,-0.22383591288200577,-0.7319829059829033
1991-12-01,,,,15.950216587955197,18.170951612903224,,-2.220735024948027,,0.5078843677809082,0.03401024734506208,-0.5024317617866032
1992-01-01,,,,16.07419645994389,18.131451612903227,,-2.0572551529593355,,0.713189288178838,0.06572663328827488,-0.6720463709677382
1992-02-01,,,,16.131415021991018,18.294741379310345,,-2.1633263573193275,,0.6126922080091037,-0.06863943690961705,-0.6786867764778322
1992-03-01,,,,16.85422323204358,19.105064516129037,,-2.250841284085457,,0.4411862016251087,0.5591686221982641,0.10801258851298812
1992-04-01,,,,16.62777076459554,18.191783333333333,,-1.5640125687377946,,0.8160884853556238,0.26765210794782845,-0.5544529166666656
1992-05-01,,,,16.420107771063385,18.27656451612903,,-1.8564567450656462,,0.5549023407772582,0.013338484914036997,-0.5378371361132963
1992-06-01,,,,16.586233914477816,18.67643333333333,,-2.090199418855512,,0.16048770406010027,0.27358231960220536,0.10650365853658172
1992-07-01,,,,15.831544756197957,18.23970967741936,,-2.4081649212214025,,0.4131325653434752,-0.3560986174522185,-0.7692311827956928
1992-08-01,,,,16.114490290387835,,,,,,-0.19768816220045693,
1992-09-01,,,,15.81081939236242,,,,,,-0.33785403095281374,
1992-10-01,,,,15.789043145000733,17.821209677419354,,-2.0321665324186213,,0.23162875394762983,-0.1747099557297922,-0.4063387096774207
1992-11-01,,,,15.707288645063445,17.83805,,-2.1307613549365545,,0.19884842674737024,-0.171571378007906,-0.3800995726495735
1992-12-01,,,,15.89970070846732,18.441661290322585,,-2.5419605818552657,,0.18665881087366953,-0.016505632142814974,-0.23172208436724162
1993-01-01,,,,15.594522360357304,18.17335483870968,,-2.5788324783523766,,0.19161196278579684,-0.41394746629831225,-0.6301431451612842
1993-02-01,,,,15.930459302002305,18.445857142857143,,-2.5153978408548383,,0.26062072447359297,-0.2695951568983297,-0.527571012931034
1993-03-01,,,,15.72671101382167,18.126629032258062,,-2.3999180184363915,,0.292109467274174,-0.5683435960236451,-0.8704228953579864
1993-04-01,,,,16.10386040315649,18.40475,,-2.3008895968435112,,0.07921145724990719,-0.25625825349122167,-0.3414862499999991
1993-05-01,,,,16.407407784963596,18.74048387096774,,-2.3330760860041444,,0.07828299983875997,0.000638498814247157,-0.07391778127458792
1993-06-01,,,,16.535965652235973,18.46146666666667,,-1.9255010144306972,,0.32518610848491525,0.22331405736036203,-0.10846300813007659
1993-07-01,,,,16.11810386357206,18.66658064516129,,-2.5484767815892297,,0.2728207049756479,-0.06953951007811554,-0.3423602150537626
1993-08-01,,,,16.432608785341245,18.84393548387097,,-2.4113266985297237,,0.23331142684791883,0.120430332752953,-0.11044556451613019
1993-09-01,,,,15.78066426999169,18.10128333333333,,-2.320619063341642,,0.3390139267772545,-0.3680091533235448,-0.6859566666666694
1993-10-01,,,,15.889194658614826,17.590177419354838,,-1.7009827607400112,,0.56281252562624,-0.0745584421156984,-0.637370967741937
1993-11-01,,,,15.734884861488524,17.801616666666668,,-2.0667318051781436,,0.26287797650578115,-0.14397516158282642,-0.4165329059829048
1993-12-01,,,,15.927969301064422,18.03183870967742,,-2.103869408612997,,0.6247499841159381,0.011762960454287708,-0.6415446650124075
1994-01-01,,,,15.491925249844655,17.723548387096777,,-2.2316231372521216,,0.5388213038860519,-0.5165445768109613,-1.0799495967741883
1994-02-01,,,,15.68584689784791,18.065857142857144,,-2.3800102450092346,,0.39600832031919664,-0.514207561052725,-0.907571012931033
1994-03-01,,,,15.872363463085378,18.416870967741936,,-2.5445075046565577,,0.14751998105400776,-0.4226911467599379,-0.580180959874113
1994-04-01,,,,15.963180368227654,18.303516666666667,,-2.340336298439013,,0.039764755654405626,-0.3969382884200563,-0.44271958333333217
1994-05-01,,,,16.23257534864308,18.41591935483871,,-2.183344006195629,,0.22801507964727552,-0.1741939375062671,-0.39848229740361774
1994-06-01,,,,16.061282042524567,18.283816666666667,,-2.2225346241420993,,0.028152498773513113,-0.2513695523510435,-0.28611300813008
1994-07-01,,,,16.125409375180823,18.263306451612905,,-2.1378970764320826,,0.6834004101327951,-0.062233998469352514,-0.7456344086021467
1994-08-01,,,,16.05424975818198,18.382870967741937,,-2.328621209559955,,0.3160169158176873,-0.25792869440630994,-0.5715100806451616
1994-09-01,,,,16.382310676724558,18.7222,,-2.339889323275443,,0.31974366684345323,0.23363725340932362,-0.06503999999999976
1994-10-01,,,,15.766709797141232,17.78217741935484,,-2.0154676222136096,,0.24832766415264151,-0.19704330358929312,-0.4453709677419333
1994-11-01,,,,15.66059070936126,17.883983333333333,,-2.2233926239720727,,0.10621715771185203,-0.21826931371009017,-0.33416623931623946
1994-12-01,,,,16.142155840989574,18.508612903225806,,-2.3664570622362326,,0.36216233049270263,0.22594950037943917,-0.16477047146402057
1995-01-01,,,,16.257822073290868,18.81846774193548,,-2.560645668644611,,0.2097987724935626,0.2493522466352509,0.014969758064513172
1995-02-01,,,,16.373620593302064,18.9215,,-2.5478794066979376,,0.22813915863049372,0.17356613440142965,-0.051928155788175445
1995-03-01,,,,16.3259465033197,18.96735483870968,,-2.6414083353899827,,0.05061915032058284,0.030891893474382925,-0.02969708890636724
1995-04-01,,,,16.62138231596674,18.7378,,-2.1164176840332587,,0.26368337006015974,0.26126365931903095,-0.008436249999999035
1995-05-01,,,,16.373838533519006,18.633419354838708,,-2.2595808213197017,,0.15177826452320264,-0.0329307526303424,-0.18098229740362015
1995-06-01,,,,16.359314717714255,18.556,,-2.1966852822857454,,0.054001840629867015,0.04666312283864471,-0.013929674796745672
1995-07-01,,,,15.878113689648274,18.276145161290323,,-2.3980314716420494,,0.4232660149228282,-0.30952968400190173,-0.7327956989247291
1995-08-01,,,,15.992107530800013,18.402564516129036,,-2.4104569853290236,,0.2341811400486189,-0.3200709217882789,-0.5518165322580622
1995-09-01,,,,16.118277500034765,18.52355,,-2.4052724999652355,,0.2543604901536609,-0.03039592328046936,-0.2636900000000004
1995-10-01,,,,15.824846308090798,17.635322580645163,,-1.8104762725543644,,0.4533190138118868,-0.13890679263972672,-0.5922258064516122
1995-11-01,,,,15.71297139051012,17.51246666666667,,-1.7994952761565486,,0.5301145055273762,-0.16588863256123076,-0.7056829059829042
1995-12-01,,,,15.533214707627224,18.02498387096774,,-2.4917691633405177,,0.2368502293884176,-0.38299163298291106,-0.6483995037220858
1996-01-01,,,,15.37166842368856,,,,,,-0.6368014029670572,
1996-02-01,,,,15.569767322856876,17.970379310344825,,-2.400611987487949,,0.3754065778404825,-0.6302871360437585,-1.0030488454433524
1996-03-01,,,,16.002154242253937,17.957145161290324,,-1.954990919036387,,0.7370365666741785,-0.29290036759137905,-1.0399067663257249
1996-04-01,,,,16.038102703296147,17.355633333333333,,-1.3175306300371865,,1.062570424056232,-0.3220159533515634,-1.3906029166666656
1996-05-01,,,,16.041887365863715,17.652129032258063,,-1.610241666394348,,0.8011174194485564,-0.36488192028563304,-1.1622726199842646
1996-06-01,,,,16.093677947305878,17.58975,,-1.496072052694121,,0.7546150702214915,-0.21897364756973303,-0.980179674796748
1996-07-01,,,,15.830231092920997,18.395370967741933,,-2.565139874820936,,0.2561576117439417,-0.35741228072917863,-0.6135698924731194
1996-08-01,,,,15.90413773822803,18.413564516129032,,-2.5094267779010018,,0.13521134747664076,-0.40804071436026135,-0.5408165322580665
1996-09-01,,,,16.191015561185168,18.85301666666667,,-2.662001105481501,,-0.002368115362604506,0.042342137869933794,0.06577666666666815
1996-10-01,,,,15.82299711740177,18.042274193548387,,-2.219277076146618,,0.044518210219633314,-0.14075598332875572,-0.1852741935483877
1996-11-01,,,,15.718984077107734,17.807833333333335,,-2.0888492562256005,,0.24076052545832427,-0.15987594596361632,-0.41031623931623784
1996-12-01,,,,15.620773464146223,18.20267741935484,,-2.581903955208615,,0.14671543752032035,-0.29543287646391114,-0.4707059553349886
1997-01-01,,,,15.398199785397937,18.314693548387098,,-2.9164937629891607,,-0.1460493218509873,-0.6102700412576798,-0.48880443548386765
1997-02-01,,,,16.031417236081722,18.657839285714285,,-2.6264220496325628,,0.14959651569586851,-0.16863722281891214,-0.315588870073892
1997-03-01,,,,16.667956591016264,19.312096774193545,,-2.6441401831772815,,0.04788730253328399,0.37290198117094775,0.31504484657749643
1997-04-01,,,,16.244194567163674,18.42775,,-2.183555432836325,,0.1965456212570933,-0.11592408948403587,-0.3184862499999994
1997-05-01,,,,16.427669980461644,18.790370967741936,,-2.3627009872802915,,0.04865809856261283,0.020900694312295798,-0.02403068450039214
1997-06-01,,,,16.170289754434066,18.184166666666663,,-2.013876912232597,,0.23681021068301567,-0.14236184044154498,-0.385763008130084
1997-07-01,,,,17.164322261390566,19.68124193548387,,-2.5169196740933053,,0.30437781247157236,0.9766788877403911,0.6723010752688197
1997-08-01,,,,17.04047505366958,19.29003225806452,,-2.2495572043949394,,0.3950809209827031,0.7282966010812899,0.33565120967742246
1997-09-01,,,,16.43429053504326,19.30945,,-2.875159464956738,,-0.2155264748378416,0.2856171117280262,0.5222099999999976
1997-10-01,,,,16.531267095935846,18.655370967741938,,-2.124103871806092,,0.1396914145601591,0.5675139952053208,0.427822580645163
1997-11-01,,,,16.07777515480001,17.83898333333333,,-1.7612081785333231,,0.5684016031506016,0.1989151317286577,-0.37916623931624116
1997-12-01,,,,16.982226953400016,19.66274193548387,,-2.680514982083853,,0.04810441064508231,1.066020612789881,0.9893585607940416
1998-01-01,50.721,75.90504289653762,22.29032258064516,17.724286305321357,20.21083870967742,25.184042896537626,-2.4865524043560647,-16.312528008835613,0.2838920367821087,1.7158164786657402,1.4073407258064563
1998-02-01,125.228,154.09860863835644,21.335714285714285,17.43183573664544,19.94555357142857,28.870608638356444,-2.5137178347831295,-7.419163696192577,0.2623007305453018,1.2317812777448047,0.9721254156403916
1998-03-01,199.909,216.25202427248527,34.25806451612903,17.312579630109838,19.71291935483871,16.34302427248528,-2.400339724728873,-21.40988871648549,0.29168776098169236,1.0175250202645216,0.715867427222662
1998-04-01,239.365,269.4564663305527,70.83333333333333,17.366793877142243,19.509383333333336,30.09146633055269,-2.142589456191093,-1.0160863775614928,0.23751159790232546,1.0066752204945324,0.7631470833333367
1998-05-01,249.776,321.36033995114354,106.65806451612904,17.295056476005584,19.53740322580645,71.58433995114353,-2.2423467498008662,16.246305261754394,0.16901233604203814,0.8882871898562357,0.7230015735641224
1998-06-01,97.18,143.1225283741415,54.440000000000005,16.7731406516902,18.8132,45.94252837414149,-2.0400593483098,-11.358580132492328,0.2106277746058125,0.4604890568145876,0.24327032520325176
1998-07-01,121.511,216.364521730834,36.05483870967742,16.319008205877026,18.71558064516129,94.85352173083402,-2.396572439284263,20.77780981732259,0.42472504728061455,0.13136483222685058,-0.2933602150537631
1998-08-01,123.619,206.68663655883017,27.4741935483871,16.284933546478783,18.612887096774195,83.06763655883017,-2.327953550295412,8.499932005687413,0.3166845750822307,-0.027244906109508804,-0.34149395161290386
1998-09-01,179.281,240.59548153778783,38.77666666666666,16.138134984885937,18.589,61.31448153778783,-2.4508650151140614,0.9522013800231761,0.20876797500483502,-0.010538438429296804,-0.19824000000000197
1998-10-01,250.253,302.6105304706093,81.88387096774194,16.29248944313099,18.128016129032257,52.35753047060933,-1.835526685901268,23.905236169793735,0.42826860046498316,0.32873634240046457,-0.09953225806451726
1998-11-01,239.117,297.88728956082616,172.36666666666667,15.763685142207976,18.0245,58.77028956082617,-2.260814857792024,42.183661996391976,0.06879492389190078,-0.1151748808633748,-0.19364957264957283
1998-12-01,180.878,229.0582966809997,154.31290322580645,15.77234161075529,18.75354838709677,48.1802966809997,-2.9812067763414802,13.310680263501887,-0.25258738361254496,-0.1438647298548439,0.08016501240694396
1999-01-01,163.458,226.9374277669804,174.2064516129032,15.619099120553471,18.307435483870968,63.47942776698039,-2.6883363633174966,21.982856861607154,0.08210807782067686,-0.3893707061021452,-0.4960624999999972
1999-02-01,275.388,339.1378807689264,231.7892857142857,15.572196854412994,18.01107142857143,63.7498807689264,-2.4388745741584366,27.460108434377382,0.3371439911699947,-0.6278576044876409,-0.962356727216747
1999-03-01,193.692,213.76401878918256,226.2064516129032,15.629910585048378,18.4208064516129,20.07201878918255,-2.7908958665645223,-17.68089419978822,-0.09886838085395677,-0.6651440247969376,-0.5762454760031481
1999-04-01,264.86,343.7189370157647,174.01333333333332,16.18885009064661,18.36908333333333,78.8589370157647,-2.180233242686718,47.75138430765051,0.1998678114067003,-0.17126856600109974,-0.3771529166666703
1999-05-01,157.781,215.8059823818021,147.93870967741935,15.829254301640448,17.853274193548387,58.02498238180209,-2.0240198919079386,2.68694769241295,0.38733919393496574,-0.5775149845089,-0.9611274586939409
1999-06-01,194.872,278.574662122299,122.54333333333334,15.667541935462625,17.66675,83.70266212229899,-1.9992080645373758,26.401553615665172,0.2514790583782367,-0.6451096594129861,-0.9031796747967462
1999-07-01,59.153,115.4318220797628,82.1258064516129,15.728798031016026,18.714887096774195,56.2788220797628,-2.9860890657581685,-17.79688983374863,-0.1647915791932908,-0.4588453426341488,-0.2940537634408571
1999-08-01,122.681,177.54670343549665,64.05806451612904,15.822677212926637,18.395064516129032,54.865703435496656,-2.5723873032023956,-19.702001117646105,0.07225082217524692,-0.4895012396616547,-0.559316532258066
1999-09-01,262.241,327.3554498716464,112.37333333333332,15.34773932905432,17.969516666666667,65.1144498716464,-2.6217773376123468,4.752169713881749,0.03785565250654965,-0.8009340942609136,-0.8177233333333334
1999-10-01,259.149,314.744963868414,179.09354838709675,15.459476240491426,17.766903225806452,55.595963868414,-2.3074269853150255,27.143669567598405,-0.04363169894877439,-0.5042768602390986,-0.46064516129032285
1999-11-01,277.906,319.0546636868754,328.4566666666667,15.53385603597377,17.651466666666668,41.14866368687541,-2.117610630692898,24.562036122441214,0.21199915099102684,-0.34500398709758073,-0.5666829059829048
1999-12-01,204.186,283.0464964991041,261.2451612903226,15.42257994745222,18.32166129032258,78.86049649910407,-2.8990813428703603,43.99088008160626,-0.17046195014142507,-0.4936263931579141,-0.35172208436724617
2000-01-01,159.224,195.76898842109208,199.25806451612905,15.099950026567456,18.25887096774193,36.544988421092086,-3.1589209411744754,-4.951582484281154,-0.38847650003630196,-0.9085198000881611,-0.5446270161290343
2000-02-01,186.132,266.63066551463226,184.4,15.167334630512356,18.12029310344828,80.49866551463225,-2.952958472935924,44.20889318008323,-0.17693990760749267,-1.032719828388279,-0.8531350523398977
2000-03-01,196.739,241.59328075188475,178.7741935483871,15.59458794229448,18.54174193548387,44.854280751884744,-2.9471539931893904,7.1013677629139735,-0.2551265074788249,-0.7004666675508364,-0.4553099921321788
2000-04-01,224.194,245.2905505361912,137.93333333333334,15.779231831290076,18.184466666666665,21.096550536191216,-2.4052348353765893,-10.011002171922968,-0.025133781283170897,-0.5808868253576343,-0.5617695833333336
2000-05-01,262.675,376.7191736037177,180.4774193548387,15.94368724269583,18.397951612903224,114.0441736037177,-2.454264370207394,58.706138914328555,-0.04290528436448948,-0.4630820434535181,-0.41645003933910374
2000-06-01,168.307,262.15598729925495,141.61333333333332,15.880441516589713,18.358066666666662,93.84898729925496,-2.4776251500769497,36.54787879262114,-0.22693802716133726,-0.4322100782858982,-0.2118630081300843
2000-07-01,89.245,189.0643396743613,83.23225806451612,15.72740398653326,18.816064516129032,99.81933967436129,-3.0886605295957725,25.74362776084986,-0.26736304303089486,-0.4602393871169159,-0.19287634408602017
2000-08-01,90.208,182.03217841381544,54.42903225806452,15.931522767080423,18.726790322580644,91.82417841381545,-2.795267555500221,17.256473860672685,-0.15062943012257834,-0.3806556855078682,-0.22759072580645423
2000-09-01,224.154,312.2695841360923,90.96666666666668,15.527845188687875,18.198083333333333,88.11558413609231,-2.6702381446454577,27.753303978327658,-0.0106051545265613,-0.6208282346273588,-0.5891566666666677
2000-10-01,188.101,259.8975828247088,79.3258064516129,15.786078663096248,18.228064516129034,71.79658282470882,-2.4419858530327865,43.344288523893226,-0.17819056666653532,-0.17767443763427693,0.0005161290322597267
2000-11-01,220.339,268.97331033644826,205.93666666666664,15.724751090680344,18.022966666666665,48.634310336448266,-2.2982155759863208,32.04768277201407,0.03139420569760398,-0.1541089323910061,-0.19518290598290733
2000-12-01,132.781,174.34219729828158,99.88709677419357,15.59798710031282,18.563274193548388,41.56119729828157,-2.9652870932355686,6.691580880783754,-0.23666770050663333,-0.3182192402973154,-0.1101091811414392
2001-01-01,98.242,143.09452382900088,77.67096774193548,15.228321101726578,18.19422580645161,44.85252382900087,-2.9659047047250304,3.3559529236276333,-0.19546026358685697,-0.7801487249290382,-0.6092721774193564
2001-02-01,128.562,141.1359061840809,60.93214285714286,15.853784725524465,18.957821428571428,12.573906184080897,-3.1040367030469636,-23.715866150468123,-0.3280181377185323,-0.34626973337616995,-0.01560672721674905
2001-03-01,177.183,217.1621225976293,89.09677419354838,15.64349962048442,18.52390322580645,39.9791225976293,-2.88040360532203,2.226209608658529,-0.1883761196114646,-0.6515549893608963,-0.473148701809599
2001-04-01,143.747,166.493206817354,62.34333333333333,16.299949539563727,18.86335,22.746206817353993,-2.5634004604362737,-8.361345890760191,-0.18329940634285524,-0.06016911708398354,0.11711375000000146
2001-05-01,195.589,297.6518028764263,73.76774193548388,16.273248945653677,18.775274193548388,102.0628028764263,-2.5020252478947107,46.724768187037164,-0.09066616205180633,-0.13352034049567152,-0.0391274586939403
2001-06-01,87.237,131.82441306919824,63.35666666666667,16.012476502051243,18.5103,44.58741306919825,-2.497823497948758,-12.713695437435568,-0.24713637503314567,-0.30017509282436805,-0.059629674796745746
2001-07-01,101.807,176.80294869747803,40.92903225806452,15.89514689763348,18.839629032258063,74.99594869747803,-2.9444821346245824,0.920236783966601,-0.12318464805970475,-0.2924964760166944,-0.16931182795698874
2001-08-01,30.124,96.97694964646216,29.212903225806453,16.764859019174025,19.482741935483872,66.85294964646216,-2.717882916309847,-7.7147549066805965,-0.07324479093220448,0.45268056658573386,0.528360887096774
2001-09-01,181.975,236.6663025513101,39.05333333333333,15.719119361680384,18.674316666666662,54.691302551310116,-2.955197304986278,-5.670977606454535,-0.29556431486738166,-0.42955406163484966,-0.11292333333333815
2001-10-01,177.84799999999998,248.8592109274624,55.6,16.10989764288547,18.741725806451612,71.01121092746243,-2.6318281635661407,42.558916626646834,-0.36803287719988953,0.14614454215494632,0.5141774193548372
2001-11-01,193.668,303.9385076643591,88.80333333333333,15.823294362221134,18.44561666666667,110.27050766435912,-2.622322304445536,93.68388009992492,-0.2927125227616112,-0.05556566085021686,0.22746709401709708
2001-12-01,180.896,243.96711579202127,144.9193548387097,16.25452477136838,19.24961290322581,63.07111579202129,-2.995088131857429,28.201499374523472,-0.26646873912849367,0.3383184307582461,0.5762295285359826
2002-01-01,66.462,125.37284375711964,70.09677419354838,15.96494913646154,19.17564516129032,58.910843757119636,-3.2106960248287795,17.414272851746396,-0.440251583690606,-0.043520690194077005,0.3721471774193539
2002-02-01,65.814,112.58585793950468,41.13928571428572,16.351429049781927,19.459375,46.771857939504685,-3.107945950218074,10.482085604955664,-0.3319273848896427,0.1513745908812929,0.4859468442118242
2002-03-01,182.95,244.2745563411204,45.983870967741936,16.481921370144846,19.073112903225805,61.3245563411204,-2.591191533080959,23.57164335214963,0.10083595262960632,0.1868667602995302,0.07606097560975655
2002-04-01,312.582,355.8660527137463,136.76000000000002,16.22192004335932,18.903616666666668,43.28405271374629,-2.6816966233073494,12.176500005632107,-0.30159556921393094,-0.13819861328839167,0.15738041666666902
2002-05-01,168.773,228.48711877594872,85.37096774193549,16.44305390798695,19.23383870967742,59.71411877594872,-2.790784801690471,4.37608408655958,-0.37942571584756646,0.03628462183760206,0.4194370574350934
2002-06-01,109.152,195.85426490832825,88.88333333333334,16.38662154387589,18.90948333333333,86.70226490832825,-2.5228617894574406,29.40115640169443,-0.2721746665418281,0.0739699490002792,0.3395536585365839
2002-07-01,79.658,179.44773303874288,50.26129032258064,16.543435998092832,19.624096774193543,99.78973303874288,-3.0806607761007108,25.714021125231454,-0.2593632895358331,0.3557926244426568,0.6151559139784908
2002-08-01,61.774,178.10917798820336,33.170967741935485,16.51335376525276,19.53082258064516,116.33517798820336,-3.0174688153924016,41.767473435060595,-0.3728306900147591,0.20117531266446775,0.5764415322580625
2002-09-01,151.375,215.15362433967144,37.44666666666667,16.238085062936022,19.272166666666667,63.77862433967144,-3.0340816037306446,3.416344181906787,-0.3744486136117482,0.08941163962078846,0.4849266666666665
2002-10-01,237.477,319.15293568711604,59.78387096774193,16.057591291749134,18.516548387096776,81.67593568711604,-2.4589570953476425,53.22364138630044,-0.19516180898139135,0.0938381910186088,0.2890000000000015
2002-11-01,169.497,216.93794083089256,118.54,15.904201141882254,18.553966666666668,47.44094083089254,-2.6497655247844136,30.854313266458348,-0.3201557431004889,0.025341118810903396,0.33581709401709503
2002-12-01,140.302,217.91431528536148,73.06774193548387,16.35405108953597,19.253129032258062,77.61231528536149,-2.8990779427220907,42.74269886786367,-0.17045854999315546,0.437844748925837,0.5797456575682354
2003-01-01,54.71,115.42756455112546,37.903225806451616,16.75882985958225,19.565629032258062,60.717564551125456,-2.806799172675813,19.220993645752216,-0.03635473153763957,0.7503600329266327,0.7621310483870971
2003-02-01,111.952,146.5644076286359,34.04642857142857,16.893472938185994,19.65796428571429,34.61240762863591,-2.7644913475282955,-1.6773647059131136,0.01152721780013577,0.6934184792853593,0.6845361299261121
2003-03-01,181.479,241.76604022538447,57.24193548387097,16.597451122844234,19.385612903225805,60.28704022538446,-2.7881617803815715,22.53412723641369,-0.09613429467100598,0.3023965129989179,0.38856097560975655
2003-04-01,235.89,305.8812730678324,105.82666666666664,16.61999755618359,19.242516666666667,69.99127306783242,-2.6225191104830756,38.88372035971824,-0.2424180563896572,0.25987889953588095,0.4962804166666679
2003-05-01,158.791,193.19868872841496,67.79032258064517,16.563097207297403,19.292145161290325,34.40768872841497,-2.7290479539929215,-20.930345960974172,-0.3176888681500172,0.15632792114805483,0.4777435090479969
2003-06-01,167.428,241.65434807156416,92.76666666666668,16.015449268359532,18.16195,74.22634807156416,-2.1465007316404687,16.925239564930344,0.10418639127514373,-0.2972023265160786,-0.4079796747967457
2003-07-01,68.617,160.73924969468575,47.13225806451613,16.35117472869382,19.354419354838708,92.12224969468575,-3.0032446261448875,18.046537781174322,-0.18194713958000985,0.16353135504364502,0.34547849462365576
2003-08-01,90.363,171.7193017469773,33.75806451612903,16.406251206572165,19.30046774193548,81.3563017469773,-2.8942165353633165,6.7885971938345335,-0.24957840998567393,0.09407275398387327,0.34608669354838284
2003-09-01,133.772,227.48615498042176,33.21,16.17700106486859,19.112433333333332,93.71415498042177,-2.9354322684647407,33.351874822657116,-0.2757992783458443,0.028327641553357097,0.3251933333333312
2003-10-01,296.499,348.9186936426657,93.72258064516129,16.079364271324664,18.41864516129032,52.41969364266566,-2.339280889965657,23.967399341850065,-0.07548560359940604,0.11561117059413917,0.19109677419354654
2003-11-01,202.026,251.7208414446668,111.06333333333332,15.896783651434532,18.2069,49.69484144466679,-2.3101163485654688,33.1082138802326,0.01949343311845597,0.01792362836318162,-0.011249572649571604
2003-12-01,209.929,192.5342172744245,107.33870967741936,15.97456859190845,18.903,-17.39478272557551,-2.928431408091548,-52.26439914307333,-0.19981201536261262,0.05836225129831618,0.22961662531017168
2004-01-01,116.267,144.75356282741052,88.56451612903226,16.132736098909845,18.97132258064516,28.486562827410523,-2.838586481735316,-13.010008077962716,-0.06814204059714246,0.12426627225422848,0.1678245967741958
2004-02-01,,,,16.283664326113808,,,,,,0.08360986721317332,
2004-03-01,95.114,120.26883687769336,42.08387096774193,17.061377286132597,19.654564516129035,25.154836877693356,-2.5931872299964382,-12.598076111277415,0.09884025571412725,0.766322676287281,0.6575125885129864
2004-04-01,,,,16.583026627882248,,,,,,0.22290797123453743,
2004-05-01,232.165,291.4490020166105,88.26129032258065,16.46923611632866,18.51917741935484,59.284002016610515,-2.0499413030261806,3.945967327221375,0.36141778281672376,0.06246683017931076,-0.2952242328874881
2004-06-01,63.978,107.98352483728432,46.54666666666667,16.456942853632995,18.3127,44.00552483728432,-1.8557571463670044,-13.295583669349497,0.39492997654860806,0.14429125875738436,-0.2572296747967471
2004-07-01,114.335,212.184205407366,32.69032258064516,15.788767300637687,18.06520967741936,97.849205407366,-2.2764423767816737,23.773493493854573,0.544855109783204,-0.39887607301248806,-0.9437311827956911
2004-08-01,,,,16.607287797942263,,,,,,0.29510934535397126,
2004-09-01,186.131,245.68118148432984,44.16666666666666,16.014941467597964,18.4729,59.55018148432984,-2.457958532402035,-0.8120986734348108,0.20167445771686143,-0.1337319557172698,-0.3143400000000014
2004-10-01,258.838,294.6792084053512,80.56774193548387,15.848278448717736,18.370209677419357,35.84120840535115,-2.5219312287016216,7.388914104535555,-0.2581359423353704,-0.11547465201278939,0.14266129032258235
2004-11-01,270.653,280.7789912559948,147.3733333333333,15.946440438679076,18.70405,10.12599125599479,-2.7576095613209226,-6.460636308439405,-0.42799977963699787,0.06758041560772554,0.48590042735042616
2004-12-01,138.101,177.46997618891373,111.25161290322582,15.828404238366945,18.81754838709677,39.368976188913734,-2.9891441487298263,4.499359771415918,-0.260524756000891,-0.08780210224318985,0.14416501240694402
2005-01-01,116.333,193.00635911186657,85.52903225806452,16.094020460083186,19.18064516129032,76.67335911186657,-3.0866247012071355,35.176788206493335,-0.31618026006896205,0.08555063342756952,0.37714717741935644
2005-02-01,114.12,164.069022239922,70.05714285714285,16.862378092959375,19.846375,49.94902223992199,-2.9839969070406234,13.659249905372967,-0.2079783417121921,0.6623236340587404,0.8729468442118211
2005-03-01,154.275,208.3937980958822,71.96774193548387,16.474401713554528,19.500516129032256,54.1187980958822,-3.0261144154777284,16.365885106911428,-0.3340869297671629,0.1793471037092118,0.5034642014162074
2005-04-01,175.22,202.1817517746487,62.50666666666667,16.742887892041438,19.341,26.96175177464869,-2.5981121079585634,-4.145800933465495,-0.21801105386514497,0.3827692353937273,0.594763750000002
2005-05-01,209.769,310.6064489065056,117.52580645161292,16.505302776859025,19.250806451612902,100.83744890650559,-2.745503674753877,45.499414217116446,-0.33414458891097265,0.0985334907096771,0.43640479937057464
2005-06-01,135.248,166.44144874711003,73.21333333333334,16.613191848099575,18.99403333333333,31.19344874711004,-2.3808414852337556,-26.107659759523777,-0.13015436231814315,0.30054025322396427,0.42410365853658405
2005-07-01,81.689,142.6309041560162,41.75483870967742,16.400906352323773,19.410225806451614,60.94190415601619,-3.0093194541278407,-13.133807757495234,-0.18802196756296308,0.21326297867359756,0.4012849462365615
2005-08-01,87.399,184.66371070213324,27.63225806451613,16.38099056527409,18.8291935483871,97.26471070213324,-2.44820298311301,22.697006148990482,0.19643514226463266,0.0688121126857979,-0.12518749999999912
2005-09-01,124.635,198.8677876453894,29.113333333333333,16.408805605199973,18.92545,74.2327876453894,-2.5166443948000286,13.870507487624742,0.14298859531886787,0.26013218188473886,0.13821000000000083
2005-10-01,312.954,355.47873678034574,137.55483870967743,15.877557594251073,18.358064516129037,42.524736780345734,-2.4805069218779643,14.072442479530135,-0.21671163551171313,-0.08619550647945218,0.13051612903226228
2005-11-01,254.326,301.90845994452167,225.55,15.865289298229072,18.380366666666664,47.58245994452167,-2.5150773684375913,30.995832380087478,-0.1854675867536666,-0.013570724842278281,0.16221709401709106
2005-12-01,174.963,235.24668006634096,236.0225806451613,15.538251899702004,18.46291935483871,60.28368006634096,-2.9246674551367065,25.414063648843147,-0.19604806240777117,-0.37795444090813035,-0.2104640198511163
2006-01-01,160.324,216.9232004912541,206.07096774193548,15.640951685892844,18.390112903225805,56.599200491254095,-2.7491612173329614,15.102629585880855,0.02128322380521208,-0.36751814076277256,-0.4133850806451598
2006-02-01,95.306,132.73306145509898,103.825,16.35411096493317,19.010357142857146,37.42706145509898,-2.6562461779239754,1.1372891205499585,0.11977238740445584,0.15405650603253562,0.03692898706896841
2006-03-01,228.757,273.75124787377297,137.74548387096772,16.033604146724088,18.667967741935485,44.99424787377296,-2.634363595211397,7.241334884802193,0.057663890499168424,-0.26145046312122844,-0.3290841856805642
2006-04-01,268.059,342.7201781950655,193.97333333333333,16.182534553160224,18.661716666666667,74.66117819506547,-2.479182113506443,43.55362548695129,-0.0990810594130247,-0.17758410348748654,-0.0845195833333321
2006-05-01,239.208,280.1283634827504,214.67419354838708,16.464163900399456,18.84633870967742,40.92036348275039,-2.382174809277963,-14.417671206638751,0.02918427656494149,0.05739461425010717,0.031937057435090566
2006-06-01,172.17499999999998,241.165342048694,177.43533333333335,16.185814444736934,18.56915,68.990342048694,-2.3833355552630664,11.689233542060187,-0.13264843234745394,-0.1268371501386767,-0.0007796747967461215
2006-07-01,74.08699999999999,126.7110298657304,66.98967741935483,16.50363055289597,19.554032258064517,52.62402986573041,-3.0504017051685466,-21.45168204778102,-0.22910421860366892,0.3159871792457949,0.5450913978494647
2006-08-01,60.987,139.02935538563466,45.20193548387097,16.65698397907289,19.200693548387097,78.04235538563466,-2.543709569314206,3.4746508324919034,0.10092855606343631,0.34480552648459906,0.24631249999999838
2006-09-01,98.523,165.25912942047492,34.52733333333333,16.15466691598408,18.85023333333333,66.73612942047492,-2.695566417349248,6.373849262710273,-0.03593342723035153,0.005993492668846301,0.06299333333332768
2006-10-01,210.372,254.371765656304,67.48774193548387,16.165628110136083,18.605370967741933,43.99976565630399,-2.43974285760585,15.547471355488394,-0.17594757123959903,0.20187500940555836,0.3778225806451587
2006-11-01,238.727,315.2402480612739,163.33533333333332,15.720786929100656,18.17023333333333,76.51324806127391,-2.4494464042326722,59.92662049683972,-0.1198366225487475,-0.15807309397069425,-0.047916239316244
2006-12-01,192.004,270.2695567056055,189.9570967741936,16.012839825148944,18.694870967741934,78.26555670560552,-2.68203114259299,43.3959402881077,0.04658825013594514,0.09663348453880971,0.021487593052107457
2007-01-01,84.63,164.9010706777049,93.52290322580646,16.67627225168252,19.66148387096774,80.2710706777049,-2.98521161928522,38.77449977233166,-0.2147671781470466,0.6678024250269026,0.857985887096774
2007-02-01,58.105,86.60061520700681,61.43357142857143,16.408397876980814,19.42592857142857,28.495615207006814,-3.017530694447757,-7.794157127542206,-0.24151212911932562,0.20834341808017953,0.4525004156403938
2007-03-01,208.032,270.56211006132776,79.62935483870969,16.329173661374227,19.125403225806448,62.53011006132775,-2.7962295644322204,24.777197072356977,-0.10420207872165488,0.03411905152891137,0.12835129819039892
2007-04-01,271.184,400.66075371062607,180.2203333333333,16.191362386334617,18.59685,129.47675371062604,-2.4054876136653824,98.36920100251186,-0.025386559571964007,-0.16875627031309293,-0.14938624999999917
2007-05-01,262.324,318.5971725243724,206.06451612903223,16.364765479664243,18.64424193548387,56.2731725243724,-2.2794764558196263,0.9351378349832586,0.13188263002327805,-0.0420038064851056,-0.17015971675845876
2007-06-01,75.896,158.61684931492894,138.33533333333332,16.28836497166708,18.47543333333333,82.72084931492894,-2.1870683616662525,25.419740808295124,0.06361876124935995,-0.02428662320853192,-0.09449634146341523
2007-07-01,109.451,226.5063094873804,72.20870967741935,16.119219847086526,18.99385483870968,117.05530948738041,-2.8746349916231537,42.979597573868986,-0.05333750505827606,-0.0684235265636488,-0.01508602150537186
2007-08-01,117.495,256.57364336603376,59.58032258064516,15.955921292665948,18.569306451612903,139.07864336603376,-2.6133851589469543,64.510938812891,0.0312529664306882,-0.3562571599223432,-0.38507459677419575
2007-09-01,108.623,191.80095582910965,43.54433333333333,16.0668811239226,18.823633333333337,83.17795582910965,-2.756752209410738,22.815675671344998,-0.09711921929184175,-0.08179229939263521,0.036393333333336386
2007-10-01,306.235,363.6428140854672,183.5351612903225,15.593140327532184,17.840112903225805,57.40781408546718,-2.2469725756936203,28.95551978465158,0.01682271067263086,-0.3706127731983404,-0.38743548387096993
2007-11-01,,,,15.781186292781342,,,,,,-0.09767373029000836,
2007-12-01,,,,15.35110522512042,,,,,,-0.5651011154897141,
2008-01-01,,,,15.661922586535582,,,,,,-0.3465472401200351,
2008-02-01,136.333,205.1588935547924,180.6955172413793,15.527687774125638,18.558827586206892,68.8258935547924,-3.0311398120812534,32.53612122024338,-0.2551212467528221,-0.6723666847749961,-0.4146005695812853
2008-03-01,181.289,239.6251054643714,224.1709677419355,15.323520942250866,18.40743548387097,58.3361054643714,-3.0839145416201035,20.58319247540063,-0.391887055909538,-0.9715336675944499,-0.5896164437450793
2008-04-01,227.105,262.40649098409364,227.78333333333333,15.734026697860088,18.31138333333333,35.30149098409365,-2.5773566354732402,4.193938275979463,-0.1972555813798218,-0.6260919587876224,-0.4348529166666708
2008-05-01,284.308,358.68931120419774,344.1322580645161,15.86733507363482,18.28409677419355,74.38131120419774,-2.4167617005587303,19.043276514808603,-0.005402614715825926,-0.5394342125145286,-0.5303048780487778
2008-06-01,171.197,239.07562263862405,221.66666666666663,15.871522767374358,18.1697,67.87862263862405,-2.2981772326256404,10.577514131990235,-0.04749010971002798,-0.4411288275012524,-0.40022967479674776
2008-07-01,127.327,232.59321902869232,123.9358064516129,15.780114869009653,18.588951612903227,105.26621902869232,-2.8088367438935737,31.190507115180893,0.012460742671303926,-0.40752850464052237,-0.4199892473118254
2008-08-01,171.76,301.8960300564631,102.0425806451613,15.79044691019169,18.39735483870968,130.13603005646308,-2.606907928517991,55.568325503320324,0.03773019685965151,-0.5217315423966014,-0.5570262096774172
2008-09-01,138.428,190.240503531504,106.479,15.934700182215238,18.53443333333333,51.81250353150401,-2.599733151118091,-8.549776626260645,0.05989983900080542,-0.21397324109999616,-0.25280666666667173
2008-10-01,203.86,322.7449209736276,116.47774193548386,15.771849929097923,18.030951612903223,118.88492097362757,-2.2591016838052997,90.43262667281198,0.004693602560951415,-0.1919031716326014,-0.19659677419355148
2008-11-01,,,,15.75837175872175,,,,,,-0.12048826434959992,
2008-12-01,,,,15.540122661471344,,,,,,-0.3760836791387909,
2009-01-01,166.846,230.77114719436904,197.9903225806452,15.59944545201722,18.60554838709677,63.92514719436903,-3.006102935079552,22.428576288995792,-0.2356584939413784,-0.40902437463839725,-0.197949596774194
2009-02-01,133.401,184.98921542517493,153.82857142857142,15.760455366601263,18.74294642857143,51.58821542517492,-2.9824910619701654,15.298443090625902,-0.20647249664173417,-0.4395990922993711,-0.2304817272167483
2009-03-01,219.603,288.3526300697721,157.14354838709676,16.11419583499196,19.023596774193543,68.74963006977208,-2.909400939201582,30.99671708080131,-0.21737345349101656,-0.18085877485335544,0.026544846577493786
2009-04-01,197.25,242.3426472472161,218.3733333333333,16.272428163763948,18.970333333333333,45.09264724721609,-2.6979051695693848,13.985094539101908,-0.3178041154759663,-0.08769049288376252,0.22409708333333356
2009-05-01,186.333,216.035188430736,194.62,16.317906020196972,18.99451612903226,29.702188430736015,-2.6766101088352876,-25.635846258653125,-0.26525102299238323,-0.08886326595237648,0.18011447678993164
2009-06-01,170.197,201.5962002591986,116.291,16.35421075898421,18.841966666666668,31.399200259198608,-2.487755907682459,-25.90190824743521,-0.23706878476684645,0.04155916410859817,0.27203699186992125
2009-07-01,55.404,119.12327760073136,70.51225806451613,16.524212816237025,19.66348387096774,63.71927760073135,-3.1392710547307168,-10.356434312780074,-0.3179735681658391,0.33656944258684973,0.6545430107526897
2009-08-01,90.072,188.77916996992576,42.70161290322581,16.44469605553678,19.592032258064517,98.70716996992576,-3.147336202527736,24.139465416782997,-0.5026980771500935,0.13251760294848935,0.6376512096774185
2009-09-01,75.679,129.47740944817272,32.347,16.83811212269893,19.88638333333333,53.79840944817272,-3.0482712106344003,-6.5638707095919315,-0.3886382205155039,0.6894386993836967,1.0991433333333305
2009-10-01,204.737,252.65488608869,53.86967741935484,16.404478060291694,19.06459677419355,47.91788608869001,-2.6601187139018556,19.465591787874413,-0.39632342753560446,0.4407249595611695,0.8370483870967753
2009-11-01,179.075,228.3296038131249,113.13266666666668,16.243262752453234,19.220683333333334,49.2546038131249,-2.9774205808801,32.66797624869071,-0.6478107991961752,0.364402729381883,1.002533760683761
2009-12-01,116.557,189.2208397175017,72.69387096774194,16.162618740621724,19.168983870967743,72.66383971750169,-3.006365130346019,37.79422330000387,-0.27774573761708377,0.24641240001158948,0.49560049627791614
2010-01-01,48.773,69.02426199409118,46.19064516129033,16.87681438506155,19.873790322580643,20.251261994091173,-2.9969759375190925,-21.245308911282066,-0.22653149638091907,0.8683445584059335,1.0702923387096774
2010-02-01,98.887,115.57555004772549,32.56321428571429,17.568152757602263,20.535625,16.688550047725485,-2.9674722423977364,-19.601222286823536,-0.19145367706930516,1.3680982987016286,1.5621968442118224
2010-03-01,124.299,161.89849950007016,32.17161290322581,17.125255244227674,20.18153225806452,37.59949950007015,-3.056277013836848,-0.15341348890061823,-0.3642495281262823,0.8302006343823578,1.1844803304484728
2010-04-01,309.196,324.5474246174148,92.41033333333333,17.006023628152263,19.77373333333333,15.35142461741475,-2.7677097051810655,-15.756128090699434,-0.3876086510876471,0.6459049715045531,1.02749708333333
2010-05-01,204.487,281.92848605567804,122.07387096774194,16.893280598919432,19.81891935483871,77.44148605567804,-2.9256387559192767,22.1034513662889,-0.5142796700763723,0.48651131277008375,1.004517702596381
2010-06-01,158.846,228.31117137670967,116.86966666666666,16.414574061865153,18.9817,69.46517137670966,-2.567125938134847,12.164062870075846,-0.31643881521923456,0.10192246698954222,0.4117703252032534
2010-07-01,235.14,319.3890374103664,180.9609677419355,15.896280808625647,18.93951612903226,84.24903741036644,-3.0432353204066125,10.173325496855014,-0.22193783384173482,-0.29136256502452795,-0.06942473118279224
2010-08-01,113.704,214.90271226290776,119.7683870967742,16.183331777139983,19.168387096774197,101.19871226290776,-2.9850553196342133,26.631007709765,-0.3404171942565708,-0.1288466754483082,0.21400604838709825
2010-09-01,174.912,259.3128683018429,114.47233333333334,15.880810554567574,18.827766666666665,84.4008683018429,-2.946956112099091,24.038588144078254,-0.2873231219801946,-0.26786286874765963,0.04052666666666482
2010-10-01,289.183,299.8340746412233,216.17419354838708,15.861488646554108,18.73258064516129,10.651074641223317,-2.871091998607181,-17.80121965959228,-0.6072967122409296,-0.10226445417641727,0.5050322580645137
2010-11-01,396.033,440.5209094163651,508.76666666666665,15.433359229553332,18.2919,44.487909416365085,-2.858540770446666,27.90128185193089,-0.5289309887627414,-0.4455007935180184,0.0737504273504257
2010-12-01,250.315,335.2271259502799,439.72258064516126,15.383789400234209,18.662790322580648,84.91212595027991,-3.279000922346439,50.0425095327821,-0.5503815296175039,-0.532416940375926,-0.010593052109179268
2011-01-01,76.164,145.57937170729804,149.08193548387098,15.504943228093907,19.042983870967745,69.41537170729804,-3.5380406428738382,27.918800801924796,-0.7675962017356648,-0.5035265985617094,0.2394858870967802
2011-02-01,221.139,256.6036933153969,162.92785714285714,15.775774357073203,19.124125,35.464693315396914,-3.348350642926796,-0.8250790191521062,-0.5723320775983649,-0.42428010182743137,0.15069684421182217
2011-03-01,180.217,272.2361744679528,270.31935483870967,15.705292442308746,19.1126935483871,92.01917446795281,-3.4074011060783533,54.26626147898204,-0.7153736203677878,-0.5897621675365698,0.11564162077105067
2011-04-01,,,,15.896549115058292,,,,,,-0.4635695415894183,
2011-05-01,,,,16.55956479589622,,,,,,0.1527955097468734,
2011-06-01,137.434,202.6549041274069,175.15666666666667,16.389865597186997,19.24558333333333,65.2209041274069,-2.8557177361463317,7.91979562077308,-0.6050306132307193,0.07721400231138631,0.6756536585365822
2011-07-01,137.622,220.2804382845155,111.54096774193548,16.172205830932967,19.59072580645161,82.65843828451548,-3.4185199755186417,8.582726371004057,-0.5972224889537641,-0.01543754271720843,0.5817849462365565
2011-08-01,78.522,152.8147004552826,72.71,16.25283536409745,19.598629032258064,74.2927004552826,-3.3457936681606135,-0.2750040978601618,-0.701155542782971,-0.05934308849084147,0.6442479838709652
2011-09-01,132.001,196.8683043227293,65.66799999999999,16.18097624854937,19.3046,64.8673043227293,-3.12362375145063,4.505024164964645,-0.46399076133173356,0.032302825234136634,0.51736
2011-10-01,332.02,343.92130122438914,240.41064516129032,15.50137894741323,18.47003225806452,11.901301224389158,-2.968653310651291,-16.55099307642644,-0.70485802428504,-0.46237415331729537,0.24248387096774593
2011-11-01,,,,15.719511069833402,,,,,,-0.15934895323794862,
2011-12-01,,,,15.743643122559092,,,,,,-0.17256321805104236,
2012-01-01,198.444,269.39528958530553,217.76129032258063,15.632106657381089,19.10191935483871,70.95128958530555,-3.4698126974576216,29.454718679932306,-0.6993682563194481,-0.3763631692745282,0.2984213709677448
2012-02-01,99.012,148.40791866436433,141.32413793103447,15.522626670863588,18.98422413793104,49.39591866436433,-3.4615974670674525,13.10614632981531,-0.6855789017390213,-0.677427788037047,0.010795982142862925
2012-03-01,174.372,220.70872156901265,131.2741935483871,16.093552453112864,19.235225806451613,46.33672156901264,-3.1416733533387493,8.583808580041868,-0.4496458676281838,-0.20150215673245242,0.23817387883556407
2012-04-01,315.418,310.3110940839323,213.2866666666667,15.83940351600279,18.687283333333333,-5.106905916067717,-2.8478798173305435,-36.2144586241819,-0.4677787632371251,-0.5207151406449206,-0.0589529166666658
2012-05-01,179.4,215.31508287370383,170.86451612903227,16.33849642277812,19.31898387096774,35.915082873703824,-2.9804874481896206,-19.422951815685316,-0.5691283623467163,-0.06827286337122729,0.5045822187254139
2012-06-01,92.124,124.61853096988592,80.17,16.29352351458408,19.0729,32.49453096988593,-2.77937648541592,-24.806577536747888,-0.5286893625003075,-0.019128080291530125,0.502970325203254
2012-07-01,75.306,104.50348049652784,61.13709677419355,16.491338001861095,19.54612903225806,29.197480496527845,-3.0547910303969665,-44.87823141698358,-0.23349354383208887,0.30369462821091986,0.5371881720430096
2012-08-01,82.908,152.97322344909506,52.16129032258065,16.31326602886901,19.25714516129032,70.06522344909506,-2.943879132421312,-4.502481104047703,-0.2992410070436695,0.0010875762807174283,0.3027641129032226
2012-09-01,75.858,113.63466156751988,34.733,16.449870881530728,19.43385,37.77666156751988,-2.9839791184692714,-22.58561859024477,-0.324346128350375,0.30119745821549415,0.646609999999999
2012-10-01,280.027,279.61798822723404,78.57322580645162,15.87760358498025,18.63758064516129,-0.40901177276595035,-2.75997706018104,-28.86130607358155,-0.4961817738147887,-0.08614951575027519,0.4100322580645148
2012-11-01,209.334,220.62243023820585,88.42333333333333,16.061815827721375,18.752133333333333,11.288430238205848,-2.690317505611958,-5.2981973262283475,-0.3607077239280332,0.1829558046500246,0.5339837606837605
2012-12-01,150.625,193.1439295755704,137.57096774193548,15.925680359716694,19.04893548387097,42.51892957557041,-3.1232551241542765,7.649313158072594,-0.39463573142534125,0.009474019106558984,0.3755521091811431
2013-01-01,50.501,78.72713906141773,59.784838709677416,16.935903395022933,19.83925806451613,28.226139061417733,-2.903354669493197,-13.270431843955507,-0.13291022835502364,0.9274335683673165,1.035760080645165
2013-02-01,198.413,222.5869870069625,99.3875,16.12273247588388,19.01594642857143,24.173987006962477,-2.8932139526875496,-12.115785327586543,-0.11719538735911827,-0.07732198301675552,0.042518272783251376
2013-03-01,221.262,216.32862000312,95.91451612903224,16.572736181448818,19.577870967741934,-4.9333799968800065,-3.005134786293116,-42.68629298585078,-0.31310730058255043,0.2776815716035017,0.5808190401258848
2013-04-01,195.618,227.62990425407952,91.98166666666664,16.58027712491497,19.28975,32.011904254079525,-2.70947287508503,0.9043515459653406,-0.32937182099161166,0.22015846826726104,0.5435137500000025
2013-05-01,251.428,292.9157737425339,155.5677419354839,16.242148822455533,18.92646774193549,41.487773742533875,-2.6843189194799564,-13.850260946855265,-0.272959833637052,-0.1646204636938151,0.11206608969316179
2013-06-01,92.412,129.81320833776545,89.46833333333333,16.423277205041074,19.16306666666667,37.40120833776544,-2.7397894616255947,-19.899900168868378,-0.4891023387099822,0.11062561016546368,0.5931369918699225
2013-07-01,56.07,108.955637542612,56.898387096774194,16.24386351475823,19.44491935483871,52.885637542611995,-3.2010558400804783,-21.19007437089943,-0.3797583535156006,0.05622014110805651,0.435978494623658
2013-08-01,112.787,151.49341340480927,49.75645161290323,16.213418472328385,19.28804838709677,38.70641340480927,-3.0746299147683835,-35.86129114833349,-0.429991789390741,-0.0987599802599064,0.33366733870967025
2013-09-01,138.051,171.32309222858174,43.71,16.289787898431655,19.2117,33.272092228581755,-2.9219121015683456,-27.090187929182896,-0.26227911144944915,0.14111447511642083,0.42445999999999984
2013-10-01,240.899,233.46977821918983,65.0516129032258,15.986522303198852,18.55393548387097,-7.429221780810167,-2.5674131806721174,-35.88151608162576,-0.3036178943058663,0.02276920246832681,0.3263870967741944
2013-11-01,282.707,255.07109057199523,164.10666666666663,15.755635175861585,18.53265,-27.635909428004766,-2.7770148241384156,-44.22253699243896,-0.44740504245449086,-0.1232248472097659,0.3145004273504277
2013-12-01,233.396,234.211758999193,249.1129032258065,16.017592030698324,19.08224193548387,0.8157589991930081,-3.064649904785547,-34.05385741830481,-0.33603051205661183,0.10138569008818976,0.4088585607940445
2014-01-01,118.009,139.25614685494585,114.92903225806452,16.113017252902807,19.298129032258064,21.247146854945854,-3.185111779355257,-20.249424050427386,-0.41466733821708335,0.1045474262471906,0.4946310483870988
2014-02-01,173.211,194.048899694452,93.84107142857144,16.084634704464804,19.152982142857145,20.837899694451977,-3.0683474383923404,-15.451872640097044,-0.2923288730639091,-0.11541975443583041,0.1795539870689673
2014-03-01,218.124,247.28270393334108,181.3467741935484,16.389484159318556,19.419048387096773,29.158703933341087,-3.0295642277782164,-8.594209055629683,-0.33753674206765094,0.09442954947324012,0.42199645948072373
2014-04-01,204.463,270.8812816320295,98.565,16.738090513764405,19.332833333333333,66.41828163202953,-2.5947428195689284,35.31072892391535,-0.21464176547550995,0.37797185711669457,0.5865970833333343
2014-05-01,246.965,219.28246426482792,163.51612903225808,16.313774017292303,19.0258064516129,-27.68253573517208,-2.712032434320598,-83.02057042456121,-0.30067334847769356,-0.09299526885704523,0.21140479937057322
2014-06-01,77.191,148.97767874736334,80.83500000000001,16.831910926419255,19.47178333333333,71.78667874736334,-2.639872406914076,14.485570240729523,-0.38918528399846375,0.519259331543644,0.9018536585365844
2014-07-01,30.969,87.99868058677545,58.99516129032258,16.95934868836656,20.23922580645161,57.02968058677545,-3.27987711808505,-17.046031326735978,-0.45857963152017245,0.7717053147163853,1.2302849462365586
2014-08-01,53.333,103.66931529950088,36.190000000000005,16.50044281926091,19.373887096774197,50.33631529950088,-2.8734442775132862,-24.23138925364188,-0.2288061521356437,0.1882643666726196,0.41950604838709893
2014-09-01,137.27,185.0916009783557,41.21033333333333,16.33279203538848,19.332966666666668,47.82160097835569,-3.0001746312781883,-12.540679179408961,-0.34054164115929186,0.1841186120732452,0.5457266666666669
2014-10-01,262.573,264.28621909170806,84.26612903225806,16.148876301767643,18.78866129032258,1.7132190917080834,-2.6397849885549363,-26.739075209107515,-0.3759897021886851,0.18512320103711843,0.5611129032258049
2014-11-01,202.735,222.69672109608305,137.725,16.077011690275185,18.9138,19.96172109608304,-2.836788309724813,3.3750935316488437,-0.5071785280408885,0.1981516672038346,0.6956504273504258
2014-12-01,149.433,217.1208880900581,128.5016129032258,16.251904434900894,19.343693548387098,67.6878880900581,-3.091789113486204,32.81827167256028,-0.3631697207572686,0.33569809429075903,0.6703101736972705
2015-01-01,115.266,143.29347212276582,59.791935483870965,16.343333554061985,19.38808064516129,28.027472122765815,-3.0447470910993033,-13.469098782607425,-0.27430264996112985,0.3348637274063684,0.5845826612903231
2015-02-01,122.874,140.81376867742577,59.4125,16.404656034008212,19.59314285714285,17.939768677425775,-3.188486823134639,-18.350003657123246,-0.41246825780620755,0.20460157510757782,0.619714701354674
2015-03-01,359.334,242.70754856783648,64.45,16.506190568270767,19.698451612903227,-116.62645143216352,-3.1922610446324597,-154.37936442113428,-0.5002335589218943,0.21113595842545152,0.7013996852871784
2015-04-01,191.673,212.51046444791865,92.77,16.539991591889304,19.37448333333333,20.83746444791865,-2.834491741444026,-10.270088260195536,-0.4543906873506076,0.17987293524159398,0.6282470833333313
2015-05-01,122.873,119.06426220071582,54.16451612903226,16.643623446206902,19.50958064516129,-3.808737799284188,-2.865957198954387,-59.14677248867333,-0.4545981131114827,0.236854160057554,0.6951789929189616
2015-06-01,36.465,73.03811814429794,34.732,17.015777191926304,19.679616666666668,36.573118144297936,-2.6638394747403638,-20.72799036233588,-0.4131523518247513,0.7031255970506933,1.1096869918699213
2015-07-01,72.995,96.6200246299494,29.54741935483871,16.74101431907775,19.927016129032257,23.625024629949394,-3.186001809954508,-50.45068728356203,-0.3647043233896303,0.5533709454275737,0.9180752688172049
2015-08-01,65.738,95.98429585826676,23.96935483870968,17.111296138773866,20.163951612903222,30.246295858266762,-3.052655474129356,-44.321408694876,-0.40801734875171336,0.7991176861855749,1.2095705645161239
2015-09-01,,,,17.329183991633215,,,,,,1.180510568317981,
2015-10-01,239.947,223.06983288970787,37.086129032258064,16.71448617990086,19.171322580645164,-16.877167110292135,-2.4568364007443044,-45.32946141110773,-0.19304111437805327,0.7507330791703346,0.9437741935483892
2015-11-01,239.668,184.91283571954537,62.43833333333334,16.460114725878555,19.09828333333333,-54.755164280454636,-2.6381686074547765,-71.34179184488883,-0.3085588257708518,0.5812547028072039,0.8801337606837585
2015-12-01,170.655,60.82799282844521,29.698709677419355,17.282889292303935,20.054016129032256,-109.82700717155478,-2.771126836728321,-144.6966235890526,-0.042507443999385774,1.3666829516938002,1.3806327543424288
2016-01-01,73.963,82.30406221670457,28.76429032258065,17.17918356766927,20.12933870967742,8.341062216704572,-2.9501551420081498,-33.15550868866867,-0.17971070086997631,1.1707137410136532,1.3258407258064544
2016-02-01,136.87699999999998,99.51833662639484,25.744,17.59228757923063,20.633586206896556,-37.35866337360514,-3.0412986276659275,-73.64843570815415,-0.26528006233749624,1.392233120329994,1.6601580511083789
2016-03-01,173.209,174.98996751998982,39.09290322580645,17.465943557635114,20.400951612903224,1.7809675199898152,-2.93500805526811,-35.971945468980955,-0.24298056955754443,1.1708889477897984,1.4038996852871755
2016-04-01,277.097,289.3070332717828,60.25946666666667,17.191079187305377,19.74215,12.210033271782834,-2.551070812694622,-18.89751943633135,-0.17096975860120356,0.8309605306576664,0.9959137499999997
2016-05-01,201.265,226.70866329612383,87.72587096774194,17.188425120217914,19.81691935483871,25.443663296123844,-2.6284942346207956,-29.894371393265295,-0.2171351487778912,0.781655834068566,1.002517702596382
2016-06-01,69.129,100.06130566232382,51.0442,16.691100159666917,19.32748333333333,30.932305662323813,-2.636383173666413,-26.368802844310004,-0.3856960507508007,0.37844856479130584,0.7575536585365832
2016-07-01,90.042,150.96328705449477,39.16296774193548,16.385384234270646,19.488629032258064,60.92128705449477,-3.1032447979874185,-13.154424859016657,-0.2819473114225408,0.19774086062047047,0.4796881720430122
2016-08-01,66.461,87.04793031035328,27.54174193548387,16.79134829716753,19.597403225806453,20.58693031035328,-2.806054928638922,-53.98077424278948,-0.16141680326127927,0.47916984457923917,0.6430221774193541
2016-09-01,149.69199999999998,189.8383717276417,33.002766666666666,16.294225183351784,19.204666666666665,40.14637172764171,-2.91044148331488,-20.215908430122944,-0.25080849319598375,0.14555176003655035,0.41742666666666395
2016-10-01,275.01,259.0632078722211,65.4863870967742,16.338093069330853,18.99538709677419,-15.946792127778906,-2.6572940274433385,-44.3990864285945,-0.3934987410770874,0.3743399686003279,0.7678387096774166
2016-11-01,345.396,269.3130733802609,120.72043333333332,16.450616679420364,18.90575,-76.08292661973911,-2.4551333205796375,-92.66955418417331,-0.12552353889571277,0.5717566563490131,0.6876004273504286
2016-12-01,261.109,267.23951245011165,124.10351612903226,16.07119290420593,18.98264516129032,6.130512450111667,-2.9114522570843917,-28.73910396738615,-0.18283286435545643,0.154986563595795,0.3092617866004943
2017-01-01,176.378,179.4487463190705,161.06845161290323,16.134869384565093,19.1063064516129,3.0707463190705084,-2.971437067047809,-38.42582458630273,-0.20099262590963551,0.1263995579094761,0.3028084677419365
2017-02-01,87.491,124.41524617361569,72.00782142857143,16.36791714734909,19.57396428571429,36.924246173615686,-3.2060471383652,0.6344738390666649,-0.4300285730367688,0.1678626884484551,0.6005361299261125
2017-03-01,316.73,322.6478787273265,149.33938709677415,16.12160924296836,19.03467741935484,5.9178787273264675,-2.913068176386478,-31.835034261644303,-0.22104069067591237,-0.17344536687695467,0.03762549173879037
2017-04-01,242.938,258.5642648013233,152.25126666666665,16.807847399287596,19.564166666666665,15.626264801323316,-2.7563192673790695,-15.481287906790868,-0.3762182132856511,0.44772874263988527,0.8179304166666661
2017-05-01,296.356,327.3847198031852,292.92270967741933,16.763824657137604,19.48775806451613,31.028719803185197,-2.7239334073785244,-24.309314886203943,-0.31257432153562004,0.357055370988256,0.6733564122738009
2017-06-01,184.656,210.72456742415665,120.25976666666666,16.551888961370423,19.286483333333333,26.06856742415664,-2.7345943719629098,-31.232541082477177,-0.4839072490472973,0.23923736649481242,0.7165536585365864
2017-07-01,47.836,108.36115979341528,57.24148387096775,16.73571023114573,20.23556451612903,60.525159793415284,-3.4998542849833,-13.550552120096143,-0.6785567984184224,0.5480668574955558,1.2266236559139791
2017-08-01,150.629,212.1691997464912,47.96983870967742,16.53676837444226,19.624096774193543,61.5401997464912,-3.087328399751282,-13.027504806651564,-0.4426902743736396,0.2245899218539691,0.6697157258064443
2017-09-01,159.416,165.9852093625997,40.39043333333333,16.670502462646652,19.682366666666667,6.5692093625997074,-3.0118642040200143,-53.793070795164944,-0.3522312139011179,0.5218290393314184,0.8951266666666662
2017-10-01,270.849,255.8017459840397,66.8808064516129,16.498344351129333,18.674032258064518,-15.047254015960277,-2.1756879069351847,-43.49954831677587,0.0881073794310665,0.5345912503988082,0.446483870967743
2017-11-01,318.547,326.3064447953998,231.24266666666665,16.289558859159342,18.882066666666667,7.759444795399759,-2.5925078075073245,-8.827182769034437,-0.2628980258233997,0.41069883608799174,0.6639170940170942
2017-12-01,151.687,201.89231003220908,172.57754838709675,16.29912019130279,19.18793548387097,50.20531003220907,-2.8888152925681787,15.335693614711253,-0.16019589983924343,0.38291385069265615,0.5145521091811425
2018-01-01,178.525,197.5927380423731,148.03483870967742,15.85703144733219,18.82040322580645,19.067738042373094,-2.9633717784742615,-22.428832863000146,-0.19292733733608802,-0.15143837932342663,0.01690524193548626
2018-02-01,147.494,195.7568005466348,125.83046428571429,16.399616334440054,19.531982142857142,48.26280054663479,-3.132365808417088,11.973028212085772,-0.35634724308865673,0.19956187553941973,0.5585539870689651
2018-03-01,162.53,203.843374190654,85.00948387096774,16.683254009876578,19.69090322580645,41.313374190654,-3.0076492159298738,3.560461201683232,-0.3156217302193083,0.38819940003126163,0.6938512981904026
2018-04-01,284.836,263.5730017671247,209.58976666666663,16.15793162993981,18.8462,-21.262998232875304,-2.6882683700601895,-52.37055094098949,-0.30816731596677105,-0.20218702670790023,0.09996375000000057
2018-05-01,242.129,300.63681194007467,177.21432258064516,16.33294462064333,19.042193548387097,58.507811940074674,-2.709248927743765,3.1697772506855344,-0.29788984190086065,-0.07382466550601663,0.2277918961447689
2018-06-01,111.889,178.8731911426461,93.12166666666668,16.578985815105852,19.35228333333333,66.98419114264611,-2.7732975182274764,9.683082636012294,-0.5226103953118639,0.26633422023024167,0.7823536585365822
2018-07-01,75.458,138.369896398319,47.92490322580645,16.521146833577234,19.885209677419358,62.911896398319016,-3.364062843842124,-11.163815515192411,-0.5427653572772462,0.33350345992705854,0.8762688172043056
2018-08-01,82.735,127.66529325470476,34.905419354838706,16.733377946708515,19.586548387096773,44.930293254704765,-2.853170440388258,-29.637411298437996,-0.2085323150106153,0.4211994941202235,0.6321673387096745
2018-09-01,168.469,213.32362797191536,50.52653333333333,16.64788472442791,19.638166666666667,44.85462797191536,-2.990281942238756,-15.507652185849288,-0.33064895211985945,0.49921130111267686,0.8509266666666662
2018-10-01,242.192,261.8741624910117,121.32032258064515,16.532518695861256,19.16583870967742,19.682162491011695,-2.6333200138161637,-8.770131809803903,-0.3695247274499125,0.5687655951307313,0.9382903225806452
2018-11-01,362.473,289.0293655724893,202.68733333333333,16.442757783576724,19.024516666666667,-73.44363442751069,-2.581758883089943,-90.03026199194488,-0.2521491014060184,0.5638977605053732,0.8063670940170944
2018-12-01,105.75,120.71552459852084,204.411935483871,16.434391570277114,19.45779032258065,14.965524598520844,-3.0233987523035353,-19.904091818976973,-0.2947793595746,0.5181852296669796,0.7844069478908224
2019-01-01,79.125,101.97142801933876,54.24029032258065,17.02359348294442,20.033290322580648,22.84642801933876,-3.009696839636227,-18.65014288603448,-0.2392523984980537,1.0151236562888037,1.2297923387096823
2019-02-01,168.416,182.2836865546149,55.00582142857143,16.909304172282816,20.038160714285716,13.867686554614892,-3.1288565420029,-22.42208577993413,-0.3528379766744689,0.7092497133821816,1.0647325584975391
2019-03-01,242.642,255.94588640615308,94.76990322580646,16.938388777640057,19.839870967741938,13.303886406153083,-2.9014821901018806,-24.449026582817687,-0.20945470439131508,0.6433341677947411,0.8428190401258888
2019-04-01,307.061,289.8131385236861,186.14856666666668,16.90512274065844,19.51533333333333,-17.247861476313858,-2.610210592674889,-48.35541418442804,-0.23010953858147065,0.5450040840107313,0.7690970833333317
2019-05-01,263.148,302.4610084507526,132.8004193548387,16.931893815291062,19.56883870967742,39.31300845075259,-2.6369448943863567,-16.02502623863655,-0.22558580854345234,0.5251245291417135,0.7544370574350907
2019-06-01,108.964,141.10434946589467,127.05306666666668,17.087450657177158,19.699616666666667,32.14034946589467,-2.61216600948951,-25.160759040739144,-0.3614788865738974,0.7747990623015468,1.1296869918699208
2019-07-01,72.401,127.08329161855856,49.96338709677419,16.742466526087867,19.961387096774192,54.682291618558565,-3.2189205706863255,-19.39342029495286,-0.39762308412144787,0.5548231524376916,0.9524462365591404
2019-08-01,40.559,89.28360337076545,21.03651612903226,17.278850170310648,20.280645161290323,48.72460337076545,-3.0017949909796755,-25.84310118237731,-0.35715686560203297,0.966671717722356,1.3262641129032247
2019-09-01,141.576,194.56756111886304,20.328466666666667,17.164591371908898,20.02825,52.991561118863046,-2.863658628091102,-7.370719038901605,-0.2040256379722054,1.015917948593664,1.2410099999999993
2019-10-01,274.846,277.1679005804297,54.01241935483871,16.23565736741716,18.56601612903226,2.3219005804297126,-2.3303587616150985,-26.130393720385886,-0.06656347524884731,0.2719042666866365,0.3384677419354851
2019-11-01,274.534,248.7623226352908,133.49460000000002,16.507846818862333,19.12141666666667,-25.771677364709205,-2.613569847804335,-42.3583049291434,-0.28396006612041047,0.6289867957909827,0.9032670940170959
2019-12-01,161.092,175.2119518647316,102.59725806451613,16.557143691467218,19.439451612903227,14.119951864731576,-2.8823079214360092,-20.74966455276624,-0.15368852870707395,0.640937350857083,0.7660682382133999
2020-01-01,97.364,113.03592319491152,80.76616129032259,17.05298283082101,20.064790322580645,15.671923194911514,-3.0118074917596367,-25.824647710461726,-0.24136305062146324,1.0445130041653918,1.26129233870968
2020-02-01,99.044,168.1825526485222,48.78706896551724,17.321652522689362,20.45786206896552,69.13855264852221,-3.1362095462761594,32.84878031397319,-0.36019098094772817,1.1215980637887277,1.4844339131773445
2020-03-01,98.662,182.5520589830612,44.3806129032258,17.039286476232405,20.17391935483871,83.89005898306118,-3.134632878606304,46.13714599409041,-0.4426053928957385,0.7442318663870893,1.1768674272226605
2020-04-01,207.071,207.58405925535249,61.20816666666667,16.631805160830822,19.6122,0.5130592553524878,-2.980394839169179,-30.594493452761697,-0.6002937850757606,0.271686504183112,0.8659637500000024
2020-05-01,137.337,206.0954624540873,43.50574193548387,16.89063598624557,19.843112903225805,68.75846245408732,-2.9524769169802347,13.420427764698182,-0.5411178311373304,0.4838667000962218,1.028711250983477
2020-06-01,134.802,184.2091615216732,50.9558,16.432055354584975,19.208216666666665,49.4071615216732,-2.7761613120816904,-7.893946984960614,-0.5254741891660779,0.11940375970936401,0.6382869918699186
2020-07-01,135.582,223.5221817513619,48.322806451612905,16.108215075496332,19.602016129032258,87.9401817513619,-3.4938010535359254,13.864469837850478,-0.6725035669710477,-0.079428298153843,0.5930752688172056
2020-08-01,196.955,204.78578033867976,59.69793548387096,16.417374494807405,19.55603225806452,7.8307803386797445,-3.1386577632571147,-66.73692421446302,-0.4940196378794721,0.10519604221911294,0.6016512096774207
2020-09-01,71.10600000000001,181.8967167749864,68.44546666666666,16.18136118337935,19.00595,110.7907167749864,-2.824588816620647,50.42843661722174,-0.16495582650175056,0.032687760064117555,0.21870999999999796
2020-10-01,182.919,162.30402984761187,42.00803225806452,16.26765284870396,18.90020967741936,-20.61497015238814,-2.6325568287154013,-49.067264453203734,-0.36876154234915015,0.30389974797343555,0.672661290322587
2020-11-01,260.048,196.539157858102,131.0942,16.046857608626453,18.642166666666665,-63.508842141898015,-2.595309058040211,-80.09546970633221,-0.26569927635628643,0.1679975855551028,0.424017094017092
2020-12-01,184.155,217.0394834898127,126.1132258064516,15.809822631879284,19.041596774193547,32.88448348981271,-3.231774142314263,-1.9851329276851075,-0.5031547495853279,-0.10638370873085101,0.3682133995037198
2021-01-01,85.473,136.76890962765614,101.43512903225806,16.05273799727388,19.30633870967742,51.295909627656144,-3.2536007124035393,9.799338722282904,-0.48315627126536587,0.04426817061826327,0.502840725806454
2021-02-01,153.589,212.12675605571016,125.97932142857142,16.60630550300948,19.41867857142857,58.53775605571016,-2.812373068419088,22.24798372116114,-0.03635450309065691,0.4062510441088456,0.44525041564039114
2021-03-01,190.05,309.61570644627426,275.01987096774195,15.904796685766769,18.51935483870968,119.56570644627425,-2.6145581529429123,81.81279345730348,0.07746933276765322,-0.3902579240785471,-0.47769708890636764
2021-04-01,253.524,255.25586290387085,116.61963333333333,16.271962796834487,18.8404,1.731862903870848,-2.5684372031655123,-29.375689804243336,-0.18833614907209384,-0.08815585981322371,0.09416374999999988
2021-05-01,171.625,258.06740830671777,151.809935483871,16.567102984374856,19.37566129032258,86.44240830671777,-2.8085583059477237,31.104373617328626,-0.39719922010481934,0.16033369822550725,0.5612596380802515
2021-06-01,,,,16.042422357649116,,,,,,-0.27022923722649494,
2021-07-01,68.515,155.47895380171826,58.91083870967742,16.382930861424995,19.59317741935484,86.96395380171826,-3.210246557929846,12.888241888206835,-0.38894907136496837,0.19528748777482008,0.5842365591397893
2021-08-01,142.65099999999998,258.0626405165588,79.12309677419354,16.096973666232486,18.92101612903226,115.41164051655883,-2.824042462799774,40.84393596341607,-0.17940433742213147,-0.2152047863558053,-0.03336491935483821
2021-09-01,96.973,177.14226238992424,74.15386666666667,16.12078716592697,19.062933333333334,80.16926238992424,-2.9421461674063636,19.80698223215959,-0.28251317728746717,-0.027886257388264113,0.2756933333333329
2021-10-01,258.267,317.0173415994209,122.4173870967742,16.118820169588673,18.777306451612905,58.75034159942089,-2.6584862820242314,30.298047298605294,-0.39469099565798027,0.15506706885814836,0.54975806451613
2021-11-01,236.704,280.6567326799453,269.6451,15.77419341827516,18.49935,43.95273267994531,-2.725156581724839,27.366105115511118,-0.39554680004091436,-0.10466660479618994,0.28120042735042716
2021-12-01,159.917,162.71788321014262,146.87048387096772,16.055660369471127,19.252064516129032,2.800883210142615,-3.1964041466579047,-32.0687332073552,-0.46778475392896945,0.13945402886099245,0.5786811414392048
2022-01-01,114.026,155.88648145861774,115.22283870967742,15.786572949113577,18.84914516129032,41.86048145861774,-3.062572212176743,0.3639105532445015,-0.2921277710385697,-0.22189687754204002,0.045647177419354534
2022-02-01,296.421,310.13920546122523,124.17585714285714,15.809896612787895,18.95925,13.718205461225239,-3.1493533872121056,-22.571566873323782,-0.3733348218836743,-0.3901578461127393,-0.014178155788176383
2022-03-01,,,,15.88629149537843,,,,,,-0.4087631144668862,
2022-04-01,287.539,304.3678743350199,249.1409,16.193452966147277,18.95038333333333,16.82887433501992,-2.7569303671860546,-14.278678373094266,-0.3768293130926361,-0.16666569050043378,0.2041470833333321
2022-05-01,184.506,278.53509627431254,148.98570967741935,16.303955645963867,19.19222580645161,94.02909627431254,-2.8882701604877425,38.691061584923396,-0.4769110746448382,-0.10281364018548089,0.37782415420928217
2022-06-01,190.402,291.95622554846176,193.6485333333333,15.556215855457651,18.11638333333333,101.55422554846177,-2.56016747787568,44.253117041827956,-0.30948035496006776,-0.7564357394179595,-0.4535463414634151
2022-07-01,123.6,216.5871680073897,115.69006451612904,16.061645402639556,19.285693548387098,92.9871680073897,-3.224048145747542,18.91145609387827,-0.4027506591826642,-0.12599797101061938,0.2767526881720457
2022-08-01,93.918,182.14194373803505,98.01458064516127,16.063167329601583,19.070967741935487,88.22394373803505,-3.0078004123339035,13.656239184892286,-0.36316228695626096,-0.24901112298670824,0.11658669354838835
2022-09-01,137.258,166.2558822654814,73.93113333333332,15.931440341067912,18.839566666666663,28.997882265481394,-2.908126325598751,-31.364397892283257,-0.24849333547985442,-0.21723308224732207,0.05232666666666219
2022-10-01,407.574,358.75252544144075,204.2754838709677,15.941391547671913,18.496951612903224,-48.82147455855926,-2.5555600652313117,-77.27376885937485,-0.2917647788650606,-0.022361553058612316,0.2694032258064496
2022-11-01,304.949,324.1668658548861,296.5022,15.74376049965514,18.427016666666667,19.2178658548861,-2.6832561670115265,2.631238290451904,-0.35364638532760173,-0.13509952341621023,0.20886709401709425
2022-12-01,208.123,225.5675085873223,189.91367741935483,15.380371072156947,18.708064516129035,17.444508587322304,-3.3276934439720876,-17.425107830175513,-0.5990740512431523,-0.5358352684531873,0.03468114143920786
